-- phpMyAdmin SQL Dump
-- version 5.0.2
-- https://www.phpmyadmin.net/
--
-- Servidor: 127.0.0.1
-- Tiempo de generación: 13-09-2022 a las 21:24:57
-- Versión del servidor: 10.4.11-MariaDB
-- Versión de PHP: 7.4.5

SET SQL_MODE = "NO_AUTO_VALUE_ON_ZERO";
START TRANSACTION;
SET time_zone = "+00:00";


/*!40101 SET @OLD_CHARACTER_SET_CLIENT=@@CHARACTER_SET_CLIENT */;
/*!40101 SET @OLD_CHARACTER_SET_RESULTS=@@CHARACTER_SET_RESULTS */;
/*!40101 SET @OLD_COLLATION_CONNECTION=@@COLLATION_CONNECTION */;
/*!40101 SET NAMES utf8mb4 */;

--
-- Base de datos: `admincre_db_ci_cobranza2`
--

-- --------------------------------------------------------

--
-- Estructura de tabla para la tabla `coins`
--

CREATE TABLE `coins` (
  `id` int(11) NOT NULL,
  `name` varchar(20) COLLATE utf8_spanish2_ci NOT NULL,
  `short_name` varchar(10) COLLATE utf8_spanish2_ci NOT NULL,
  `symbol` varchar(11) COLLATE utf8_spanish2_ci NOT NULL,
  `description` varchar(70) COLLATE utf8_spanish2_ci DEFAULT NULL
) ENGINE=InnoDB DEFAULT CHARSET=utf8 COLLATE=utf8_spanish2_ci;

--
-- Volcado de datos para la tabla `coins`
--

INSERT INTO `coins` (`id`, `name`, `short_name`, `symbol`, `description`) VALUES
(1, 'Bolivianos', 'Bs', 'BO', 'Moneda nacional'),
(2, 'Dolar', 'USD', '$us', 'Dolar americano');

-- --------------------------------------------------------

--
-- Estructura de tabla para la tabla `customers`
--

CREATE TABLE `customers` (
  `id` int(11) NOT NULL,
  `dni` varchar(20) COLLATE utf8_spanish2_ci NOT NULL COMMENT 'ci',
  `first_name` varchar(150) COLLATE utf8_spanish2_ci NOT NULL,
  `last_name` varchar(150) COLLATE utf8_spanish2_ci NOT NULL,
  `gender` enum('masculino','femenino','','') COLLATE utf8_spanish2_ci DEFAULT NULL,
  `address` varchar(160) COLLATE utf8_spanish2_ci DEFAULT NULL,
  `mobile` varchar(32) COLLATE utf8_spanish2_ci DEFAULT NULL,
  `phone` varchar(20) COLLATE utf8_spanish2_ci DEFAULT NULL,
  `business_name` varchar(100) COLLATE utf8_spanish2_ci DEFAULT NULL,
  `ruc` varchar(20) COLLATE utf8_spanish2_ci DEFAULT NULL COMMENT 'nit',
  `company` varchar(150) COLLATE utf8_spanish2_ci DEFAULT NULL,
  `loan_status` int(11) NOT NULL DEFAULT 0,
  `user_id` int(11) DEFAULT NULL COMMENT 'adviser_id'
) ENGINE=InnoDB DEFAULT CHARSET=utf8 COLLATE=utf8_spanish2_ci;

--
-- Volcado de datos para la tabla `customers`
--

INSERT INTO `customers` (`id`, `dni`, `first_name`, `last_name`, `gender`, `address`, `mobile`, `phone`, `business_name`, `ruc`, `company`, `loan_status`, `user_id`) VALUES
(1, '5817517', 'MARIA FATIMA', 'DIAZ YURQUINA', 'femenino', 'BARRIO MENDEZ ARCOS', '74408809', '76185843', '', '', '', 0, 3),
(2, '7259959', 'ALVARO GONZALO', 'ROMERO ROMERO', 'masculino', 'B/ 15 DE NOVIEMBRE', '75144905', '', '', '', '', 1, 2),
(3, '10709331', 'MARIA JULIA', 'JURADO RODRIGUEZ', 'femenino', 'BARRIO 27 DE MAYO ', '68688249', '', '', '', '', 1, 3),
(4, '5044555', 'EDULIO', 'CARI APARICIO', 'masculino', 'b/luis de fuentes', '77873321', '', 'propio', '5044555', 'taxi', 0, 4),
(5, '5039377', 'BARBARITA CRISTINA', 'ZENTENO MARISCAL', 'femenino', 'B/ SAN MARCOS C/ COLON N-173O', '72962288', '', '', '', '', 1, 2),
(6, '1052847', 'MARIA LOURDES', 'VACA RAMOS DE VELASCO', 'femenino', 'AV. SAMA', '72980734', '', '', '', '', 1, 3),
(7, '5506680', 'CARLA CAROLA', 'RODRIGUEZ SOTOMAYOR', '', 'B/ ALTO SENAC ', '71820406', '', '', '', '', 1, 2),
(9, '5815577', 'HILDA GABRIELA', 'ORTEGA MARTINEZ', 'femenino', 'B/6 DE AGOSTO', '75129912', '', '', '', 'GARANTE', 1, 5),
(10, '5008664', 'MARIA', 'LLAMPA VIDAURRE', 'femenino', 'ZONA LA TERMINAL', '60257038', '', '', '', '', 1, 3),
(11, '10718791', 'CAROL XIMENA', 'APARICIO GUTIERREZ', 'femenino', 'B/ AEROPUERTO C/ FUERZA AEREA', '68717712', '', '', '', '', 1, 2),
(12, '7109398', 'CRISTHIAN HAROLD', 'ROCHA MENDEZ', 'masculino', 'B/ MORROS BLANCOS ', '74533209', '', '', '', '', 1, 2),
(15, '5796238', 'MARLENE', 'ROMAN BOLIVAR', 'femenino', 'BA/26 DE AGOSTO ', '', '', '', '', '', 1, 1),
(16, '7190526', 'MARCO ANTONIO', 'COLODRO', 'masculino', 'BA/NACIONAL CARAPARI ', '', '', '', '', '', 1, 1),
(17, '10625967', 'HUGO ALBARO', 'CONDORI COLQUE', 'masculino', 'B/ ALTO SENAC C/ EL CHAÑAR', '76183152', '', '', '', 'GARANTE', 0, 5),
(18, '7197800', 'CESAR ALEX', 'QUISPE LLANQUE', 'masculino', 'B/ 12 DE OCTUBRE C/ ANDALUCIA ', '65811181', '', '', '', '', 1, 2),
(19, '7211060', 'CELESTE NARELLA', 'ROCHA ALARCON', 'femenino', 'BA/ PARADA EL NORTE ', '7211060', '', '', '', 'GARANTE', 1, 5),
(20, '1886834', 'MARIO', 'SOSSA VASQUEZ', 'masculino', 'BARRIO TABLADITA C/LOS TAJIBOS', '60274489', '60274489', '', '', '', 1, 3),
(21, '7179193', 'EDUARDO LUIZ', 'ANTEZANA RAMOS', 'femenino', 'BA/ PARADA EL NORTE ', '78703409', '', '', '', '', 0, 5),
(22, '7105231', 'EDGAR', 'TOLAY MOLINA', 'masculino', 'SAN GERONIMO ALTO DE LA ALIANZA ', '69307019', '', '', '', '', 1, 5),
(23, '1847138', 'MARIA ZULMA', 'UGARTE VASQUEZ', 'femenino', 'BA/ SENAC ', '70229813', '6655535', '', '', '', 1, 1),
(24, '1884314', 'MIRKA', 'LARA VILCA', 'femenino', 'BARRIO LA PAMPA AV. POTOSI ', '79260489', '', '', '', '', 1, 3),
(25, '1663104', 'LUCIO', 'TOLAY', 'masculino', 'SAN GERONIMO ALTO DE LA ALIANZA ', '', '', '', '', 'GARANTE', 0, 5),
(26, '5811198', 'IVANNA SHAFID', 'VARGAS UGARTE', 'femenino', 'AV. DOMINGO PAZ ', '75138159', '', '', '', '', 1, 1),
(27, '1892800-1F', 'PABLO FLAVIO', 'ESPINDOLA SANCHEZ', 'masculino', 'BARRIO TABLADITA PJE. EL CHURQUI', '78221907', '', '', '', '', 1, 3),
(28, '1860839', 'PAOLA PATRICIA', 'CAMPERO', 'femenino', 'BARRIO MOLINO C. VIRGINIO LEMA', '', '', '', '', '', 1, 3),
(31, '7206055', 'ROBERT PABLO', 'SANCHEZ TAPIA', 'masculino', 'C. MIRAFLORES Y MEJILLONES ', '74507778', '', '', '', '', 1, 3),
(32, '5809785', 'RENE', 'COLQUECHAMBI FLORES', 'masculino', 'B. MORROS BLANCOS C. FRAY QUEBRACHO', '79255860', '', '', '', '', 1, 3),
(33, '7254095', 'ROLY ALEJANDRO', 'VELASCO VACA', 'masculino', 'B. TABLADITA AV. SAMA C. CHAPAQUITA', '73498936', '', '', '', '', 1, 3),
(34, '5055299', 'RICHARD', 'ROMERO CASTILLO', 'masculino', 'B.57 VIVIENDAS PJE N-3', '6788226', '', '', '', '', 1, 3),
(35, '4120354', 'SABINO', 'CHOQUE', 'masculino', 'B.27 DE MAYO AV. SALINAS', '63789847', '', '', '', '', 1, 3),
(36, '7148877', 'SANTOS RODOLFO', 'FERNANDEZ CHAUQUE', 'masculino', 'B. LOS CHAPACOS C. BELLAVISTA', '75147408', '', '', '', '', 1, 3),
(37, '5049517', 'SERGIO DANIEL', 'GUERRERO ARENAS', '', 'B. SAN JOSE  C. SUIPACHA ESQ. SALTA', '78239141', '', '', '', '', 1, 3),
(38, '2785290', 'EDUARDO', 'LLAMPA VIDAURRE', 'masculino', 'BA/ 12 DE OCTUBRE', '65810211', '', '', '', '', 1, 5),
(39, '1884457', 'ALBERTO', 'LLAMPA VIDAURRE', 'masculino', 'B/LOURDES ', '', '', '', '', 'GARANTE', 0, 5),
(40, '7217361', 'SILVIA LEONOR', 'AYARDE VARGAS', 'femenino', 'B. SANTA ROSA AV. GRAN CHACO', '67380388', '', '', '', '', 1, 3),
(41, '7142667', 'CRISTIAN OLIVER', 'RAMOS VELIZ', 'masculino', 'B/ AVAROA C/ CALAMA ', '76802609', '', '', '', '', 1, 2),
(42, '7106747', 'CYNTIA YOVANA', 'VELASCO VACA', 'femenino', 'B/ EL MANANTIAL AV/ SAN ANTONIO', '65833585', '', '', '', '', 1, 2),
(43, '7113724', 'YESSICA PAMELA', 'TRIGO RUIZ', 'femenino', 'B. SAN ROQUE CALLE CAMPERO N°1057', '69323587', '', '', '', '', 1, 3),
(44, '4157689', 'DALMA DAYANA', 'ORTEGA GARNICA', 'femenino', 'B/ 4 DE JULIO C/ ECUADOR ', '4157689', '', '', '', '', 1, 2),
(45, '7109217', 'WALTER LUCAS', 'PIMENTEL LAURA', 'masculino', 'B. MENDEZ ARCOS AV. LOS MOLLES', '78701876', '', '', '', '', 1, 3),
(47, '7203812', 'DAYSI', 'CUELLAR SAGREDO', 'masculino', 'B/ AEROPUERTO', '67384763', '', '', '', '', 1, 2),
(48, '7212958', 'EMELDA', 'ARMELLA SOLIZ', 'femenino', 'B/ LUIS PIZARRO C/ PASTOR BORDA ', '68680402', '', '', '', '', 1, 2),
(49, '7259089', 'MARISOL DANIELA', 'RAMOS', 'femenino', 'ZONA SAN JACINTO ', '75128680', '', '', '', '', 1, 1),
(50, '4143978', 'MARIA DEL ROSARIO', 'RIOS VALDEZ', 'femenino', 'BA/ AVAROA CALLE CALAMA ', '73495002', '', '', '', '', 1, 1),
(51, '7238521', 'MILDRED ROCIO', 'ALBORNOZ', 'femenino', 'C/ COCHABAMBA N*179', '76199969', '', '', '', '', 1, 1),
(52, '7103441', 'JUANA ESTHER', 'MICHEL CRUZ', 'femenino', 'BA/ SAN ROQUE C/ COCHABAMBA ', '78257045', '', '', '', '', 1, 1),
(53, '7143371', 'NOEMI LILA', 'LOPEZ CANEDO', 'femenino', 'BA/ LA PAMPA AV/ POTOSI ', '67991999', '', '', '', '', 1, 1),
(54, '4134360', 'ZAIDA ANAHI', 'MIRANDA RUIZ', 'femenino', 'ZONA PALMARCITO C. JOSE ELECTO', '72992767', '', '', '', '', 1, 3),
(55, '7127438', 'PAUL EMILIO', 'GARNICA MEZZA', 'masculino', 'BA/ SAN ROQUE C/ GENERAL TRIGO ', '72955787', '', '', '', '', 1, 1),
(56, '5797560', 'LIMBER RAYNARD', 'GARNICA MEZZA', 'masculino', 'BA/ ANDALUSIA C/ FINAL RUILOBA ', '', '', '', '', '', 1, 1),
(57, '10651336', 'PAOLA RAQUEL', 'PIMENTEL ROMERO', '', 'BA/ JUAN XXIII C/ GODOFREDO ARNOLD ', '77879502', '', '', '', '', 1, 1),
(58, '7229068', 'JOSE MANUEL', 'OJEDA MARTINEZ', 'masculino', 'BA/ FATIMA ', '60274386', '', '', '', '', 1, 1),
(59, '5784463', 'EVA TERESA', 'SANDOVAL', 'femenino', 'B/ ALTO SENAC ', '78225155', '', '', '', '', 1, 2),
(60, '4071301', 'WILBER ALVARO', 'GARCIA PADILLA', 'masculino', 'B/ SENAC C/ BELLA VISTA ', '78225155', '', '', '', '', 0, 2),
(61, '1893814', 'RITA MARIA', 'SANDOVAL', 'femenino', 'B/ TABLADITA', '75140184', '', '', '', '', 0, 2),
(62, '5784586', 'PAMELA JUANA', 'RIVERA FLORES', 'femenino', 'COLON NORTE ', '69325911', '', '', '', '', 1, 1),
(63, '5801346', 'MARY ISABEL', 'FRANCO ESTAYO', 'femenino', 'BA/ ARANJUEZ ', '', '', '', '', '', 1, 1),
(65, '1878631', 'WISTON WILBER', 'YUCRA PALACIOS', 'femenino', 'BA/ SAN JORGE ', '72992642', '', '', '', '', 1, 1),
(66, '5787275', 'POLONIA', 'JEREZ RUEDA', 'femenino', 'BA/ AEROPUERTO ', '71332395', '', '', '', '', 1, 1),
(67, '5675379', 'ELIANA GRACIELA', 'SARAVIA CARDOZO', 'femenino', 'B/ OSCAR ALFARO ', '68703121', '', '', '', '', 1, 2),
(68, '1787751', 'ELENA', 'CARDOZO YEBARA', 'femenino', 'B/ IV CENTENARIO', '', '', '', '', '', 0, 2),
(69, '7167619', 'ROLY ADAN', 'CARY MANPAZO', 'femenino', 'BA/SIMON BOLIVAR ', '73482828', '', '', '', '', 1, 1),
(70, '7247912', 'LISELDA MILENIA', 'ROMERO ALARCON', 'femenino', 'COM SAN DIEGO NORTE ', '72943345', '', '', '', '', 1, 1),
(71, '5684823', 'SOLEDAD DOMINGA', 'VASQUEZ FERNANDEZ', 'femenino', 'AV/ LOS CEIBOS BA SENAC ', '73484466', '', '', '', '', 1, 1),
(72, '5032867', 'JUANA ANGELICA', 'MENDIETA CARDONA', 'femenino', 'Z/ VILLA FATIMA C/ ESPAÑA ', '78244484', '', '', '', '', 1, 1),
(73, '7162716', 'SERGIO', 'ROCHA ALARCON', 'masculino', 'BA/ AVAROA C/ BALLIVIAN ', '63405477', '', '', '', '', 1, 1),
(74, '1899092', 'TATIANA', 'TRUJILLO VASQUEZ', 'femenino', 'BA/ SENAC AV/ HEROES DE LA INDEPENDENCIA ', '70211763', '', '', '', '', 1, 1),
(75, '5006333', 'GABRIELA PATRICIA', 'CASTILLO TOLABA', 'femenino', 'B/ SAN MARCOS', '78704333', '', '', '', '', 1, 2),
(76, '5021478', 'VICTOR EMERSON', 'CARTAGENA CASTRO', 'masculino', 'BA LA LOMA ', '76180448', '', '', '', '', 1, 1),
(77, '5002529', 'EVA NIEVES', 'CRUZ GUTIERREZ', 'femenino', 'C/ COCHABAMBA N|1480', '71877280', '', '', '', '', 0, 1),
(78, '5001200', 'YOLANDA', 'FLORES AYARDE', 'femenino', 'ERQUIS NORTE ', '72940770', '', '', '', '', 1, 1),
(79, '1889902', 'EULOGIO RAMIRO', 'HUMACATA', 'masculino', 'ZONA CAMPESINO ', '', '', '', '', '', 0, 1),
(80, '5801048', 'IVAN NERY', 'ICHAZU SUSTACH', 'masculino', 'B/ LA PAMPA', '75121235', '', '', '', '', 1, 2),
(81, '7141330', 'IVER MAURICIO', 'VELASCO VACA', 'masculino', 'B/ MAGISTERIO Z/ TABLADITA', '75133624', '', '', '', '', 1, 2),
(82, '10640681', 'JESUS GONZALO', 'CHOQUE JURADO', '', 'AV/ SALINAS C/ DOMETILA', '69315139', '', '', '', '', 1, 2),
(84, '14177626', 'JHONNY GABRIEL', 'ONTIVEROS RASGUIDO', 'masculino', 'B/ SAN ANTONIO C/ ISABEL LA CATOLICA', '76802609', '', '', '', '', 1, 2),
(85, '5808056', 'GIOVANNI BRAYAN', 'PEREZ IRAHOLA', 'masculino', 'B/ SAN JOSE ', '70211244', '', '', '', '', 1, 2),
(86, '10660835', 'LUIS FERNANDO', 'CISNEROS', 'masculino', 'ave. Panamericana y  Luis campero', '68767242', '', '', '', 'trabaja en la cascada', 0, 4),
(87, '9', 'AMISTAD', 'AMISTAD', 'masculino', '', '', '', '', '', '', 1, 4),
(88, '7197273', 'JHON WALTER', 'SALVATIERRA VACA', 'masculino', 'B/ SAN JORGE II', '77170324', '', '', '', '', 1, 2),
(92, '12849458', 'AMISTAD ALEJANDRA', 'ZELADA MARTINEZ', 'femenino', 'B/FLORIDA CALLE COLON Y 6 DE ENERO', '67632811', '', '', '', 'AMISTAD', 0, 4),
(93, '10719735', 'JORGE LUIS', 'CRUZ MENDOZA', 'masculino', 'B/ 26 DE AGOSTO', '75146451', '', '', '', '', 1, 2),
(95, '10741444', 'JUAN CARLOS', 'MAMANI CHOQUE', 'masculino', 'B/ LOMA DE TOMATITAS', '76194960', '', '', '', '', 1, 2),
(96, '4147520', 'LUCIA', 'VALLEJOS FLORES', 'femenino', 'MZ. 11 CASA Nº 5 URB. BELLA VISTA II- YACUIBA', '63776345', 'NO REGISTRA', '', '', '', 1, 6),
(97, '7120125', 'KAREN ESTHER', 'CORDERO MORALES', 'femenino', 'B/ SENAC ', '68702457', '', '', '', '', 1, 2),
(98, '2637944', 'ANA MARIA', 'SARMIENTO', 'femenino', 'BA/ MIRAFLORES ', '72995775', '', '', '', '', 1, 5),
(99, '5008907', 'LEONOR', 'ARENAS TOLABA', 'masculino', 'B/ MENDEZ ARCOS', '70212600', '', '', '', '', 1, 2),
(101, '7105285', 'LUIS FERNANDO', 'NIEVES MARQUEZ', 'masculino', 'B/ NARCISO CAMPERO', '76836500', '', '', '', '', 1, 2),
(102, '10703486', 'MONICA ALEJANDRA', 'GUZMAN RAMIREZ', 'femenino', 'SAN LORENZO MATADERO MUNICIAPAL', '67632811', '', '', '', 'AMISTAD', 0, 4),
(103, '6786439', 'CAROLINA PAOLA', 'GALEAN', 'femenino', 'B/ ALTO SENAC C/ EL CHAÑAR', '76183152', '', '', '', '', 1, 5),
(104, '5056800', 'FABIOLA', 'MERCADO CAYALO', 'femenino', 'CREVAUX E/M. BARROSO Y SAN MARTIN Nº 196 B/C. NORTE YACUIBA', '71068363', 'NO REGISTRA', '', '', '', 1, 6),
(105, '7155107', 'LUIS ALFREDO', 'CHOQUE REYNOSO', 'masculino', 'C/PALOS BLANCOS E/MARTIN BARROSO Y COMERCIO YACUIBA', '75174191', 'NO REGISTRA', '', '', '', 1, 6),
(107, '12411923', 'KATHIA BELEN', 'RAMIREZ QUISPE', 'femenino', 'B/FLORIDA CALLE COLON Y 6 DE ENERO', '69328559', '', '', '', '', 0, 4),
(108, '1898679', 'ROLANDO MANUEL', 'CRUZ PORTAL', 'masculino', 'C/BALLIVIAN E/JUAN XXIII Y SAN PEDRO YACUIBA', '75160837', 'NO REGISTRA', '', '', '', 0, 6),
(109, '7221217', 'ESTHER ABIGAIL', 'BUSTOS DAVILA', 'femenino', 'BA/ MOTO MENDEZ', '65811022', '', '', '', '', 1, 5),
(110, '7180798', 'JUAN JOSE', 'CHURA ALBINO', 'masculino', 'B/ SAN BERNARDO', '', '', '', '', 'GARANTE', 0, 5),
(111, '6125302', 'FARE ISAEL', 'SANCHEZ DAVALOS', 'masculino', 'BA/ SAN ANTONIO ', '78246113', '', '', '', '', 1, 5),
(112, '14837656', 'CARLA LORENA', 'ORTEGA HUARACHI', 'femenino', 'B/ SAN ANTONIO', '', '', '', '', 'GARANTE', 0, 5),
(123, '7259747', 'GONZALO', 'ANTEZANO RAMOS', 'masculino', 'BA/ MENDEZ ARCOS', '72958255', '', '', '', '', 1, 5),
(124, '5030757', 'ANA ROSA', 'RAMOS VARGAS', 'femenino', 'BA/ MENDEZ ARCOS', '75113295', '', '', '', '', 0, 5),
(127, '7167479', 'INGRID', 'VELASQUEZ ROMERO', 'femenino', 'B/ SAN GERONIMO', '77871357', '', '', '', '', 1, 5),
(128, '5041294', 'YIMMY WILSON', 'SAAVEDRA CHIPANA', 'masculino', 'AV/ MARCELO QUIROGA SANTA CRUZ B/ LUIS ESPINAL ', '68694846', '', '', '', '', 1, 5),
(130, '5787673', 'JUAN DARIO', 'VILLAROEL REYNOSO', 'masculino', 'C/ BALLIVIAN ESQ. JUAN XXIII', '71873195', '', '', '', '', 0, 5),
(133, '4141852', 'KARINA', 'CASTILLO CARDOZO', 'femenino', 'C/ LA VICTORIA BA/ TABLADITA ', '76196369', '', '', '', '', 1, 5),
(134, '6638630', 'VICTOR', 'CASTRO', 'masculino', 'B/ TABLADITA', '72980234', '', '', '', '', 0, 5),
(135, '7136623', 'LUIS EMILIO', 'SARAVIA CARDOZA', 'masculino', 'TABLADA GRANDE', '60255451', '', '', '', '', 1, 5),
(136, '1873728', 'EVA', 'LOPEZ MAMANI', 'femenino', 'C/M. BARROSO E/BOQUERON Y V. MONTES B/ LA CRUZ YACUIBA', '77197408', 'NO REGISTRA', '', '', '', 1, 6),
(137, '7668170', 'FIDEL', 'FALON GALEAN', 'masculino', 'COM BELLA VISTA - GRAN CHACO - TARIJA', '71433026', '', '', '', '', 1, 7),
(138, '1899950', 'MARY DOLORES', 'MEJIA BARCA DE CASTILLO', 'femenino', 'C/ROBLES E/SANTA CRUZ Y COMERCIO DE YACUIBA', '76826850', 'NO REGISTRA', '', '', '', 1, 6),
(139, '5009688', 'JESUS', 'CASTILLO CASTRO', 'masculino', 'C/ROBLES E/SANTA CRUZ Y COMERCIO B. ATLETICO NORTE YACUIBA', '77196581', 'NO REGISTRA', '', '', '', 1, 6),
(142, '7166644', 'NELSON', 'VELIZ HINOJOSA', 'masculino', 'URB. BELLA VISTA II MZ. 5 CASA Nº 10 YACUIBA', '67695215', 'NO REGISTRA', '', '', '', 1, 6),
(144, '7154411', 'ROSMERY', 'ARANCIBIA SERRUDO', 'femenino', 'MZ. 5 CASA Nº 8 URB. BELLA VISTA II- YACUIBA', '71879853', 'NO REGISTRA', '', '', '', 0, 6),
(145, '8064094', 'BERTHA', 'CUEVAS FLORES', 'femenino', 'C/COCHABAMBAFINALS/N B/ ASERRADERO - YACUIBA', '76813559', '', '', '', '', 1, 7),
(146, '5046558', 'SELENE', 'URZAGASTE ARECO', 'femenino', 'COM. COLONIA PRODUCTIVA FISCAL EL PALMAR - GRAN CHACO - TARIJA', '75176886', '', '', '', '', 0, 7),
(147, '8166058', 'EMILSE', 'SALVATIERRA TEJERINA', 'femenino', 'AV. LIBERTADORES ESQ. URUNDELES B. EL PORVENIR - YACUIBA', '60298806', '', '', '', '', 0, 7),
(148, '7104384', 'MARYBEL', 'GARECA VARGAS', 'femenino', 'PROLONGACION LAS DELICIAS - B/ASERRADERO - YACUIBA', '67389464', '', '', '', '', 0, 7),
(149, '7228075', 'VICTOR HUGO', 'CAMARGO', 'masculino', 'COM. TARAIRI VILLAMONTES GRAN CHACO TARIJA', '61669428', 'NO REGISTRA', '', '', '', 1, 6),
(150, '5813347', 'FLORENTINO', 'SEGUNDO CUELLAR', 'masculino', 'MZ. X BARRIO EL CHAQUEÑITO YACUIBA', '71892533', 'NO REGISTRA', '', '', '', 0, 6),
(151, '10722293', 'MARIA VICTORIA', 'PARADA', 'femenino', 'AV. LIBERTADORES E/JACINTO DELFINYCOLON - YACUIBA', '75168164', '', '', '', '', 0, 7),
(152, '5810149', 'SANDRA VALERIA', 'CONDORI OSINAGA', 'femenino', 'C/BENEMERITOS E/M BARROSO Y AV. S. MARTIN - YACUIBA ', '68016484', '', '', '', '', 0, 7),
(153, '5816465', 'AGAPITO', 'SORUCO ORTIZ', 'masculino', 'C/URUGUAY E/LIBERTAD Y ECUADOR B/EL PRADO YACUIBA', '68901933', 'NO REGISTRA', '', '', '', 1, 6),
(154, '4155405', 'WILBER', 'GONZALES', 'masculino', 'C/F. CAMPO VIA E/T. MANCHEGO Y E. RUIZ B.S. GERONIMO YACUIBA', '', 'NO REGISTRA', '', '', '', 0, 6),
(155, '2854534', 'IRMA FABIOLA', 'GUTIERREZ SUAREZ', 'femenino', 'C/DANIEL CAMPOS ESQ.  AV.  LIBERTADORES B/OBRERO - YACUIBA', '', '', '', '', '', 0, 7),
(156, '9707908', 'JORGE CORNELIO', 'CUEVAS FLORES', 'masculino', 'RES. EN YACUIBA', '76821126', '', '', '', '', 0, 7),
(157, '2926863', 'GRACIELA', 'GONZALES VALLE VDA. DE ELIAS', 'femenino', 'C/JUAN XXIII ESQ. CORNELIO RIOS YACUIBA', '71378316', 'NO REGISTRA', '', '', '', 1, 6),
(158, '1836015', 'LOURDES', 'PADILLA', 'femenino', 'C/CORNELIO RIOS E/JUAN XXIII Y JACINTO DELFIN YACUIBA', '73458576', 'NO REGISTRA', '', '', '', 0, 6),
(159, '7245064', 'MARCO ANTONIO', 'LOPEZ ZARATE', 'masculino', 'C/TUPIZA E/AV. TARIJA Y CHUQUISACA S/N S.J. DE POCITOS', '76824296', 'NO REGISTRA', '', '', '', 1, 6),
(161, '5802105', 'RONY', 'ORTIZ CAMACHO', 'masculino', 'C/BOLIVAR E/21 DE ENERO Y E. MENDEZ B/SAN FRANCISCO YACUIBA', '63793218', 'NO REGISTRA', '', '', '', 1, 6),
(162, '5790037', 'JORGE ALEJANDRO', 'CUELLAR MENDOZA', 'masculino', 'C/PARAGUAY E/C MORENO Y 15 DE ABRIL B/MUNICIPAL YACUIBA', '71336226', 'NO REGISTRA', '', '', '', 1, 6),
(163, '10632600', 'ROLANDO', 'HERRERA', 'masculino', 'COM. CAMPO LARGO GRAN CHACO TARIJA', '', 'NO REGISTRA', '', '', '', 0, 6);

-- --------------------------------------------------------

--
-- Estructura de tabla para la tabla `guarantors`
--

CREATE TABLE `guarantors` (
  `id` bigint(20) NOT NULL,
  `loan_id` int(11) NOT NULL,
  `customer_id` int(11) NOT NULL
) ENGINE=InnoDB DEFAULT CHARSET=utf8 COLLATE=utf8_spanish2_ci;

--
-- Volcado de datos para la tabla `guarantors`
--

INSERT INTO `guarantors` (`id`, `loan_id`, `customer_id`) VALUES
(1, 8, 12),
(2, 9, 11),
(5, 34, 52),
(6, 37, 48),
(8, 40, 56),
(9, 41, 58),
(10, 42, 60),
(11, 42, 61),
(12, 43, 63),
(15, 45, 65),
(16, 46, 21),
(17, 47, 70),
(18, 48, 72),
(19, 50, 68),
(20, 51, 23),
(21, 53, 77),
(22, 54, 79),
(23, 58, 85),
(24, 59, 25),
(25, 61, 39),
(26, 66, 9),
(27, 69, 96),
(29, 71, 17),
(31, 73, 110),
(32, 74, 112),
(33, 75, 124),
(34, 76, 98),
(35, 79, 134),
(36, 81, 108),
(37, 83, 139),
(38, 84, 138),
(39, 85, 144),
(40, 86, 150),
(41, 87, 154),
(42, 88, 158),
(44, 90, 162),
(45, 91, 163),
(49, 95, 146),
(50, 95, 147),
(51, 95, 148),
(52, 95, 151),
(53, 95, 152),
(54, 95, 155),
(55, 95, 156),
(57, 97, 3),
(58, 99, 16),
(59, 100, 5),
(60, 101, 16),
(61, 101, 23),
(62, 101, 55),
(67, 107, 23),
(68, 108, 15),
(69, 111, 23);

-- --------------------------------------------------------

--
-- Estructura de tabla para la tabla `loans`
--

CREATE TABLE `loans` (
  `id` int(11) NOT NULL,
  `customer_id` int(11) NOT NULL,
  `credit_amount` decimal(15,2) NOT NULL,
  `interest_amount` decimal(15,2) NOT NULL COMMENT 'interest_rate',
  `num_fee` int(3) NOT NULL,
  `fee_amount` decimal(10,2) NOT NULL,
  `payment_m` varchar(15) COLLATE utf8_spanish2_ci NOT NULL,
  `coin_id` int(11) NOT NULL,
  `date` date NOT NULL,
  `status` bit(1) NOT NULL DEFAULT b'1'
) ENGINE=InnoDB DEFAULT CHARSET=utf8 COLLATE=utf8_spanish2_ci;

--
-- Volcado de datos para la tabla `loans`
--

INSERT INTO `loans` (`id`, `customer_id`, `credit_amount`, `interest_amount`, `num_fee`, `fee_amount`, `payment_m`, `coin_id`, `date`, `status`) VALUES
(1, 2, '2000.00', '16.00', 4, '660.00', 'quincenal', 1, '2022-07-25', b'1'),
(2, 1, '1000.00', '18.00', 4, '340.00', 'quincenal', 1, '2022-08-11', b'0'),
(3, 3, '2000.00', '18.00', 12, '256.70', 'semanal', 1, '2022-07-23', b'1'),
(4, 5, '1800.00', '18.00', 6, '462.00', 'quincenal', 1, '2022-07-16', b'1'),
(5, 6, '1500.00', '18.00', 4, '510.00', 'quincenal', 1, '2022-05-16', b'1'),
(6, 7, '1000.00', '18.00', 6, '256.70', 'quincenal', 1, '2022-08-16', b'1'),
(7, 10, '616.00', '18.00', 8, '104.70', 'semanal', 1, '2022-06-24', b'1'),
(8, 11, '2500.00', '18.00', 4, '850.00', 'quincenal', 1, '2022-07-14', b'1'),
(9, 12, '2500.00', '18.00', 4, '850.00', 'quincenal', 1, '2022-07-14', b'1'),
(11, 18, '2000.00', '18.00', 4, '680.00', 'quincenal', 1, '2022-08-24', b'1'),
(12, 20, '1500.00', '16.00', 6, '370.00', 'quincenal', 1, '2022-08-16', b'1'),
(13, 24, '1500.00', '18.00', 4, '510.00', 'quincenal', 1, '2022-08-25', b'1'),
(14, 27, '1500.00', '18.00', 8, '255.00', 'semanal', 1, '2022-08-16', b'1'),
(15, 28, '2096.00', '18.00', 12, '269.00', 'semanal', 1, '2022-05-21', b'1'),
(18, 31, '2500.00', '18.00', 4, '850.00', 'quincenal', 1, '2022-04-16', b'1'),
(19, 32, '1000.00', '16.00', 2, '580.00', 'quincenal', 1, '2022-07-22', b'1'),
(20, 33, '1500.00', '18.00', 8, '322.50', 'quincenal', 1, '2022-05-11', b'1'),
(21, 34, '4000.00', '18.00', 3, '2053.30', 'mensual', 1, '2022-07-14', b'1'),
(22, 35, '2000.00', '17.00', 4, '670.00', 'quincenal', 1, '2022-07-21', b'1'),
(23, 36, '2000.00', '18.00', 6, '513.30', 'quincenal', 1, '2022-07-08', b'1'),
(24, 37, '2000.00', '18.00', 4, '680.00', 'quincenal', 1, '2022-08-22', b'1'),
(25, 40, '1302.00', '18.00', 4, '442.70', 'quincenal', 1, '2022-04-28', b'1'),
(26, 41, '500.00', '15.00', 6, '120.80', 'quincenal', 1, '2022-06-18', b'1'),
(27, 42, '1500.00', '18.00', 6, '385.00', 'quincenal', 1, '2022-05-17', b'1'),
(28, 43, '600.00', '18.00', 2, '354.00', 'quincenal', 1, '2022-08-15', b'1'),
(29, 45, '1500.00', '18.00', 6, '385.00', 'quincenal', 1, '2022-07-25', b'1'),
(31, 44, '3500.00', '18.00', 10, '665.00', 'quincenal', 1, '2022-02-08', b'1'),
(32, 49, '3710.00', '18.00', 6, '952.20', 'quincenal', 1, '2022-06-13', b'1'),
(33, 50, '4000.00', '15.00', 10, '700.00', 'quincenal', 1, '2022-05-05', b'1'),
(34, 51, '5000.00', '18.00', 6, '1283.30', 'quincenal', 1, '2022-08-03', b'1'),
(35, 53, '3000.00', '18.00', 6, '770.00', 'quincenal', 1, '2022-04-21', b'1'),
(36, 54, '2000.00', '18.00', 8, '340.00', 'semanal', 1, '2022-07-21', b'1'),
(37, 47, '1826.00', '18.00', 6, '468.70', 'quincenal', 1, '2022-06-22', b'1'),
(38, 48, '1900.00', '18.00', 6, '487.70', 'quincenal', 1, '2022-06-28', b'1'),
(40, 55, '3500.00', '18.00', 6, '898.30', 'quincenal', 1, '2022-05-10', b'1'),
(41, 57, '3500.00', '18.00', 10, '665.00', 'quincenal', 1, '2022-03-17', b'1'),
(42, 59, '2000.00', '17.00', 4, '670.00', 'quincenal', 1, '2022-06-22', b'1'),
(43, 62, '3500.00', '18.00', 12, '449.20', 'semanal', 1, '2021-12-02', b'1'),
(45, 66, '10638.00', '18.00', 20, '1010.60', 'semanal', 1, '2022-07-16', b'1'),
(46, 19, '9395.00', '18.00', 20, '892.50', 'semanal', 1, '2022-07-14', b'1'),
(47, 69, '3000.00', '18.00', 8, '510.00', 'semanal', 1, '2021-09-29', b'1'),
(48, 71, '3500.00', '18.00', 10, '665.00', 'quincenal', 1, '2022-07-16', b'1'),
(49, 73, '6500.00', '18.00', 10, '1235.00', 'quincenal', 1, '2022-04-18', b'1'),
(50, 67, '4170.00', '18.00', 5, '1584.60', 'mensual', 1, '2022-01-05', b'1'),
(51, 74, '3000.00', '18.00', 6, '770.00', 'quincenal', 1, '2022-08-17', b'1'),
(52, 75, '1500.00', '18.00', 4, '510.00', 'quincenal', 1, '2022-05-16', b'1'),
(53, 76, '3500.00', '18.00', 2, '2065.00', 'quincenal', 1, '2022-08-16', b'1'),
(54, 78, '2500.00', '18.00', 6, '641.70', 'quincenal', 1, '2022-08-25', b'1'),
(55, 80, '1000.00', '16.00', 2, '580.00', 'quincenal', 1, '2022-08-08', b'1'),
(56, 81, '1500.00', '18.00', 6, '385.00', 'quincenal', 1, '2022-08-04', b'1'),
(57, 82, '1500.00', '18.00', 8, '322.50', 'quincenal', 1, '2022-06-07', b'1'),
(58, 84, '1500.00', '18.00', 6, '385.00', 'quincenal', 1, '2022-05-17', b'1'),
(59, 22, '4000.00', '18.00', 12, '513.30', 'semanal', 1, '2022-03-14', b'1'),
(60, 88, '1000.00', '18.00', 2, '590.00', 'quincenal', 1, '2022-07-28', b'1'),
(61, 38, '2280.00', '18.00', 12, '292.60', 'semanal', 1, '2022-04-25', b'1'),
(62, 93, '2000.00', '18.00', 4, '680.00', 'quincenal', 1, '2022-07-22', b'1'),
(63, 95, '1000.00', '18.00', 4, '340.00', 'quincenal', 1, '2022-08-16', b'1'),
(64, 97, '800.00', '16.00', 4, '264.00', 'quincenal', 1, '2022-08-22', b'1'),
(65, 99, '2000.00', '18.00', 4, '680.00', 'quincenal', 1, '2022-08-09', b'1'),
(66, 98, '1397.00', '18.00', 4, '475.00', 'quincenal', 1, '2022-07-11', b'1'),
(67, 96, '1542.00', '15.00', 8, '250.60', 'semanal', 1, '2022-07-19', b'1'),
(68, 101, '3749.00', '17.00', 4, '1255.90', 'quincenal', 1, '2022-08-09', b'1'),
(69, 104, '3500.00', '18.00', 12, '449.20', 'semanal', 1, '2022-02-04', b'1'),
(70, 105, '2000.00', '18.00', 12, '256.70', 'semanal', 1, '2022-05-10', b'1'),
(71, 103, '4593.00', '18.00', 8, '987.50', 'quincenal', 1, '2022-07-05', b'1'),
(73, 109, '2000.00', '18.00', 6, '513.30', 'quincenal', 1, '2022-03-17', b'1'),
(74, 111, '3500.00', '18.00', 20, '332.50', 'semanal', 1, '2021-12-27', b'1'),
(75, 123, '4000.00', '18.00', 12, '513.30', 'semanal', 1, '2022-05-10', b'1'),
(76, 9, '2500.00', '18.00', 10, '475.00', 'quincenal', 1, '2022-01-29', b'1'),
(77, 127, '2112.00', '18.00', 8, '359.00', 'semanal', 1, '2022-05-11', b'1'),
(78, 128, '2500.00', '18.00', 8, '537.50', 'quincenal', 1, '2022-06-10', b'1'),
(79, 133, '3000.00', '18.00', 10, '570.00', 'quincenal', 1, '2022-07-26', b'1'),
(80, 135, '3000.00', '18.00', 6, '770.00', 'quincenal', 1, '2022-08-17', b'1'),
(81, 136, '2696.00', '18.00', 6, '692.00', 'quincenal', 1, '2022-08-16', b'1'),
(82, 137, '2000.00', '16.00', 6, '493.30', 'quincenal', 1, '2022-08-05', b'1'),
(83, 138, '3500.00', '18.00', 12, '449.20', 'semanal', 1, '2022-05-18', b'1'),
(84, 139, '10000.00', '15.00', 20, '875.00', 'semanal', 1, '2022-06-08', b'1'),
(85, 142, '3500.00', '18.00', 12, '449.20', 'semanal', 1, '2022-07-13', b'1'),
(86, 149, '2000.00', '18.00', 12, '256.70', 'semanal', 1, '2022-07-13', b'1'),
(87, 153, '2500.00', '18.00', 12, '320.80', 'semanal', 1, '2022-07-20', b'1'),
(88, 157, '3500.00', '18.00', 6, '898.30', 'quincenal', 1, '2022-07-25', b'1'),
(89, 159, '2000.00', '18.00', 6, '513.30', 'quincenal', 1, '2022-07-28', b'1'),
(90, 161, '6000.00', '15.00', 6, '1450.00', 'quincenal', 1, '2022-08-03', b'1'),
(91, 162, '3500.00', '18.00', 6, '898.30', 'quincenal', 1, '2022-08-03', b'1'),
(95, 145, '13000.00', '16.00', 6, '3206.70', 'quincenal', 1, '2022-07-19', b'1'),
(97, 16, '2000.00', '14.00', 2, '1140.00', 'quincenal', 1, '2022-09-07', b'1'),
(98, 23, '4000.00', '14.00', 3000, '281.30', 'quincenal', 1, '2022-09-08', b'1'),
(99, 26, '1500.00', '14.00', 8, '292.50', 'quincenal', 1, '2022-09-08', b'1'),
(100, 85, '1700.00', '14.00', 4, '544.00', 'quincenal', 1, '2022-09-08', b'1'),
(101, 52, '1200.00', '14.00', 4, '384.00', 'quincenal', 1, '2022-09-08', b'1'),
(103, 87, '1000.00', '14.00', 2, '570.00', 'quincenal', 1, '2022-09-08', b'1'),
(104, 63, '5000.00', '14.00', 4, '1600.00', 'quincenal', 1, '2022-09-08', b'1'),
(107, 15, '4000.00', '14.00', 2, '2280.00', 'quincenal', 1, '2022-09-09', b'1'),
(108, 56, '500.00', '14.00', 2, '285.00', 'quincenal', 1, '2022-09-09', b'1'),
(109, 58, '300.00', '14.00', 1, '321.00', 'quincenal', 1, '2022-09-09', b'1'),
(110, 65, '4000.00', '14.00', 3000, '281.30', 'quincenal', 2, '2022-09-12', b'1'),
(111, 70, '2000.00', '14.00', 2, '1140.00', 'quincenal', 1, '2022-09-12', b'1'),
(112, 72, '1500.00', '14.00', 8, '292.50', 'quincenal', 1, '2022-09-13', b'1');

-- --------------------------------------------------------

--
-- Estructura de tabla para la tabla `loan_items`
--

CREATE TABLE `loan_items` (
  `id` int(11) NOT NULL,
  `loan_id` int(11) NOT NULL,
  `date` date NOT NULL,
  `num_quota` int(11) NOT NULL,
  `fee_amount` decimal(25,2) NOT NULL,
  `pay_date` timestamp NOT NULL DEFAULT current_timestamp() ON UPDATE current_timestamp(),
  `status` bit(1) NOT NULL DEFAULT b'1'
) ENGINE=InnoDB DEFAULT CHARSET=utf8 COLLATE=utf8_spanish2_ci;

--
-- Volcado de datos para la tabla `loan_items`
--

INSERT INTO `loan_items` (`id`, `loan_id`, `date`, `num_quota`, `fee_amount`, `pay_date`, `status`) VALUES
(1, 1, '2022-08-09', 1, '660.00', '2022-09-09 20:28:42', b'0'),
(2, 1, '2022-08-24', 2, '660.00', '2022-09-09 20:31:19', b'0'),
(3, 1, '2022-09-08', 3, '660.00', '2022-08-31 19:31:39', b'1'),
(4, 1, '2022-09-23', 4, '660.00', '2022-08-31 19:31:39', b'1'),
(5, 2, '2022-08-26', 1, '340.00', '2022-09-09 19:40:53', b'0'),
(6, 2, '2022-09-10', 2, '340.00', '2022-09-09 19:42:27', b'0'),
(7, 2, '2022-09-27', 3, '340.00', '2022-09-09 19:59:49', b'0'),
(8, 2, '2022-10-10', 4, '340.00', '2022-09-09 20:03:21', b'0'),
(9, 3, '2022-07-30', 1, '256.70', '2022-09-02 15:40:35', b'0'),
(10, 3, '2022-08-06', 2, '256.70', '2022-09-02 15:40:35', b'0'),
(11, 3, '2022-08-13', 3, '256.70', '2022-08-31 20:01:35', b'1'),
(12, 3, '2022-08-20', 4, '256.70', '2022-08-31 20:01:35', b'1'),
(13, 3, '2022-08-27', 5, '256.70', '2022-08-31 20:01:35', b'1'),
(14, 3, '2022-09-03', 6, '256.70', '2022-08-31 20:01:35', b'1'),
(15, 3, '2022-09-10', 7, '256.70', '2022-08-31 20:01:35', b'1'),
(16, 3, '2022-09-17', 8, '256.70', '2022-08-31 20:01:35', b'1'),
(17, 3, '2022-09-24', 9, '256.70', '2022-08-31 20:01:35', b'1'),
(18, 3, '2022-10-01', 10, '256.70', '2022-08-31 20:01:35', b'1'),
(19, 3, '2022-10-08', 11, '256.70', '2022-08-31 20:01:35', b'1'),
(20, 3, '2022-10-15', 12, '256.70', '2022-08-31 20:01:35', b'1'),
(21, 4, '2022-08-02', 1, '462.00', '2022-08-31 20:12:47', b'1'),
(22, 4, '2022-08-15', 2, '462.00', '2022-08-31 20:12:47', b'1'),
(23, 4, '2022-08-30', 3, '462.00', '2022-08-31 20:12:47', b'1'),
(24, 4, '2022-09-14', 4, '462.00', '2022-08-31 20:12:47', b'1'),
(25, 4, '2022-09-29', 5, '462.00', '2022-08-31 20:12:47', b'1'),
(26, 4, '2022-10-14', 6, '462.00', '2022-08-31 20:12:47', b'1'),
(27, 5, '2022-05-31', 1, '510.00', '2022-09-02 15:41:41', b'0'),
(28, 5, '2022-06-15', 2, '510.00', '2022-09-02 15:41:41', b'0'),
(29, 5, '2022-06-30', 3, '510.00', '2022-08-31 20:13:04', b'1'),
(30, 5, '2022-07-15', 4, '510.00', '2022-08-31 20:13:04', b'1'),
(31, 6, '2022-08-31', 1, '256.70', '2022-09-09 19:40:31', b'0'),
(32, 6, '2022-09-15', 2, '256.70', '2022-08-31 20:16:55', b'1'),
(33, 6, '2022-09-30', 3, '256.70', '2022-08-31 20:16:55', b'1'),
(34, 6, '2022-10-15', 4, '256.70', '2022-08-31 20:16:55', b'1'),
(35, 6, '2022-11-01', 5, '256.70', '2022-08-31 20:16:55', b'1'),
(36, 6, '2022-11-14', 6, '256.70', '2022-08-31 20:16:55', b'1'),
(37, 7, '2022-07-01', 1, '104.70', '2022-09-02 15:43:19', b'0'),
(38, 7, '2022-07-08', 2, '104.70', '2022-09-02 15:43:19', b'0'),
(39, 7, '2022-07-15', 3, '104.70', '2022-09-02 15:43:19', b'0'),
(40, 7, '2022-07-22', 4, '104.70', '2022-09-02 15:43:19', b'0'),
(41, 7, '2022-07-29', 5, '104.70', '2022-09-02 15:43:19', b'0'),
(42, 7, '2022-08-05', 6, '104.70', '2022-09-02 15:43:19', b'0'),
(43, 7, '2022-08-12', 7, '104.70', '2022-08-31 20:28:23', b'1'),
(44, 7, '2022-08-19', 8, '104.70', '2022-08-31 20:28:23', b'1'),
(45, 8, '2022-07-29', 1, '850.00', '2022-08-31 20:28:50', b'1'),
(46, 8, '2022-08-13', 2, '850.00', '2022-08-31 20:28:50', b'1'),
(47, 8, '2022-08-30', 3, '850.00', '2022-08-31 20:28:50', b'1'),
(48, 8, '2022-09-12', 4, '850.00', '2022-08-31 20:28:50', b'1'),
(49, 9, '2022-07-29', 1, '850.00', '2022-09-09 20:18:28', b'0'),
(50, 9, '2022-08-13', 2, '850.00', '2022-08-31 20:29:49', b'1'),
(51, 9, '2022-08-30', 3, '850.00', '2022-08-31 20:29:49', b'1'),
(52, 9, '2022-09-12', 4, '850.00', '2022-08-31 20:29:49', b'1'),
(63, 11, '2022-09-08', 1, '680.00', '2022-08-31 20:35:46', b'1'),
(64, 11, '2022-09-23', 2, '680.00', '2022-08-31 20:35:46', b'1'),
(65, 11, '2022-10-08', 3, '680.00', '2022-08-31 20:35:46', b'1'),
(66, 11, '2022-10-25', 4, '680.00', '2022-08-31 20:35:46', b'1'),
(67, 12, '2022-08-31', 1, '370.00', '2022-09-02 15:44:11', b'0'),
(68, 12, '2022-09-15', 2, '370.00', '2022-08-31 20:38:59', b'1'),
(69, 12, '2022-09-30', 3, '370.00', '2022-08-31 20:38:59', b'1'),
(70, 12, '2022-10-15', 4, '370.00', '2022-08-31 20:38:59', b'1'),
(71, 12, '2022-11-01', 5, '370.00', '2022-08-31 20:38:59', b'1'),
(72, 12, '2022-11-14', 6, '370.00', '2022-08-31 20:38:59', b'1'),
(73, 13, '2022-09-09', 1, '510.00', '2022-08-31 20:43:04', b'1'),
(74, 13, '2022-09-24', 2, '510.00', '2022-08-31 20:43:04', b'1'),
(75, 13, '2022-10-11', 3, '510.00', '2022-08-31 20:43:04', b'1'),
(76, 13, '2022-10-24', 4, '510.00', '2022-08-31 20:43:04', b'1'),
(77, 14, '2022-08-23', 1, '255.00', '2022-09-02 15:44:41', b'0'),
(78, 14, '2022-08-30', 2, '255.00', '2022-08-31 20:47:07', b'1'),
(79, 14, '2022-09-06', 3, '255.00', '2022-08-31 20:47:07', b'1'),
(80, 14, '2022-09-13', 4, '255.00', '2022-08-31 20:47:07', b'1'),
(81, 14, '2022-09-20', 5, '255.00', '2022-08-31 20:47:07', b'1'),
(82, 14, '2022-09-27', 6, '255.00', '2022-08-31 20:47:07', b'1'),
(83, 14, '2022-10-04', 7, '255.00', '2022-08-31 20:47:07', b'1'),
(84, 14, '2022-10-11', 8, '255.00', '2022-08-31 20:47:07', b'1'),
(85, 15, '2022-05-28', 1, '269.00', '2022-09-02 15:48:22', b'0'),
(86, 15, '2022-06-04', 2, '269.00', '2022-09-02 15:48:22', b'0'),
(87, 15, '2022-06-11', 3, '269.00', '2022-09-02 15:48:22', b'0'),
(88, 15, '2022-06-18', 4, '269.00', '2022-09-02 15:48:22', b'0'),
(89, 15, '2022-06-25', 5, '269.00', '2022-08-31 20:59:23', b'1'),
(90, 15, '2022-07-02', 6, '269.00', '2022-08-31 20:59:23', b'1'),
(91, 15, '2022-07-09', 7, '269.00', '2022-08-31 20:59:23', b'1'),
(92, 15, '2022-07-16', 8, '269.00', '2022-08-31 20:59:23', b'1'),
(93, 15, '2022-07-23', 9, '269.00', '2022-08-31 20:59:23', b'1'),
(94, 15, '2022-07-30', 10, '269.00', '2022-08-31 20:59:23', b'1'),
(95, 15, '2022-08-06', 11, '269.00', '2022-08-31 20:59:23', b'1'),
(96, 15, '2022-08-13', 12, '269.00', '2022-08-31 20:59:23', b'1'),
(103, 18, '2022-05-03', 1, '850.00', '2022-09-02 15:50:36', b'0'),
(104, 18, '2022-05-16', 2, '850.00', '2022-08-31 21:39:29', b'1'),
(105, 18, '2022-05-31', 3, '850.00', '2022-08-31 21:39:29', b'1'),
(106, 18, '2022-06-15', 4, '850.00', '2022-08-31 21:39:29', b'1'),
(107, 19, '2022-08-06', 1, '580.00', '2022-08-31 21:42:55', b'1'),
(108, 19, '2022-08-23', 2, '580.00', '2022-08-31 21:42:55', b'1'),
(109, 20, '2022-05-26', 1, '322.50', '2022-09-02 15:51:19', b'0'),
(110, 20, '2022-06-10', 2, '322.50', '2022-08-31 22:11:41', b'1'),
(111, 20, '2022-06-25', 3, '322.50', '2022-08-31 22:11:41', b'1'),
(112, 20, '2022-07-12', 4, '322.50', '2022-08-31 22:11:41', b'1'),
(113, 20, '2022-07-25', 5, '322.50', '2022-08-31 22:11:41', b'1'),
(114, 20, '2022-08-09', 6, '322.50', '2022-08-31 22:11:41', b'1'),
(115, 20, '2022-08-24', 7, '322.50', '2022-08-31 22:11:41', b'1'),
(116, 20, '2022-09-08', 8, '322.50', '2022-08-31 22:11:41', b'1'),
(117, 21, '2022-08-16', 1, '2053.30', '2022-08-31 22:15:03', b'1'),
(118, 21, '2022-09-14', 2, '2053.30', '2022-08-31 22:15:03', b'1'),
(119, 21, '2022-10-14', 3, '2053.30', '2022-08-31 22:15:03', b'1'),
(120, 22, '2022-08-05', 1, '670.00', '2022-08-31 22:18:17', b'1'),
(121, 22, '2022-08-20', 2, '670.00', '2022-08-31 22:18:17', b'1'),
(122, 22, '2022-09-06', 3, '670.00', '2022-08-31 22:18:17', b'1'),
(123, 22, '2022-09-19', 4, '670.00', '2022-08-31 22:18:17', b'1'),
(124, 23, '2022-07-23', 1, '513.30', '2022-09-02 15:52:25', b'0'),
(125, 23, '2022-08-09', 2, '513.30', '2022-09-02 15:52:25', b'0'),
(126, 23, '2022-08-22', 3, '513.30', '2022-08-31 22:22:22', b'1'),
(127, 23, '2022-09-06', 4, '513.30', '2022-08-31 22:22:22', b'1'),
(128, 23, '2022-09-21', 5, '513.30', '2022-08-31 22:22:22', b'1'),
(129, 23, '2022-10-06', 6, '513.30', '2022-08-31 22:22:22', b'1'),
(130, 24, '2022-09-06', 1, '680.00', '2022-08-31 22:32:23', b'1'),
(131, 24, '2022-09-21', 2, '680.00', '2022-08-31 22:32:23', b'1'),
(132, 24, '2022-10-06', 3, '680.00', '2022-08-31 22:32:23', b'1'),
(133, 24, '2022-10-21', 4, '680.00', '2022-08-31 22:32:23', b'1'),
(134, 25, '2022-05-13', 1, '442.70', '2022-08-31 22:40:45', b'1'),
(135, 25, '2022-05-28', 2, '442.70', '2022-08-31 22:40:45', b'1'),
(136, 25, '2022-06-14', 3, '442.70', '2022-08-31 22:40:45', b'1'),
(137, 25, '2022-06-27', 4, '442.70', '2022-08-31 22:40:45', b'1'),
(138, 26, '2022-07-05', 1, '120.80', '2022-09-01 13:15:31', b'1'),
(139, 26, '2022-07-18', 2, '120.80', '2022-09-01 13:15:31', b'1'),
(140, 26, '2022-08-02', 3, '120.80', '2022-09-01 13:15:31', b'1'),
(141, 26, '2022-08-17', 4, '120.80', '2022-09-01 13:15:31', b'1'),
(142, 26, '2022-09-01', 5, '120.80', '2022-09-01 13:15:31', b'1'),
(143, 26, '2022-09-16', 6, '120.80', '2022-09-01 13:15:31', b'1'),
(144, 27, '2022-06-01', 1, '385.00', '2022-09-01 13:22:32', b'1'),
(145, 27, '2022-06-16', 2, '385.00', '2022-09-01 13:22:32', b'1'),
(146, 27, '2022-07-01', 3, '385.00', '2022-09-01 13:22:32', b'1'),
(147, 27, '2022-07-16', 4, '385.00', '2022-09-01 13:22:32', b'1'),
(148, 27, '2022-08-02', 5, '385.00', '2022-09-01 13:22:32', b'1'),
(149, 27, '2022-08-15', 6, '385.00', '2022-09-01 13:22:32', b'1'),
(150, 28, '2022-08-30', 1, '354.00', '2022-09-01 13:25:49', b'1'),
(151, 28, '2022-09-14', 2, '354.00', '2022-09-01 13:25:49', b'1'),
(152, 29, '2022-08-09', 1, '385.00', '2022-09-01 13:28:58', b'1'),
(153, 29, '2022-08-24', 2, '385.00', '2022-09-01 13:28:58', b'1'),
(154, 29, '2022-09-08', 3, '385.00', '2022-09-01 13:28:58', b'1'),
(155, 29, '2022-09-23', 4, '385.00', '2022-09-01 13:28:58', b'1'),
(156, 29, '2022-10-08', 5, '385.00', '2022-09-01 13:28:58', b'1'),
(157, 29, '2022-10-25', 6, '385.00', '2022-09-01 13:28:58', b'1'),
(166, 31, '2022-02-23', 1, '665.00', '2022-09-01 13:38:58', b'1'),
(167, 31, '2022-03-10', 2, '665.00', '2022-09-01 13:38:58', b'1'),
(168, 31, '2022-03-25', 3, '665.00', '2022-09-01 13:38:58', b'1'),
(169, 31, '2022-04-09', 4, '665.00', '2022-09-01 13:38:58', b'1'),
(170, 31, '2022-04-26', 5, '665.00', '2022-09-01 13:38:58', b'1'),
(171, 31, '2022-05-09', 6, '665.00', '2022-09-01 13:38:58', b'1'),
(172, 31, '2022-05-24', 7, '665.00', '2022-09-01 13:38:58', b'1'),
(173, 31, '2022-06-08', 8, '665.00', '2022-09-01 13:38:58', b'1'),
(174, 31, '2022-06-23', 9, '665.00', '2022-09-01 13:38:58', b'1'),
(175, 31, '2022-07-08', 10, '665.00', '2022-09-01 13:38:58', b'1'),
(176, 32, '2022-06-28', 1, '952.20', '2022-09-01 14:01:52', b'1'),
(177, 32, '2022-07-13', 2, '952.20', '2022-09-01 14:01:52', b'1'),
(178, 32, '2022-07-28', 3, '952.20', '2022-09-01 14:01:52', b'1'),
(179, 32, '2022-08-12', 4, '952.20', '2022-09-01 14:01:52', b'1'),
(180, 32, '2022-08-27', 5, '952.20', '2022-09-01 14:01:52', b'1'),
(181, 32, '2022-09-13', 6, '952.20', '2022-09-01 14:01:52', b'1'),
(182, 33, '2022-05-20', 1, '700.00', '2022-09-01 14:04:48', b'1'),
(183, 33, '2022-06-04', 2, '700.00', '2022-09-01 14:04:48', b'1'),
(184, 33, '2022-06-21', 3, '700.00', '2022-09-01 14:04:48', b'1'),
(185, 33, '2022-07-04', 4, '700.00', '2022-09-01 14:04:48', b'1'),
(186, 33, '2022-07-19', 5, '700.00', '2022-09-01 14:04:48', b'1'),
(187, 33, '2022-08-03', 6, '700.00', '2022-09-01 14:04:48', b'1'),
(188, 33, '2022-08-18', 7, '700.00', '2022-09-01 14:04:48', b'1'),
(189, 33, '2022-09-02', 8, '700.00', '2022-09-01 14:04:48', b'1'),
(190, 33, '2022-09-17', 9, '700.00', '2022-09-01 14:04:48', b'1'),
(191, 33, '2022-10-04', 10, '700.00', '2022-09-01 14:04:48', b'1'),
(192, 34, '2022-08-18', 1, '1283.30', '2022-09-01 14:11:59', b'1'),
(193, 34, '2022-09-02', 2, '1283.30', '2022-09-01 14:11:59', b'1'),
(194, 34, '2022-09-17', 3, '1283.30', '2022-09-01 14:11:59', b'1'),
(195, 34, '2022-10-04', 4, '1283.30', '2022-09-01 14:11:59', b'1'),
(196, 34, '2022-10-17', 5, '1283.30', '2022-09-01 14:11:59', b'1'),
(197, 34, '2022-11-01', 6, '1283.30', '2022-09-01 14:11:59', b'1'),
(198, 35, '2022-05-06', 1, '770.00', '2022-09-01 14:15:42', b'1'),
(199, 35, '2022-05-21', 2, '770.00', '2022-09-01 14:15:42', b'1'),
(200, 35, '2022-06-07', 3, '770.00', '2022-09-01 14:15:42', b'1'),
(201, 35, '2022-06-20', 4, '770.00', '2022-09-01 14:15:42', b'1'),
(202, 35, '2022-07-05', 5, '770.00', '2022-09-01 14:15:42', b'1'),
(203, 35, '2022-07-20', 6, '770.00', '2022-09-01 14:15:42', b'1'),
(204, 36, '2022-07-28', 1, '340.00', '2022-09-01 14:18:16', b'1'),
(205, 36, '2022-08-04', 2, '340.00', '2022-09-01 14:18:16', b'1'),
(206, 36, '2022-08-11', 3, '340.00', '2022-09-01 14:18:16', b'1'),
(207, 36, '2022-08-18', 4, '340.00', '2022-09-01 14:18:16', b'1'),
(208, 36, '2022-08-25', 5, '340.00', '2022-09-01 14:18:16', b'1'),
(209, 36, '2022-09-01', 6, '340.00', '2022-09-01 14:18:16', b'1'),
(210, 36, '2022-09-08', 7, '340.00', '2022-09-01 14:18:16', b'1'),
(211, 36, '2022-09-15', 8, '340.00', '2022-09-01 14:18:16', b'1'),
(212, 37, '2022-07-07', 1, '468.70', '2022-09-01 14:23:47', b'1'),
(213, 37, '2022-07-22', 2, '468.70', '2022-09-01 14:23:47', b'1'),
(214, 37, '2022-08-06', 3, '468.70', '2022-09-01 14:23:47', b'1'),
(215, 37, '2022-08-23', 4, '468.70', '2022-09-01 14:23:47', b'1'),
(216, 37, '2022-09-05', 5, '468.70', '2022-09-01 14:23:47', b'1'),
(217, 37, '2022-09-20', 6, '468.70', '2022-09-01 14:23:47', b'1'),
(218, 38, '2022-07-13', 1, '487.70', '2022-09-01 14:42:40', b'1'),
(219, 38, '2022-07-28', 2, '487.70', '2022-09-01 14:42:40', b'1'),
(220, 38, '2022-08-12', 3, '487.70', '2022-09-01 14:42:40', b'1'),
(221, 38, '2022-08-27', 4, '487.70', '2022-09-01 14:42:40', b'1'),
(222, 38, '2022-09-13', 5, '487.70', '2022-09-01 14:42:40', b'1'),
(223, 38, '2022-09-26', 6, '487.70', '2022-09-01 14:42:40', b'1'),
(226, 40, '2022-05-25', 1, '898.30', '2022-09-01 14:46:50', b'1'),
(227, 40, '2022-06-09', 2, '898.30', '2022-09-01 14:46:50', b'1'),
(228, 40, '2022-06-24', 3, '898.30', '2022-09-01 14:46:50', b'1'),
(229, 40, '2022-07-09', 4, '898.30', '2022-09-01 14:46:50', b'1'),
(230, 40, '2022-07-26', 5, '898.30', '2022-09-01 14:46:50', b'1'),
(231, 40, '2022-08-08', 6, '898.30', '2022-09-01 14:46:50', b'1'),
(232, 41, '2022-04-01', 1, '665.00', '2022-09-01 14:57:14', b'1'),
(233, 41, '2022-04-16', 2, '665.00', '2022-09-01 14:57:14', b'1'),
(234, 41, '2022-05-03', 3, '665.00', '2022-09-01 14:57:14', b'1'),
(235, 41, '2022-05-16', 4, '665.00', '2022-09-01 14:57:14', b'1'),
(236, 41, '2022-05-31', 5, '665.00', '2022-09-01 14:57:14', b'1'),
(237, 41, '2022-06-15', 6, '665.00', '2022-09-01 14:57:14', b'1'),
(238, 41, '2022-06-30', 7, '665.00', '2022-09-01 14:57:14', b'1'),
(239, 41, '2022-07-15', 8, '665.00', '2022-09-01 14:57:14', b'1'),
(240, 41, '2022-07-30', 9, '665.00', '2022-09-01 14:57:14', b'1'),
(241, 41, '2022-08-16', 10, '665.00', '2022-09-01 14:57:14', b'1'),
(242, 42, '2022-07-07', 1, '670.00', '2022-09-01 15:00:03', b'1'),
(243, 42, '2022-07-22', 2, '670.00', '2022-09-01 15:00:03', b'1'),
(244, 42, '2022-08-06', 3, '670.00', '2022-09-01 15:00:03', b'1'),
(245, 42, '2022-08-23', 4, '670.00', '2022-09-01 15:00:03', b'1'),
(246, 43, '2021-12-09', 1, '449.20', '2022-09-01 15:04:36', b'1'),
(247, 43, '2021-12-16', 2, '449.20', '2022-09-01 15:04:36', b'1'),
(248, 43, '2021-12-23', 3, '449.20', '2022-09-01 15:04:36', b'1'),
(249, 43, '2021-12-30', 4, '449.20', '2022-09-01 15:04:36', b'1'),
(250, 43, '2022-01-06', 5, '449.20', '2022-09-01 15:04:36', b'1'),
(251, 43, '2022-01-13', 6, '449.20', '2022-09-01 15:04:36', b'1'),
(252, 43, '2022-01-20', 7, '449.20', '2022-09-01 15:04:36', b'1'),
(253, 43, '2022-01-27', 8, '449.20', '2022-09-01 15:04:36', b'1'),
(254, 43, '2022-02-03', 9, '449.20', '2022-09-01 15:04:36', b'1'),
(255, 43, '2022-02-10', 10, '449.20', '2022-09-01 15:04:36', b'1'),
(256, 43, '2022-02-17', 11, '449.20', '2022-09-01 15:04:36', b'1'),
(257, 43, '2022-02-24', 12, '449.20', '2022-09-01 15:04:36', b'1'),
(262, 45, '2022-07-23', 1, '1010.60', '2022-09-01 15:20:04', b'1'),
(263, 45, '2022-07-30', 2, '1010.60', '2022-09-01 15:20:04', b'1'),
(264, 45, '2022-08-06', 3, '1010.60', '2022-09-01 15:20:04', b'1'),
(265, 45, '2022-08-13', 4, '1010.60', '2022-09-01 15:20:04', b'1'),
(266, 45, '2022-08-20', 5, '1010.60', '2022-09-01 15:20:04', b'1'),
(267, 45, '2022-08-27', 6, '1010.60', '2022-09-01 15:20:04', b'1'),
(268, 45, '2022-09-03', 7, '1010.60', '2022-09-01 15:20:04', b'1'),
(269, 45, '2022-09-10', 8, '1010.60', '2022-09-01 15:20:04', b'1'),
(270, 45, '2022-09-17', 9, '1010.60', '2022-09-01 15:20:04', b'1'),
(271, 45, '2022-09-24', 10, '1010.60', '2022-09-01 15:20:04', b'1'),
(272, 45, '2022-10-01', 11, '1010.60', '2022-09-01 15:20:04', b'1'),
(273, 45, '2022-10-08', 12, '1010.60', '2022-09-01 15:20:04', b'1'),
(274, 45, '2022-10-15', 13, '1010.60', '2022-09-01 15:20:04', b'1'),
(275, 45, '2022-10-22', 14, '1010.60', '2022-09-01 15:20:04', b'1'),
(276, 45, '2022-10-29', 15, '1010.60', '2022-09-01 15:20:04', b'1'),
(277, 45, '2022-11-05', 16, '1010.60', '2022-09-01 15:20:04', b'1'),
(278, 45, '2022-11-12', 17, '1010.60', '2022-09-01 15:20:04', b'1'),
(279, 45, '2022-11-19', 18, '1010.60', '2022-09-01 15:20:04', b'1'),
(280, 45, '2022-11-26', 19, '1010.60', '2022-09-01 15:20:04', b'1'),
(281, 45, '2022-12-03', 20, '1010.60', '2022-09-01 15:20:04', b'1'),
(282, 46, '2022-07-21', 1, '892.50', '2022-09-01 15:23:26', b'1'),
(283, 46, '2022-07-28', 2, '892.50', '2022-09-01 15:23:26', b'1'),
(284, 46, '2022-08-04', 3, '892.50', '2022-09-01 15:23:26', b'1'),
(285, 46, '2022-08-11', 4, '892.50', '2022-09-01 15:23:26', b'1'),
(286, 46, '2022-08-18', 5, '892.50', '2022-09-01 15:23:26', b'1'),
(287, 46, '2022-08-25', 6, '892.50', '2022-09-01 15:23:26', b'1'),
(288, 46, '2022-09-01', 7, '892.50', '2022-09-01 15:23:26', b'1'),
(289, 46, '2022-09-08', 8, '892.50', '2022-09-01 15:23:26', b'1'),
(290, 46, '2022-09-15', 9, '892.50', '2022-09-01 15:23:26', b'1'),
(291, 46, '2022-09-22', 10, '892.50', '2022-09-01 15:23:26', b'1'),
(292, 46, '2022-09-29', 11, '892.50', '2022-09-01 15:23:26', b'1'),
(293, 46, '2022-10-06', 12, '892.50', '2022-09-01 15:23:26', b'1'),
(294, 46, '2022-10-13', 13, '892.50', '2022-09-01 15:23:26', b'1'),
(295, 46, '2022-10-20', 14, '892.50', '2022-09-01 15:23:26', b'1'),
(296, 46, '2022-10-27', 15, '892.50', '2022-09-01 15:23:26', b'1'),
(297, 46, '2022-11-03', 16, '892.50', '2022-09-01 15:23:26', b'1'),
(298, 46, '2022-11-10', 17, '892.50', '2022-09-01 15:23:26', b'1'),
(299, 46, '2022-11-17', 18, '892.50', '2022-09-01 15:23:26', b'1'),
(300, 46, '2022-11-24', 19, '892.50', '2022-09-01 15:23:26', b'1'),
(301, 46, '2022-12-01', 20, '892.50', '2022-09-01 15:23:26', b'1'),
(302, 47, '2021-10-06', 1, '510.00', '2022-09-01 15:36:40', b'1'),
(303, 47, '2021-10-13', 2, '510.00', '2022-09-01 15:36:40', b'1'),
(304, 47, '2021-10-20', 3, '510.00', '2022-09-01 15:36:40', b'1'),
(305, 47, '2021-10-27', 4, '510.00', '2022-09-01 15:36:40', b'1'),
(306, 47, '2021-11-03', 5, '510.00', '2022-09-01 15:36:40', b'1'),
(307, 47, '2021-11-10', 6, '510.00', '2022-09-01 15:36:40', b'1'),
(308, 47, '2021-11-17', 7, '510.00', '2022-09-01 15:36:40', b'1'),
(309, 47, '2021-11-24', 8, '510.00', '2022-09-01 15:36:40', b'1'),
(310, 48, '2022-08-02', 1, '665.00', '2022-09-09 20:05:59', b'0'),
(311, 48, '2022-08-15', 2, '665.00', '2022-09-09 20:05:59', b'0'),
(312, 48, '2022-08-30', 3, '665.00', '2022-09-01 15:41:35', b'1'),
(313, 48, '2022-09-14', 4, '665.00', '2022-09-01 15:41:35', b'1'),
(314, 48, '2022-09-29', 5, '665.00', '2022-09-01 15:41:35', b'1'),
(315, 48, '2022-10-14', 6, '665.00', '2022-09-01 15:41:35', b'1'),
(316, 48, '2022-10-29', 7, '665.00', '2022-09-01 15:41:35', b'1'),
(317, 48, '2022-11-15', 8, '665.00', '2022-09-01 15:41:35', b'1'),
(318, 48, '2022-11-28', 9, '665.00', '2022-09-01 15:41:35', b'1'),
(319, 48, '2022-12-13', 10, '665.00', '2022-09-01 15:41:35', b'1'),
(320, 49, '2022-05-03', 1, '1235.00', '2022-09-01 15:47:28', b'1'),
(321, 49, '2022-05-18', 2, '1235.00', '2022-09-01 15:47:28', b'1'),
(322, 49, '2022-06-02', 3, '1235.00', '2022-09-01 15:47:28', b'1'),
(323, 49, '2022-06-17', 4, '1235.00', '2022-09-01 15:47:28', b'1'),
(324, 49, '2022-07-02', 5, '1235.00', '2022-09-01 15:47:28', b'1'),
(325, 49, '2022-07-19', 6, '1235.00', '2022-09-01 15:47:28', b'1'),
(326, 49, '2022-08-01', 7, '1235.00', '2022-09-01 15:47:28', b'1'),
(327, 49, '2022-08-16', 8, '1235.00', '2022-09-01 15:47:28', b'1'),
(328, 49, '2022-08-31', 9, '1235.00', '2022-09-01 15:47:28', b'1'),
(329, 49, '2022-09-15', 10, '1235.00', '2022-09-01 15:47:28', b'1'),
(330, 50, '2022-02-05', 1, '1584.60', '2022-09-01 15:47:37', b'1'),
(331, 50, '2022-03-05', 2, '1584.60', '2022-09-01 15:47:37', b'1'),
(332, 50, '2022-04-05', 3, '1584.60', '2022-09-01 15:47:37', b'1'),
(333, 50, '2022-05-05', 4, '1584.60', '2022-09-01 15:47:37', b'1'),
(334, 50, '2022-06-07', 5, '1584.60', '2022-09-01 15:47:37', b'1'),
(335, 51, '2022-09-01', 1, '770.00', '2022-09-01 15:51:40', b'1'),
(336, 51, '2022-09-16', 2, '770.00', '2022-09-01 15:51:40', b'1'),
(337, 51, '2022-10-01', 3, '770.00', '2022-09-01 15:51:40', b'1'),
(338, 51, '2022-10-18', 4, '770.00', '2022-09-01 15:51:40', b'1'),
(339, 51, '2022-10-31', 5, '770.00', '2022-09-01 15:51:40', b'1'),
(340, 51, '2022-11-15', 6, '770.00', '2022-09-01 15:51:40', b'1'),
(341, 52, '2022-05-31', 1, '510.00', '2022-09-01 15:56:24', b'1'),
(342, 52, '2022-06-15', 2, '510.00', '2022-09-01 15:56:24', b'1'),
(343, 52, '2022-06-30', 3, '510.00', '2022-09-01 15:56:25', b'1'),
(344, 52, '2022-07-15', 4, '510.00', '2022-09-01 15:56:25', b'1'),
(345, 53, '2022-08-31', 1, '2065.00', '2022-09-01 15:59:10', b'1'),
(346, 53, '2022-09-15', 2, '2065.00', '2022-09-01 15:59:10', b'1'),
(347, 54, '2022-09-09', 1, '641.70', '2022-09-01 16:03:35', b'1'),
(348, 54, '2022-09-24', 2, '641.70', '2022-09-01 16:03:35', b'1'),
(349, 54, '2022-10-11', 3, '641.70', '2022-09-01 16:03:35', b'1'),
(350, 54, '2022-10-24', 4, '641.70', '2022-09-01 16:03:35', b'1'),
(351, 54, '2022-11-08', 5, '641.70', '2022-09-01 16:03:35', b'1'),
(352, 54, '2022-11-23', 6, '641.70', '2022-09-01 16:03:35', b'1'),
(353, 55, '2022-08-23', 1, '580.00', '2022-09-01 19:18:50', b'1'),
(354, 55, '2022-09-07', 2, '580.00', '2022-09-01 19:18:50', b'1'),
(355, 56, '2022-08-19', 1, '385.00', '2022-09-01 19:23:40', b'1'),
(356, 56, '2022-09-03', 2, '385.00', '2022-09-01 19:23:40', b'1'),
(357, 56, '2022-09-20', 3, '385.00', '2022-09-01 19:23:40', b'1'),
(358, 56, '2022-10-03', 4, '385.00', '2022-09-01 19:23:40', b'1'),
(359, 56, '2022-10-18', 5, '385.00', '2022-09-01 19:23:40', b'1'),
(360, 56, '2022-11-02', 6, '385.00', '2022-09-01 19:23:40', b'1'),
(361, 57, '2022-06-22', 1, '322.50', '2022-09-01 19:32:52', b'1'),
(362, 57, '2022-07-07', 2, '322.50', '2022-09-01 19:32:52', b'1'),
(363, 57, '2022-07-22', 3, '322.50', '2022-09-01 19:32:52', b'1'),
(364, 57, '2022-08-06', 4, '322.50', '2022-09-01 19:32:52', b'1'),
(365, 57, '2022-08-23', 5, '322.50', '2022-09-01 19:32:52', b'1'),
(366, 57, '2022-09-05', 6, '322.50', '2022-09-01 19:32:52', b'1'),
(367, 57, '2022-09-20', 7, '322.50', '2022-09-01 19:32:52', b'1'),
(368, 57, '2022-10-05', 8, '322.50', '2022-09-01 19:32:52', b'1'),
(369, 58, '2022-06-01', 1, '385.00', '2022-09-01 19:42:18', b'1'),
(370, 58, '2022-06-16', 2, '385.00', '2022-09-01 19:42:18', b'1'),
(371, 58, '2022-07-01', 3, '385.00', '2022-09-01 19:42:18', b'1'),
(372, 58, '2022-07-16', 4, '385.00', '2022-09-01 19:42:18', b'1'),
(373, 58, '2022-08-02', 5, '385.00', '2022-09-01 19:42:18', b'1'),
(374, 58, '2022-08-15', 6, '385.00', '2022-09-01 19:42:18', b'1'),
(375, 59, '2022-03-21', 1, '513.30', '2022-09-01 19:42:23', b'1'),
(376, 59, '2022-03-28', 2, '513.30', '2022-09-01 19:42:23', b'1'),
(377, 59, '2022-04-04', 3, '513.30', '2022-09-01 19:42:23', b'1'),
(378, 59, '2022-04-11', 4, '513.30', '2022-09-01 19:42:23', b'1'),
(379, 59, '2022-04-18', 5, '513.30', '2022-09-01 19:42:23', b'1'),
(380, 59, '2022-04-25', 6, '513.30', '2022-09-01 19:42:23', b'1'),
(381, 59, '2022-05-02', 7, '513.30', '2022-09-01 19:42:23', b'1'),
(382, 59, '2022-05-09', 8, '513.30', '2022-09-01 19:42:23', b'1'),
(383, 59, '2022-05-16', 9, '513.30', '2022-09-01 19:42:23', b'1'),
(384, 59, '2022-05-23', 10, '513.30', '2022-09-01 19:42:23', b'1'),
(385, 59, '2022-05-30', 11, '513.30', '2022-09-01 19:42:23', b'1'),
(386, 59, '2022-06-06', 12, '513.30', '2022-09-01 19:42:23', b'1'),
(387, 60, '2022-08-12', 1, '590.00', '2022-09-01 19:47:33', b'1'),
(388, 60, '2022-08-27', 2, '590.00', '2022-09-01 19:47:33', b'1'),
(389, 61, '2022-05-02', 1, '292.60', '2022-09-01 19:54:00', b'1'),
(390, 61, '2022-05-09', 2, '292.60', '2022-09-01 19:54:00', b'1'),
(391, 61, '2022-05-16', 3, '292.60', '2022-09-01 19:54:00', b'1'),
(392, 61, '2022-05-23', 4, '292.60', '2022-09-01 19:54:00', b'1'),
(393, 61, '2022-05-30', 5, '292.60', '2022-09-01 19:54:00', b'1'),
(394, 61, '2022-06-06', 6, '292.60', '2022-09-01 19:54:00', b'1'),
(395, 61, '2022-06-13', 7, '292.60', '2022-09-01 19:54:00', b'1'),
(396, 61, '2022-06-20', 8, '292.60', '2022-09-01 19:54:00', b'1'),
(397, 61, '2022-06-27', 9, '292.60', '2022-09-01 19:54:00', b'1'),
(398, 61, '2022-07-04', 10, '292.60', '2022-09-01 19:54:00', b'1'),
(399, 61, '2022-07-11', 11, '292.60', '2022-09-01 19:54:00', b'1'),
(400, 61, '2022-07-18', 12, '292.60', '2022-09-01 19:54:00', b'1'),
(401, 62, '2022-08-06', 1, '680.00', '2022-09-01 20:01:59', b'1'),
(402, 62, '2022-08-23', 2, '680.00', '2022-09-01 20:01:59', b'1'),
(403, 62, '2022-09-05', 3, '680.00', '2022-09-01 20:01:59', b'1'),
(404, 62, '2022-09-20', 4, '680.00', '2022-09-01 20:01:59', b'1'),
(405, 63, '2022-08-31', 1, '340.00', '2022-09-01 20:09:26', b'1'),
(406, 63, '2022-09-15', 2, '340.00', '2022-09-01 20:09:26', b'1'),
(407, 63, '2022-09-30', 3, '340.00', '2022-09-01 20:09:26', b'1'),
(408, 63, '2022-10-15', 4, '340.00', '2022-09-01 20:09:26', b'1'),
(409, 64, '2022-09-06', 1, '264.00', '2022-09-01 20:12:15', b'1'),
(410, 64, '2022-09-21', 2, '264.00', '2022-09-01 20:12:15', b'1'),
(411, 64, '2022-10-06', 3, '264.00', '2022-09-01 20:12:15', b'1'),
(412, 64, '2022-10-21', 4, '264.00', '2022-09-01 20:12:15', b'1'),
(413, 65, '2022-08-24', 1, '680.00', '2022-09-01 20:14:41', b'1'),
(414, 65, '2022-09-08', 2, '680.00', '2022-09-01 20:14:41', b'1'),
(415, 65, '2022-09-23', 3, '680.00', '2022-09-01 20:14:41', b'1'),
(416, 65, '2022-10-08', 4, '680.00', '2022-09-01 20:14:41', b'1'),
(417, 66, '2022-07-26', 1, '475.00', '2022-09-01 20:22:49', b'1'),
(418, 66, '2022-08-10', 2, '475.00', '2022-09-01 20:22:49', b'1'),
(419, 66, '2022-08-25', 3, '475.00', '2022-09-01 20:22:49', b'1'),
(420, 66, '2022-09-09', 4, '475.00', '2022-09-01 20:22:49', b'1'),
(421, 67, '2022-07-26', 1, '250.60', '2022-09-01 20:24:41', b'0'),
(422, 67, '2022-08-02', 2, '250.60', '2022-09-01 20:25:08', b'0'),
(423, 67, '2022-08-09', 3, '250.60', '2022-09-01 20:25:30', b'0'),
(424, 67, '2022-08-16', 4, '250.60', '2022-09-01 20:22:54', b'1'),
(425, 67, '2022-08-23', 5, '250.60', '2022-09-01 20:22:54', b'1'),
(426, 67, '2022-08-30', 6, '250.60', '2022-09-01 20:22:54', b'1'),
(427, 67, '2022-09-06', 7, '250.60', '2022-09-01 20:22:54', b'1'),
(428, 67, '2022-09-13', 8, '250.60', '2022-09-01 20:22:54', b'1'),
(429, 68, '2022-08-24', 1, '1255.90', '2022-09-01 20:24:08', b'1'),
(430, 68, '2022-09-08', 2, '1255.90', '2022-09-01 20:24:08', b'1'),
(431, 68, '2022-09-23', 3, '1255.90', '2022-09-01 20:24:08', b'1'),
(432, 68, '2022-10-08', 4, '1255.90', '2022-09-01 20:24:08', b'1'),
(433, 69, '2022-02-11', 1, '449.20', '2022-09-01 20:30:37', b'0'),
(434, 69, '2022-02-18', 2, '449.20', '2022-09-01 20:30:51', b'0'),
(435, 69, '2022-02-25', 3, '449.20', '2022-09-01 20:31:10', b'0'),
(436, 69, '2022-03-04', 4, '449.20', '2022-09-01 20:31:22', b'0'),
(437, 69, '2022-03-11', 5, '449.20', '2022-09-01 20:31:35', b'0'),
(438, 69, '2022-03-18', 6, '449.20', '2022-09-01 20:32:01', b'0'),
(439, 69, '2022-03-25', 7, '449.20', '2022-09-01 20:32:19', b'0'),
(440, 69, '2022-04-01', 8, '449.20', '2022-09-01 20:30:03', b'1'),
(441, 69, '2022-04-08', 9, '449.20', '2022-09-01 20:30:03', b'1'),
(442, 69, '2022-04-15', 10, '449.20', '2022-09-01 20:30:03', b'1'),
(443, 69, '2022-04-22', 11, '449.20', '2022-09-01 20:30:03', b'1'),
(444, 69, '2022-04-29', 12, '449.20', '2022-09-01 20:30:03', b'1'),
(445, 70, '2022-05-17', 1, '256.70', '2022-09-01 20:39:05', b'0'),
(446, 70, '2022-05-24', 2, '256.70', '2022-09-01 20:39:17', b'0'),
(447, 70, '2022-05-31', 3, '256.70', '2022-09-01 20:39:27', b'0'),
(448, 70, '2022-06-07', 4, '256.70', '2022-09-01 20:39:40', b'0'),
(449, 70, '2022-06-14', 5, '256.70', '2022-09-01 20:40:22', b'0'),
(450, 70, '2022-06-21', 6, '256.70', '2022-09-01 20:40:34', b'0'),
(451, 70, '2022-06-28', 7, '256.70', '2022-09-01 20:38:28', b'1'),
(452, 70, '2022-07-05', 8, '256.70', '2022-09-01 20:38:28', b'1'),
(453, 70, '2022-07-12', 9, '256.70', '2022-09-01 20:38:28', b'1'),
(454, 70, '2022-07-19', 10, '256.70', '2022-09-01 20:38:28', b'1'),
(455, 70, '2022-07-26', 11, '256.70', '2022-09-01 20:38:28', b'1'),
(456, 70, '2022-08-02', 12, '256.70', '2022-09-01 20:38:28', b'1'),
(457, 71, '2022-07-20', 1, '987.50', '2022-09-01 20:39:15', b'1'),
(458, 71, '2022-08-04', 2, '987.50', '2022-09-01 20:39:15', b'1'),
(459, 71, '2022-08-19', 3, '987.50', '2022-09-01 20:39:15', b'1'),
(460, 71, '2022-09-03', 4, '987.50', '2022-09-01 20:39:15', b'1'),
(461, 71, '2022-09-20', 5, '987.50', '2022-09-01 20:39:15', b'1'),
(462, 71, '2022-10-03', 6, '987.50', '2022-09-01 20:39:15', b'1'),
(463, 71, '2022-10-18', 7, '987.50', '2022-09-01 20:39:15', b'1'),
(464, 71, '2022-11-02', 8, '987.50', '2022-09-01 20:39:15', b'1'),
(471, 73, '2022-04-01', 1, '513.30', '2022-09-01 21:07:19', b'1'),
(472, 73, '2022-04-16', 2, '513.30', '2022-09-01 21:07:19', b'1'),
(473, 73, '2022-05-03', 3, '513.30', '2022-09-01 21:07:19', b'1'),
(474, 73, '2022-05-16', 4, '513.30', '2022-09-01 21:07:19', b'1'),
(475, 73, '2022-05-31', 5, '513.30', '2022-09-01 21:07:19', b'1'),
(476, 73, '2022-06-15', 6, '513.30', '2022-09-01 21:07:19', b'1'),
(477, 74, '2022-01-03', 1, '332.50', '2022-09-01 21:15:55', b'1'),
(478, 74, '2022-01-10', 2, '332.50', '2022-09-01 21:15:55', b'1'),
(479, 74, '2022-01-17', 3, '332.50', '2022-09-01 21:15:55', b'1'),
(480, 74, '2022-01-24', 4, '332.50', '2022-09-01 21:15:55', b'1'),
(481, 74, '2022-01-31', 5, '332.50', '2022-09-01 21:15:55', b'1'),
(482, 74, '2022-02-07', 6, '332.50', '2022-09-01 21:15:55', b'1'),
(483, 74, '2022-02-14', 7, '332.50', '2022-09-01 21:15:55', b'1'),
(484, 74, '2022-02-21', 8, '332.50', '2022-09-01 21:15:55', b'1'),
(485, 74, '2022-02-28', 9, '332.50', '2022-09-01 21:15:55', b'1'),
(486, 74, '2022-03-07', 10, '332.50', '2022-09-01 21:15:55', b'1'),
(487, 74, '2022-03-14', 11, '332.50', '2022-09-01 21:15:55', b'1'),
(488, 74, '2022-03-21', 12, '332.50', '2022-09-01 21:15:55', b'1'),
(489, 74, '2022-03-28', 13, '332.50', '2022-09-01 21:15:55', b'1'),
(490, 74, '2022-04-04', 14, '332.50', '2022-09-01 21:15:55', b'1'),
(491, 74, '2022-04-11', 15, '332.50', '2022-09-01 21:15:55', b'1'),
(492, 74, '2022-04-18', 16, '332.50', '2022-09-01 21:15:55', b'1'),
(493, 74, '2022-04-25', 17, '332.50', '2022-09-01 21:15:55', b'1'),
(494, 74, '2022-05-02', 18, '332.50', '2022-09-01 21:15:55', b'1'),
(495, 74, '2022-05-09', 19, '332.50', '2022-09-01 21:15:55', b'1'),
(496, 74, '2022-05-16', 20, '332.50', '2022-09-01 21:15:55', b'1'),
(497, 75, '2022-05-17', 1, '513.30', '2022-09-02 13:00:56', b'1'),
(498, 75, '2022-05-24', 2, '513.30', '2022-09-02 13:00:56', b'1'),
(499, 75, '2022-05-31', 3, '513.30', '2022-09-02 13:00:56', b'1'),
(500, 75, '2022-06-07', 4, '513.30', '2022-09-02 13:00:56', b'1'),
(501, 75, '2022-06-14', 5, '513.30', '2022-09-02 13:00:56', b'1'),
(502, 75, '2022-06-21', 6, '513.30', '2022-09-02 13:00:56', b'1'),
(503, 75, '2022-06-28', 7, '513.30', '2022-09-02 13:00:56', b'1'),
(504, 75, '2022-07-05', 8, '513.30', '2022-09-02 13:00:56', b'1'),
(505, 75, '2022-07-12', 9, '513.30', '2022-09-02 13:00:56', b'1'),
(506, 75, '2022-07-19', 10, '513.30', '2022-09-02 13:00:56', b'1'),
(507, 75, '2022-07-26', 11, '513.30', '2022-09-02 13:00:56', b'1'),
(508, 75, '2022-08-02', 12, '513.30', '2022-09-02 13:00:56', b'1'),
(509, 76, '2022-02-15', 1, '475.00', '2022-09-02 13:25:22', b'1'),
(510, 76, '2022-02-28', 2, '475.00', '2022-09-02 13:25:22', b'1'),
(511, 76, '2022-03-15', 3, '475.00', '2022-09-02 13:25:22', b'1'),
(512, 76, '2022-03-30', 4, '475.00', '2022-09-02 13:25:22', b'1'),
(513, 76, '2022-04-14', 5, '475.00', '2022-09-02 13:25:22', b'1'),
(514, 76, '2022-04-29', 6, '475.00', '2022-09-02 13:25:22', b'1'),
(515, 76, '2022-05-14', 7, '475.00', '2022-09-02 13:25:22', b'1'),
(516, 76, '2022-05-31', 8, '475.00', '2022-09-02 13:25:22', b'1'),
(517, 76, '2022-06-13', 9, '475.00', '2022-09-02 13:25:22', b'1'),
(518, 76, '2022-06-28', 10, '475.00', '2022-09-02 13:25:22', b'1'),
(519, 77, '2022-05-18', 1, '359.00', '2022-09-02 13:32:34', b'1'),
(520, 77, '2022-05-25', 2, '359.00', '2022-09-02 13:32:34', b'1'),
(521, 77, '2022-06-01', 3, '359.00', '2022-09-02 13:32:34', b'1'),
(522, 77, '2022-06-08', 4, '359.00', '2022-09-02 13:32:34', b'1'),
(523, 77, '2022-06-15', 5, '359.00', '2022-09-02 13:32:34', b'1'),
(524, 77, '2022-06-22', 6, '359.00', '2022-09-02 13:32:34', b'1'),
(525, 77, '2022-06-29', 7, '359.00', '2022-09-02 13:32:34', b'1'),
(526, 77, '2022-07-06', 8, '359.00', '2022-09-02 13:32:34', b'1'),
(527, 78, '2022-06-25', 1, '537.50', '2022-09-02 13:43:19', b'1'),
(528, 78, '2022-07-12', 2, '537.50', '2022-09-02 13:43:19', b'1'),
(529, 78, '2022-07-25', 3, '537.50', '2022-09-02 13:43:19', b'1'),
(530, 78, '2022-08-09', 4, '537.50', '2022-09-02 13:43:19', b'1'),
(531, 78, '2022-08-24', 5, '537.50', '2022-09-02 13:43:19', b'1'),
(532, 78, '2022-09-08', 6, '537.50', '2022-09-02 13:43:19', b'1'),
(533, 78, '2022-09-23', 7, '537.50', '2022-09-02 13:43:19', b'1'),
(534, 78, '2022-10-08', 8, '537.50', '2022-09-02 13:43:19', b'1'),
(535, 79, '2022-08-10', 1, '570.00', '2022-09-02 14:17:56', b'1'),
(536, 79, '2022-08-25', 2, '570.00', '2022-09-02 14:17:56', b'1'),
(537, 79, '2022-09-09', 3, '570.00', '2022-09-02 14:17:56', b'1'),
(538, 79, '2022-09-24', 4, '570.00', '2022-09-02 14:17:56', b'1'),
(539, 79, '2022-10-11', 5, '570.00', '2022-09-02 14:17:56', b'1'),
(540, 79, '2022-10-24', 6, '570.00', '2022-09-02 14:17:56', b'1'),
(541, 79, '2022-11-08', 7, '570.00', '2022-09-02 14:17:56', b'1'),
(542, 79, '2022-11-23', 8, '570.00', '2022-09-02 14:17:56', b'1'),
(543, 79, '2022-12-08', 9, '570.00', '2022-09-02 14:17:56', b'1'),
(544, 79, '2022-12-23', 10, '570.00', '2022-09-02 14:17:56', b'1'),
(545, 80, '2022-09-01', 1, '770.00', '2022-09-02 14:29:24', b'1'),
(546, 80, '2022-09-16', 2, '770.00', '2022-09-02 14:29:24', b'1'),
(547, 80, '2022-10-01', 3, '770.00', '2022-09-02 14:29:24', b'1'),
(548, 80, '2022-10-18', 4, '770.00', '2022-09-02 14:29:24', b'1'),
(549, 80, '2022-10-31', 5, '770.00', '2022-09-02 14:29:24', b'1'),
(550, 80, '2022-11-15', 6, '770.00', '2022-09-02 14:29:24', b'1'),
(551, 81, '2022-08-31', 1, '692.00', '2022-09-02 14:54:37', b'1'),
(552, 81, '2022-09-15', 2, '692.00', '2022-09-02 14:54:37', b'1'),
(553, 81, '2022-09-30', 3, '692.00', '2022-09-02 14:54:37', b'1'),
(554, 81, '2022-10-15', 4, '692.00', '2022-09-02 14:54:37', b'1'),
(555, 81, '2022-11-01', 5, '692.00', '2022-09-02 14:54:37', b'1'),
(556, 81, '2022-11-14', 6, '692.00', '2022-09-02 14:54:37', b'1'),
(557, 82, '2022-08-20', 1, '493.30', '2022-09-02 14:54:50', b'1'),
(558, 82, '2022-09-06', 2, '493.30', '2022-09-02 14:54:50', b'1'),
(559, 82, '2022-09-19', 3, '493.30', '2022-09-02 14:54:50', b'1'),
(560, 82, '2022-10-04', 4, '493.30', '2022-09-02 14:54:50', b'1'),
(561, 82, '2022-10-19', 5, '493.30', '2022-09-02 14:54:50', b'1'),
(562, 82, '2022-11-03', 6, '493.30', '2022-09-02 14:54:50', b'1'),
(563, 83, '2022-05-25', 1, '449.20', '2022-09-02 15:05:18', b'0'),
(564, 83, '2022-06-01', 2, '449.20', '2022-09-02 15:05:29', b'0'),
(565, 83, '2022-06-08', 3, '449.20', '2022-09-02 15:05:43', b'0'),
(566, 83, '2022-06-15', 4, '449.20', '2022-09-02 15:05:57', b'0'),
(567, 83, '2022-06-22', 5, '449.20', '2022-09-02 15:06:11', b'0'),
(568, 83, '2022-06-29', 6, '449.20', '2022-09-02 15:03:41', b'1'),
(569, 83, '2022-07-06', 7, '449.20', '2022-09-02 15:03:41', b'1'),
(570, 83, '2022-07-13', 8, '449.20', '2022-09-02 15:03:41', b'1'),
(571, 83, '2022-07-20', 9, '449.20', '2022-09-02 15:03:41', b'1'),
(572, 83, '2022-07-27', 10, '449.20', '2022-09-02 15:03:41', b'1'),
(573, 83, '2022-08-03', 11, '449.20', '2022-09-02 15:03:41', b'1'),
(574, 83, '2022-08-10', 12, '449.20', '2022-09-02 15:03:41', b'1'),
(575, 84, '2022-06-15', 1, '875.00', '2022-09-02 15:09:17', b'0'),
(576, 84, '2022-06-22', 2, '875.00', '2022-09-02 15:09:29', b'0'),
(577, 84, '2022-06-29', 3, '875.00', '2022-09-02 15:08:36', b'1'),
(578, 84, '2022-07-06', 4, '875.00', '2022-09-02 15:08:36', b'1'),
(579, 84, '2022-07-13', 5, '875.00', '2022-09-02 15:08:36', b'1'),
(580, 84, '2022-07-20', 6, '875.00', '2022-09-02 15:08:36', b'1'),
(581, 84, '2022-07-27', 7, '875.00', '2022-09-02 15:08:36', b'1'),
(582, 84, '2022-08-03', 8, '875.00', '2022-09-02 15:08:36', b'1'),
(583, 84, '2022-08-10', 9, '875.00', '2022-09-02 15:08:36', b'1'),
(584, 84, '2022-08-17', 10, '875.00', '2022-09-02 15:08:36', b'1'),
(585, 84, '2022-08-24', 11, '875.00', '2022-09-02 15:08:36', b'1'),
(586, 84, '2022-08-31', 12, '875.00', '2022-09-02 15:08:36', b'1'),
(587, 84, '2022-09-07', 13, '875.00', '2022-09-02 15:08:36', b'1'),
(588, 84, '2022-09-14', 14, '875.00', '2022-09-02 15:08:36', b'1'),
(589, 84, '2022-09-21', 15, '875.00', '2022-09-02 15:08:36', b'1'),
(590, 84, '2022-09-28', 16, '875.00', '2022-09-02 15:08:36', b'1'),
(591, 84, '2022-10-05', 17, '875.00', '2022-09-02 15:08:36', b'1'),
(592, 84, '2022-10-12', 18, '875.00', '2022-09-02 15:08:36', b'1'),
(593, 84, '2022-10-19', 19, '875.00', '2022-09-02 15:08:36', b'1'),
(594, 84, '2022-10-26', 20, '875.00', '2022-09-02 15:08:36', b'1'),
(595, 85, '2022-07-20', 1, '449.20', '2022-09-02 15:19:16', b'0'),
(596, 85, '2022-07-27', 2, '449.20', '2022-09-02 15:20:19', b'0'),
(597, 85, '2022-08-03', 3, '449.20', '2022-09-02 15:20:31', b'0'),
(598, 85, '2022-08-10', 4, '449.20', '2022-09-02 15:20:46', b'0'),
(599, 85, '2022-08-17', 5, '449.20', '2022-09-02 15:25:00', b'0'),
(600, 85, '2022-08-24', 6, '449.20', '2022-09-02 15:18:55', b'1'),
(601, 85, '2022-08-31', 7, '449.20', '2022-09-02 15:18:55', b'1'),
(602, 85, '2022-09-07', 8, '449.20', '2022-09-02 15:18:55', b'1'),
(603, 85, '2022-09-14', 9, '449.20', '2022-09-02 15:18:55', b'1'),
(604, 85, '2022-09-21', 10, '449.20', '2022-09-02 15:18:55', b'1'),
(605, 85, '2022-09-28', 11, '449.20', '2022-09-02 15:18:55', b'1'),
(606, 85, '2022-10-05', 12, '449.20', '2022-09-02 15:18:55', b'1'),
(607, 86, '2022-07-20', 1, '256.70', '2022-09-02 15:50:51', b'0'),
(608, 86, '2022-07-27', 2, '256.70', '2022-09-02 15:51:02', b'0'),
(609, 86, '2022-08-03', 3, '256.70', '2022-09-02 15:51:16', b'0'),
(610, 86, '2022-08-10', 4, '256.70', '2022-09-02 15:51:30', b'0'),
(611, 86, '2022-08-17', 5, '256.70', '2022-09-02 15:52:12', b'0'),
(612, 86, '2022-08-24', 6, '256.70', '2022-09-02 15:52:35', b'0'),
(613, 86, '2022-08-31', 7, '256.70', '2022-09-02 15:50:02', b'1'),
(614, 86, '2022-09-07', 8, '256.70', '2022-09-02 15:50:02', b'1'),
(615, 86, '2022-09-14', 9, '256.70', '2022-09-02 15:50:02', b'1'),
(616, 86, '2022-09-21', 10, '256.70', '2022-09-02 15:50:02', b'1'),
(617, 86, '2022-09-28', 11, '256.70', '2022-09-02 15:50:02', b'1'),
(618, 86, '2022-10-05', 12, '256.70', '2022-09-02 15:50:02', b'1'),
(619, 87, '2022-07-27', 1, '320.80', '2022-09-02 16:00:43', b'0'),
(620, 87, '2022-08-03', 2, '320.80', '2022-09-02 16:00:56', b'0'),
(621, 87, '2022-08-10', 3, '320.80', '2022-09-02 16:01:08', b'0'),
(622, 87, '2022-08-17', 4, '320.80', '2022-09-02 16:01:19', b'0'),
(623, 87, '2022-08-24', 5, '320.80', '2022-09-02 16:01:32', b'0'),
(624, 87, '2022-08-31', 6, '320.80', '2022-09-02 15:59:51', b'1'),
(625, 87, '2022-09-07', 7, '320.80', '2022-09-02 15:59:51', b'1'),
(626, 87, '2022-09-14', 8, '320.80', '2022-09-02 15:59:51', b'1'),
(627, 87, '2022-09-21', 9, '320.80', '2022-09-02 15:59:51', b'1'),
(628, 87, '2022-09-28', 10, '320.80', '2022-09-02 15:59:51', b'1'),
(629, 87, '2022-10-05', 11, '320.80', '2022-09-02 15:59:51', b'1'),
(630, 87, '2022-10-12', 12, '320.80', '2022-09-02 15:59:51', b'1'),
(631, 88, '2022-08-09', 1, '898.30', '2022-09-02 18:48:40', b'0'),
(632, 88, '2022-08-24', 2, '898.30', '2022-09-02 18:49:20', b'0'),
(633, 88, '2022-09-08', 3, '898.30', '2022-09-02 18:48:07', b'1'),
(634, 88, '2022-09-23', 4, '898.30', '2022-09-02 18:48:07', b'1'),
(635, 88, '2022-10-08', 5, '898.30', '2022-09-02 18:48:07', b'1'),
(636, 88, '2022-10-25', 6, '898.30', '2022-09-02 18:48:07', b'1'),
(637, 89, '2022-08-12', 1, '513.30', '2022-09-02 18:55:23', b'0'),
(638, 89, '2022-08-27', 2, '513.30', '2022-09-02 18:55:36', b'0'),
(639, 89, '2022-09-13', 3, '513.30', '2022-09-02 18:54:18', b'1'),
(640, 89, '2022-09-26', 4, '513.30', '2022-09-02 18:54:18', b'1'),
(641, 89, '2022-10-11', 5, '513.30', '2022-09-02 18:54:18', b'1'),
(642, 89, '2022-10-26', 6, '513.30', '2022-09-02 18:54:18', b'1'),
(643, 90, '2022-08-18', 1, '1450.00', '2022-09-02 19:01:42', b'0'),
(644, 90, '2022-09-02', 2, '1450.00', '2022-09-02 19:01:26', b'1'),
(645, 90, '2022-09-17', 3, '1450.00', '2022-09-02 19:01:26', b'1'),
(646, 90, '2022-10-04', 4, '1450.00', '2022-09-02 19:01:26', b'1'),
(647, 90, '2022-10-17', 5, '1450.00', '2022-09-02 19:01:26', b'1'),
(648, 90, '2022-11-01', 6, '1450.00', '2022-09-02 19:01:26', b'1'),
(649, 91, '2022-08-18', 1, '898.30', '2022-09-02 19:05:10', b'0'),
(650, 91, '2022-09-02', 2, '898.30', '2022-09-02 19:04:52', b'1'),
(651, 91, '2022-09-17', 3, '898.30', '2022-09-02 19:04:52', b'1'),
(652, 91, '2022-10-04', 4, '898.30', '2022-09-02 19:04:52', b'1'),
(653, 91, '2022-10-17', 5, '898.30', '2022-09-02 19:04:53', b'1'),
(654, 91, '2022-11-01', 6, '898.30', '2022-09-02 19:04:53', b'1'),
(673, 95, '2022-08-03', 1, '3206.70', '2022-09-09 17:43:26', b'0'),
(674, 95, '2022-08-18', 2, '3206.70', '2022-09-09 17:45:34', b'0'),
(675, 95, '2022-09-02', 3, '3206.70', '2022-09-02 19:25:39', b'1'),
(676, 95, '2022-09-17', 4, '3206.70', '2022-09-02 19:25:39', b'1'),
(677, 95, '2022-10-04', 5, '3206.70', '2022-09-02 19:25:39', b'1'),
(678, 95, '2022-10-17', 6, '3206.70', '2022-09-02 19:25:39', b'1'),
(683, 97, '2022-09-22', 1, '1140.00', '2022-09-08 20:20:10', b'0'),
(684, 97, '2022-10-07', 2, '1140.00', '2022-09-08 01:02:02', b'1'),
(685, 98, '2022-09-23', 1, '281.30', '2022-09-09 19:08:25', b'0'),
(686, 98, '2022-10-08', 2, '281.30', '2022-09-09 19:09:44', b'0'),
(687, 98, '2022-10-25', 3, '281.30', '2022-09-09 19:12:52', b'0'),
(688, 98, '2022-11-07', 4, '281.30', '2022-09-09 19:16:54', b'0'),
(689, 98, '2022-11-22', 5, '281.30', '2022-09-09 19:20:29', b'0'),
(690, 98, '2022-12-07', 6, '281.30', '2022-09-09 19:21:47', b'0'),
(691, 98, '2022-12-22', 7, '281.30', '2022-09-09 19:21:47', b'0'),
(692, 98, '2023-01-06', 8, '281.30', '2022-09-09 20:32:06', b'0'),
(693, 98, '2023-01-21', 9, '281.30', '2022-09-08 15:23:50', b'1'),
(694, 98, '2023-02-07', 10, '281.30', '2022-09-08 15:23:50', b'1'),
(695, 98, '2023-02-20', 11, '281.30', '2022-09-08 15:23:50', b'1'),
(696, 98, '2023-03-07', 12, '281.30', '2022-09-08 15:23:50', b'1'),
(697, 98, '2023-03-22', 13, '281.30', '2022-09-08 15:23:51', b'1'),
(698, 98, '2023-04-06', 14, '281.30', '2022-09-08 15:23:51', b'1'),
(699, 98, '2023-04-21', 15, '281.30', '2022-09-08 15:23:51', b'1'),
(700, 98, '2023-05-06', 16, '281.30', '2022-09-08 15:23:51', b'1'),
(701, 98, '2023-05-23', 17, '281.30', '2022-09-08 15:23:51', b'1'),
(702, 98, '2023-06-05', 18, '281.30', '2022-09-08 15:23:51', b'1'),
(703, 98, '2023-06-20', 19, '281.30', '2022-09-08 15:23:51', b'1'),
(704, 98, '2023-07-05', 20, '281.30', '2022-09-08 15:23:51', b'1'),
(705, 98, '2023-07-20', 21, '281.30', '2022-09-08 15:23:51', b'1'),
(706, 98, '2023-08-04', 22, '281.30', '2022-09-08 15:23:51', b'1'),
(707, 98, '2023-08-19', 23, '281.30', '2022-09-08 15:23:51', b'1'),
(708, 98, '2023-09-05', 24, '281.30', '2022-09-08 15:23:51', b'1'),
(709, 98, '2023-09-18', 25, '281.30', '2022-09-08 15:23:51', b'1'),
(710, 98, '2023-10-03', 26, '281.30', '2022-09-08 15:23:51', b'1'),
(711, 98, '2023-10-18', 27, '281.30', '2022-09-08 15:23:52', b'1'),
(712, 98, '2023-11-02', 28, '281.30', '2022-09-08 15:23:52', b'1'),
(713, 98, '2023-11-17', 29, '281.30', '2022-09-08 15:23:52', b'1'),
(714, 98, '2023-12-02', 30, '281.30', '2022-09-08 15:23:52', b'1'),
(715, 98, '2023-12-19', 31, '281.30', '2022-09-08 15:23:52', b'1'),
(716, 98, '2024-01-01', 32, '281.30', '2022-09-08 15:23:52', b'1'),
(717, 98, '2024-01-16', 33, '281.30', '2022-09-08 15:23:52', b'1'),
(718, 98, '2024-01-31', 34, '281.30', '2022-09-08 15:23:52', b'1'),
(719, 98, '2024-02-15', 35, '281.30', '2022-09-08 15:23:52', b'1'),
(720, 98, '2024-03-01', 36, '281.30', '2022-09-08 15:23:52', b'1'),
(721, 98, '2024-03-16', 37, '281.30', '2022-09-08 15:23:52', b'1'),
(722, 98, '2024-04-02', 38, '281.30', '2022-09-08 15:23:52', b'1'),
(723, 98, '2024-04-15', 39, '281.30', '2022-09-08 15:23:52', b'1'),
(724, 98, '2024-04-30', 40, '281.30', '2022-09-08 15:23:52', b'1'),
(725, 98, '2024-05-15', 41, '281.30', '2022-09-08 15:23:52', b'1'),
(726, 98, '2024-05-30', 42, '281.30', '2022-09-08 15:23:52', b'1'),
(727, 98, '2024-06-14', 43, '281.30', '2022-09-08 15:23:52', b'1'),
(728, 98, '2024-06-29', 44, '281.30', '2022-09-08 15:23:52', b'1'),
(729, 98, '2024-07-16', 45, '281.30', '2022-09-08 15:23:52', b'1'),
(730, 98, '2024-07-29', 46, '281.30', '2022-09-08 15:23:52', b'1'),
(731, 98, '2024-08-13', 47, '281.30', '2022-09-08 15:23:52', b'1'),
(732, 98, '2024-08-28', 48, '281.30', '2022-09-08 15:23:53', b'1'),
(733, 98, '2024-09-12', 49, '281.30', '2022-09-08 15:23:53', b'1'),
(734, 98, '2024-09-27', 50, '281.30', '2022-09-08 15:23:53', b'1'),
(735, 98, '2024-10-12', 51, '281.30', '2022-09-08 15:23:53', b'1'),
(736, 98, '2024-10-29', 52, '281.30', '2022-09-08 15:23:53', b'1'),
(737, 98, '2024-11-11', 53, '281.30', '2022-09-08 15:23:53', b'1'),
(738, 98, '2024-11-26', 54, '281.30', '2022-09-08 15:23:53', b'1'),
(739, 98, '2024-12-11', 55, '281.30', '2022-09-08 15:23:53', b'1'),
(740, 98, '2024-12-26', 56, '281.30', '2022-09-08 15:23:53', b'1'),
(741, 98, '2025-01-10', 57, '281.30', '2022-09-08 15:23:53', b'1'),
(742, 98, '2025-01-25', 58, '281.30', '2022-09-08 15:23:53', b'1'),
(743, 98, '2025-02-11', 59, '281.30', '2022-09-08 15:23:53', b'1'),
(744, 98, '2025-02-24', 60, '281.30', '2022-09-08 15:23:53', b'1'),
(745, 98, '2025-03-11', 61, '281.30', '2022-09-08 15:23:53', b'1'),
(746, 98, '2025-03-26', 62, '281.30', '2022-09-08 15:23:53', b'1'),
(747, 98, '2025-04-10', 63, '281.30', '2022-09-08 15:23:53', b'1'),
(748, 98, '2025-04-25', 64, '281.30', '2022-09-08 15:23:53', b'1'),
(749, 98, '2025-05-10', 65, '281.30', '2022-09-08 15:23:53', b'1'),
(750, 98, '2025-05-27', 66, '281.30', '2022-09-08 15:23:53', b'1'),
(751, 98, '2025-06-09', 67, '281.30', '2022-09-08 15:23:53', b'1'),
(752, 98, '2025-06-24', 68, '281.30', '2022-09-08 15:23:53', b'1'),
(753, 98, '2025-07-09', 69, '281.30', '2022-09-08 15:23:53', b'1'),
(754, 98, '2025-07-24', 70, '281.30', '2022-09-08 15:23:54', b'1'),
(755, 98, '2025-08-08', 71, '281.30', '2022-09-08 15:23:54', b'1'),
(756, 98, '2025-08-23', 72, '281.30', '2022-09-08 15:23:54', b'1'),
(757, 98, '2025-09-09', 73, '281.30', '2022-09-08 15:23:54', b'1'),
(758, 98, '2025-09-22', 74, '281.30', '2022-09-08 15:23:54', b'1'),
(759, 98, '2025-10-07', 75, '281.30', '2022-09-08 15:23:54', b'1'),
(760, 98, '2025-10-22', 76, '281.30', '2022-09-08 15:23:54', b'1'),
(761, 98, '2025-11-06', 77, '281.30', '2022-09-08 15:23:54', b'1'),
(762, 98, '2025-11-21', 78, '281.30', '2022-09-08 15:23:54', b'1'),
(763, 98, '2025-12-06', 79, '281.30', '2022-09-08 15:23:54', b'1'),
(764, 98, '2025-12-23', 80, '281.30', '2022-09-08 15:23:54', b'1'),
(765, 98, '2026-01-05', 81, '281.30', '2022-09-08 15:23:54', b'1'),
(766, 98, '2026-01-20', 82, '281.30', '2022-09-08 15:23:54', b'1'),
(767, 98, '2026-02-04', 83, '281.30', '2022-09-08 15:23:54', b'1'),
(768, 98, '2026-02-19', 84, '281.30', '2022-09-08 15:23:54', b'1'),
(769, 98, '2026-03-06', 85, '281.30', '2022-09-08 15:23:54', b'1'),
(770, 98, '2026-03-21', 86, '281.30', '2022-09-08 15:23:54', b'1'),
(771, 98, '2026-04-07', 87, '281.30', '2022-09-08 15:23:54', b'1'),
(772, 98, '2026-04-20', 88, '281.30', '2022-09-08 15:23:55', b'1'),
(773, 98, '2026-05-05', 89, '281.30', '2022-09-08 15:23:55', b'1'),
(774, 98, '2026-05-20', 90, '281.30', '2022-09-08 15:23:55', b'1'),
(775, 98, '2026-06-04', 91, '281.30', '2022-09-08 15:23:55', b'1'),
(776, 98, '2026-06-19', 92, '281.30', '2022-09-08 15:23:55', b'1'),
(777, 98, '2026-07-04', 93, '281.30', '2022-09-08 15:23:55', b'1'),
(778, 98, '2026-07-21', 94, '281.30', '2022-09-08 15:23:55', b'1'),
(779, 98, '2026-08-03', 95, '281.30', '2022-09-08 15:23:55', b'1'),
(780, 98, '2026-08-18', 96, '281.30', '2022-09-08 15:23:55', b'1'),
(781, 98, '2026-09-02', 97, '281.30', '2022-09-08 15:23:55', b'1'),
(782, 98, '2026-09-17', 98, '281.30', '2022-09-08 15:23:55', b'1'),
(783, 98, '2026-10-02', 99, '281.30', '2022-09-08 15:23:55', b'1'),
(784, 98, '2026-10-17', 100, '281.30', '2022-09-08 15:23:55', b'1'),
(785, 98, '2026-11-03', 101, '281.30', '2022-09-08 15:23:55', b'1'),
(786, 98, '2026-11-16', 102, '281.30', '2022-09-08 15:23:55', b'1'),
(787, 98, '2026-12-01', 103, '281.30', '2022-09-08 15:23:55', b'1'),
(788, 98, '2026-12-16', 104, '281.30', '2022-09-08 15:23:55', b'1'),
(789, 98, '2026-12-31', 105, '281.30', '2022-09-08 15:23:55', b'1'),
(790, 98, '2027-01-15', 106, '281.30', '2022-09-08 15:23:55', b'1'),
(791, 98, '2027-01-30', 107, '281.30', '2022-09-08 15:23:55', b'1'),
(792, 98, '2027-02-16', 108, '281.30', '2022-09-08 15:23:55', b'1'),
(793, 98, '2027-03-01', 109, '281.30', '2022-09-08 15:23:55', b'1'),
(794, 98, '2027-03-16', 110, '281.30', '2022-09-08 15:23:55', b'1'),
(795, 98, '2027-03-31', 111, '281.30', '2022-09-08 15:23:55', b'1'),
(796, 98, '2027-04-15', 112, '281.30', '2022-09-08 15:23:55', b'1'),
(797, 98, '2027-04-30', 113, '281.30', '2022-09-08 15:23:55', b'1'),
(798, 98, '2027-05-15', 114, '281.30', '2022-09-08 15:23:55', b'1'),
(799, 98, '2027-06-01', 115, '281.30', '2022-09-08 15:23:56', b'1'),
(800, 98, '2027-06-14', 116, '281.30', '2022-09-08 15:23:56', b'1'),
(801, 98, '2027-06-29', 117, '281.30', '2022-09-08 15:23:56', b'1'),
(802, 98, '2027-07-14', 118, '281.30', '2022-09-08 15:23:56', b'1'),
(803, 98, '2027-07-29', 119, '281.30', '2022-09-08 15:23:56', b'1'),
(804, 98, '2027-08-13', 120, '281.30', '2022-09-08 15:23:56', b'1'),
(805, 98, '2027-08-28', 121, '281.30', '2022-09-08 15:23:56', b'1'),
(806, 98, '2027-09-14', 122, '281.30', '2022-09-08 15:23:56', b'1'),
(807, 98, '2027-09-27', 123, '281.30', '2022-09-08 15:23:56', b'1'),
(808, 98, '2027-10-12', 124, '281.30', '2022-09-08 15:23:56', b'1'),
(809, 98, '2027-10-27', 125, '281.30', '2022-09-08 15:23:57', b'1'),
(810, 98, '2027-11-11', 126, '281.30', '2022-09-08 15:23:57', b'1'),
(811, 98, '2027-11-26', 127, '281.30', '2022-09-08 15:23:57', b'1'),
(812, 98, '2027-12-11', 128, '281.30', '2022-09-08 15:23:57', b'1'),
(813, 98, '2027-12-28', 129, '281.30', '2022-09-08 15:23:57', b'1'),
(814, 98, '2028-01-10', 130, '281.30', '2022-09-08 15:23:57', b'1'),
(815, 98, '2028-01-25', 131, '281.30', '2022-09-08 15:23:57', b'1'),
(816, 98, '2028-02-09', 132, '281.30', '2022-09-08 15:23:57', b'1'),
(817, 98, '2028-02-24', 133, '281.30', '2022-09-08 15:23:57', b'1'),
(818, 98, '2028-03-10', 134, '281.30', '2022-09-08 15:23:57', b'1'),
(819, 98, '2028-03-25', 135, '281.30', '2022-09-08 15:23:57', b'1'),
(820, 98, '2028-04-11', 136, '281.30', '2022-09-08 15:23:57', b'1'),
(821, 98, '2028-04-24', 137, '281.30', '2022-09-08 15:23:57', b'1'),
(822, 98, '2028-05-09', 138, '281.30', '2022-09-08 15:23:57', b'1');
INSERT INTO `loan_items` (`id`, `loan_id`, `date`, `num_quota`, `fee_amount`, `pay_date`, `status`) VALUES
(823, 98, '2028-05-24', 139, '281.30', '2022-09-08 15:23:57', b'1'),
(824, 98, '2028-06-08', 140, '281.30', '2022-09-08 15:23:57', b'1'),
(825, 98, '2028-06-23', 141, '281.30', '2022-09-08 15:23:57', b'1'),
(826, 98, '2028-07-08', 142, '281.30', '2022-09-08 15:23:57', b'1'),
(827, 98, '2028-07-25', 143, '281.30', '2022-09-08 15:23:57', b'1'),
(828, 98, '2028-08-07', 144, '281.30', '2022-09-08 15:23:57', b'1'),
(829, 98, '2028-08-22', 145, '281.30', '2022-09-08 15:23:57', b'1'),
(830, 98, '2028-09-06', 146, '281.30', '2022-09-08 15:23:57', b'1'),
(831, 98, '2028-09-21', 147, '281.30', '2022-09-08 15:23:57', b'1'),
(832, 98, '2028-10-06', 148, '281.30', '2022-09-08 15:23:57', b'1'),
(833, 98, '2028-10-21', 149, '281.30', '2022-09-08 15:23:58', b'1'),
(834, 98, '2028-11-07', 150, '281.30', '2022-09-08 15:23:58', b'1'),
(835, 98, '2028-11-20', 151, '281.30', '2022-09-08 15:23:58', b'1'),
(836, 98, '2028-12-05', 152, '281.30', '2022-09-08 15:23:58', b'1'),
(837, 98, '2028-12-20', 153, '281.30', '2022-09-08 15:23:58', b'1'),
(838, 98, '2029-01-04', 154, '281.30', '2022-09-08 15:23:58', b'1'),
(839, 98, '2029-01-19', 155, '281.30', '2022-09-08 15:23:58', b'1'),
(840, 98, '2029-02-03', 156, '281.30', '2022-09-08 15:23:58', b'1'),
(841, 98, '2029-02-20', 157, '281.30', '2022-09-08 15:23:58', b'1'),
(842, 98, '2029-03-05', 158, '281.30', '2022-09-08 15:23:58', b'1'),
(843, 98, '2029-03-20', 159, '281.30', '2022-09-08 15:23:58', b'1'),
(844, 98, '2029-04-04', 160, '281.30', '2022-09-08 15:23:58', b'1'),
(845, 98, '2029-04-19', 161, '281.30', '2022-09-08 15:23:58', b'1'),
(846, 98, '2029-05-04', 162, '281.30', '2022-09-08 15:23:58', b'1'),
(847, 98, '2029-05-19', 163, '281.30', '2022-09-08 15:23:58', b'1'),
(848, 98, '2029-06-05', 164, '281.30', '2022-09-08 15:23:58', b'1'),
(849, 98, '2029-06-18', 165, '281.30', '2022-09-08 15:23:58', b'1'),
(850, 98, '2029-07-03', 166, '281.30', '2022-09-08 15:23:58', b'1'),
(851, 98, '2029-07-18', 167, '281.30', '2022-09-08 15:23:58', b'1'),
(852, 98, '2029-08-02', 168, '281.30', '2022-09-08 15:23:58', b'1'),
(853, 98, '2029-08-17', 169, '281.30', '2022-09-08 15:23:58', b'1'),
(854, 98, '2029-09-01', 170, '281.30', '2022-09-08 15:23:58', b'1'),
(855, 98, '2029-09-18', 171, '281.30', '2022-09-08 15:23:58', b'1'),
(856, 98, '2029-10-01', 172, '281.30', '2022-09-08 15:23:58', b'1'),
(857, 98, '2029-10-16', 173, '281.30', '2022-09-08 15:23:58', b'1'),
(858, 98, '2029-10-31', 174, '281.30', '2022-09-08 15:23:59', b'1'),
(859, 98, '2029-11-15', 175, '281.30', '2022-09-08 15:23:59', b'1'),
(860, 98, '2029-11-30', 176, '281.30', '2022-09-08 15:23:59', b'1'),
(861, 98, '2029-12-15', 177, '281.30', '2022-09-08 15:23:59', b'1'),
(862, 98, '2030-01-01', 178, '281.30', '2022-09-08 15:23:59', b'1'),
(863, 98, '2030-01-14', 179, '281.30', '2022-09-08 15:23:59', b'1'),
(864, 98, '2030-01-29', 180, '281.30', '2022-09-08 15:23:59', b'1'),
(865, 98, '2030-02-13', 181, '281.30', '2022-09-08 15:23:59', b'1'),
(866, 98, '2030-02-28', 182, '281.30', '2022-09-08 15:23:59', b'1'),
(867, 98, '2030-03-15', 183, '281.30', '2022-09-08 15:23:59', b'1'),
(868, 98, '2030-03-30', 184, '281.30', '2022-09-08 15:23:59', b'1'),
(869, 98, '2030-04-16', 185, '281.30', '2022-09-08 15:23:59', b'1'),
(870, 98, '2030-04-29', 186, '281.30', '2022-09-08 15:23:59', b'1'),
(871, 98, '2030-05-14', 187, '281.30', '2022-09-08 15:23:59', b'1'),
(872, 98, '2030-05-29', 188, '281.30', '2022-09-08 15:23:59', b'1'),
(873, 98, '2030-06-13', 189, '281.30', '2022-09-08 15:23:59', b'1'),
(874, 98, '2030-06-28', 190, '281.30', '2022-09-08 15:23:59', b'1'),
(875, 98, '2030-07-13', 191, '281.30', '2022-09-08 15:23:59', b'1'),
(876, 98, '2030-07-30', 192, '281.30', '2022-09-08 15:23:59', b'1'),
(877, 98, '2030-08-12', 193, '281.30', '2022-09-08 15:24:00', b'1'),
(878, 98, '2030-08-27', 194, '281.30', '2022-09-08 15:24:00', b'1'),
(879, 98, '2030-09-11', 195, '281.30', '2022-09-08 15:24:00', b'1'),
(880, 98, '2030-09-26', 196, '281.30', '2022-09-08 15:24:00', b'1'),
(881, 98, '2030-10-11', 197, '281.30', '2022-09-08 15:24:00', b'1'),
(882, 98, '2030-10-26', 198, '281.30', '2022-09-08 15:24:00', b'1'),
(883, 98, '2030-11-12', 199, '281.30', '2022-09-08 15:24:00', b'1'),
(884, 98, '2030-11-25', 200, '281.30', '2022-09-08 15:24:00', b'1'),
(885, 98, '2030-12-10', 201, '281.30', '2022-09-08 15:24:00', b'1'),
(886, 98, '2030-12-25', 202, '281.30', '2022-09-08 15:24:00', b'1'),
(887, 98, '2031-01-09', 203, '281.30', '2022-09-08 15:24:00', b'1'),
(888, 98, '2031-01-24', 204, '281.30', '2022-09-08 15:24:00', b'1'),
(889, 98, '2031-02-08', 205, '281.30', '2022-09-08 15:24:00', b'1'),
(890, 98, '2031-02-25', 206, '281.30', '2022-09-08 15:24:00', b'1'),
(891, 98, '2031-03-10', 207, '281.30', '2022-09-08 15:24:00', b'1'),
(892, 98, '2031-03-25', 208, '281.30', '2022-09-08 15:24:01', b'1'),
(893, 98, '2031-04-09', 209, '281.30', '2022-09-08 15:24:01', b'1'),
(894, 98, '2031-04-24', 210, '281.30', '2022-09-08 15:24:01', b'1'),
(895, 98, '2031-05-09', 211, '281.30', '2022-09-08 15:24:01', b'1'),
(896, 98, '2031-05-24', 212, '281.30', '2022-09-08 15:24:01', b'1'),
(897, 98, '2031-06-10', 213, '281.30', '2022-09-08 15:24:01', b'1'),
(898, 98, '2031-06-23', 214, '281.30', '2022-09-08 15:24:01', b'1'),
(899, 98, '2031-07-08', 215, '281.30', '2022-09-08 15:24:01', b'1'),
(900, 98, '2031-07-23', 216, '281.30', '2022-09-08 15:24:01', b'1'),
(901, 98, '2031-08-07', 217, '281.30', '2022-09-08 15:24:02', b'1'),
(902, 98, '2031-08-22', 218, '281.30', '2022-09-08 15:24:02', b'1'),
(903, 98, '2031-09-06', 219, '281.30', '2022-09-08 15:24:02', b'1'),
(904, 98, '2031-09-23', 220, '281.30', '2022-09-08 15:24:02', b'1'),
(905, 98, '2031-10-06', 221, '281.30', '2022-09-08 15:24:02', b'1'),
(906, 98, '2031-10-21', 222, '281.30', '2022-09-08 15:24:02', b'1'),
(907, 98, '2031-11-05', 223, '281.30', '2022-09-08 15:24:02', b'1'),
(908, 98, '2031-11-20', 224, '281.30', '2022-09-08 15:24:02', b'1'),
(909, 98, '2031-12-05', 225, '281.30', '2022-09-08 15:24:02', b'1'),
(910, 98, '2031-12-20', 226, '281.30', '2022-09-08 15:24:02', b'1'),
(911, 98, '2032-01-06', 227, '281.30', '2022-09-08 15:24:02', b'1'),
(912, 98, '2032-01-19', 228, '281.30', '2022-09-08 15:24:02', b'1'),
(913, 98, '2032-02-03', 229, '281.30', '2022-09-08 15:24:02', b'1'),
(914, 98, '2032-02-18', 230, '281.30', '2022-09-08 15:24:02', b'1'),
(915, 98, '2032-03-04', 231, '281.30', '2022-09-08 15:24:02', b'1'),
(916, 98, '2032-03-19', 232, '281.30', '2022-09-08 15:24:03', b'1'),
(917, 98, '2032-04-03', 233, '281.30', '2022-09-08 15:24:03', b'1'),
(918, 98, '2032-04-20', 234, '281.30', '2022-09-08 15:24:03', b'1'),
(919, 98, '2032-05-03', 235, '281.30', '2022-09-08 15:24:03', b'1'),
(920, 98, '2032-05-18', 236, '281.30', '2022-09-08 15:24:03', b'1'),
(921, 98, '2032-06-02', 237, '281.30', '2022-09-08 15:24:03', b'1'),
(922, 98, '2032-06-17', 238, '281.30', '2022-09-08 15:24:04', b'1'),
(923, 98, '2032-07-02', 239, '281.30', '2022-09-08 15:24:04', b'1'),
(924, 98, '2032-07-17', 240, '281.30', '2022-09-08 15:24:04', b'1'),
(925, 98, '2032-08-03', 241, '281.30', '2022-09-08 15:24:04', b'1'),
(926, 98, '2032-08-16', 242, '281.30', '2022-09-08 15:24:04', b'1'),
(927, 98, '2032-08-31', 243, '281.30', '2022-09-08 15:24:04', b'1'),
(928, 98, '2032-09-15', 244, '281.30', '2022-09-08 15:24:04', b'1'),
(929, 98, '2032-09-30', 245, '281.30', '2022-09-08 15:24:04', b'1'),
(930, 98, '2032-10-15', 246, '281.30', '2022-09-08 15:24:04', b'1'),
(931, 98, '2032-10-30', 247, '281.30', '2022-09-08 15:24:04', b'1'),
(932, 98, '2032-11-16', 248, '281.30', '2022-09-08 15:24:04', b'1'),
(933, 98, '2032-11-29', 249, '281.30', '2022-09-08 15:24:04', b'1'),
(934, 98, '2032-12-14', 250, '281.30', '2022-09-08 15:24:04', b'1'),
(935, 98, '2032-12-29', 251, '281.30', '2022-09-08 15:24:04', b'1'),
(936, 98, '2033-01-13', 252, '281.30', '2022-09-08 15:24:04', b'1'),
(937, 98, '2033-01-28', 253, '281.30', '2022-09-08 15:24:05', b'1'),
(938, 98, '2033-02-12', 254, '281.30', '2022-09-08 15:24:05', b'1'),
(939, 98, '2033-03-01', 255, '281.30', '2022-09-08 15:24:05', b'1'),
(940, 98, '2033-03-14', 256, '281.30', '2022-09-08 15:24:05', b'1'),
(941, 98, '2033-03-29', 257, '281.30', '2022-09-08 15:24:05', b'1'),
(942, 98, '2033-04-13', 258, '281.30', '2022-09-08 15:24:05', b'1'),
(943, 98, '2033-04-28', 259, '281.30', '2022-09-08 15:24:05', b'1'),
(944, 98, '2033-05-13', 260, '281.30', '2022-09-08 15:24:05', b'1'),
(945, 98, '2033-05-28', 261, '281.30', '2022-09-08 15:24:05', b'1'),
(946, 98, '2033-06-14', 262, '281.30', '2022-09-08 15:24:05', b'1'),
(947, 98, '2033-06-27', 263, '281.30', '2022-09-08 15:24:05', b'1'),
(948, 98, '2033-07-12', 264, '281.30', '2022-09-08 15:24:05', b'1'),
(949, 98, '2033-07-27', 265, '281.30', '2022-09-08 15:24:05', b'1'),
(950, 98, '2033-08-11', 266, '281.30', '2022-09-08 15:24:05', b'1'),
(951, 98, '2033-08-26', 267, '281.30', '2022-09-08 15:24:05', b'1'),
(952, 98, '2033-09-10', 268, '281.30', '2022-09-08 15:24:05', b'1'),
(953, 98, '2033-09-27', 269, '281.30', '2022-09-08 15:24:06', b'1'),
(954, 98, '2033-10-10', 270, '281.30', '2022-09-08 15:24:06', b'1'),
(955, 98, '2033-10-25', 271, '281.30', '2022-09-08 15:24:06', b'1'),
(956, 98, '2033-11-09', 272, '281.30', '2022-09-08 15:24:06', b'1'),
(957, 98, '2033-11-24', 273, '281.30', '2022-09-08 15:24:06', b'1'),
(958, 98, '2033-12-09', 274, '281.30', '2022-09-08 15:24:06', b'1'),
(959, 98, '2033-12-24', 275, '281.30', '2022-09-08 15:24:06', b'1'),
(960, 98, '2034-01-10', 276, '281.30', '2022-09-08 15:24:06', b'1'),
(961, 98, '2034-01-23', 277, '281.30', '2022-09-08 15:24:06', b'1'),
(962, 98, '2034-02-07', 278, '281.30', '2022-09-08 15:24:06', b'1'),
(963, 98, '2034-02-22', 279, '281.30', '2022-09-08 15:24:06', b'1'),
(964, 98, '2034-03-09', 280, '281.30', '2022-09-08 15:24:06', b'1'),
(965, 98, '2034-03-24', 281, '281.30', '2022-09-08 15:24:06', b'1'),
(966, 98, '2034-04-08', 282, '281.30', '2022-09-08 15:24:06', b'1'),
(967, 98, '2034-04-25', 283, '281.30', '2022-09-08 15:24:06', b'1'),
(968, 98, '2034-05-08', 284, '281.30', '2022-09-08 15:24:07', b'1'),
(969, 98, '2034-05-23', 285, '281.30', '2022-09-08 15:24:07', b'1'),
(970, 98, '2034-06-07', 286, '281.30', '2022-09-08 15:24:07', b'1'),
(971, 98, '2034-06-22', 287, '281.30', '2022-09-08 15:24:07', b'1'),
(972, 98, '2034-07-07', 288, '281.30', '2022-09-08 15:24:07', b'1'),
(973, 98, '2034-07-22', 289, '281.30', '2022-09-08 15:24:07', b'1'),
(974, 98, '2034-08-08', 290, '281.30', '2022-09-08 15:24:07', b'1'),
(975, 98, '2034-08-21', 291, '281.30', '2022-09-08 15:24:07', b'1'),
(976, 98, '2034-09-05', 292, '281.30', '2022-09-08 15:24:07', b'1'),
(977, 98, '2034-09-20', 293, '281.30', '2022-09-08 15:24:07', b'1'),
(978, 98, '2034-10-05', 294, '281.30', '2022-09-08 15:24:07', b'1'),
(979, 98, '2034-10-20', 295, '281.30', '2022-09-08 15:24:07', b'1'),
(980, 98, '2034-11-04', 296, '281.30', '2022-09-08 15:24:07', b'1'),
(981, 98, '2034-11-21', 297, '281.30', '2022-09-08 15:24:07', b'1'),
(982, 98, '2034-12-04', 298, '281.30', '2022-09-08 15:24:07', b'1'),
(983, 98, '2034-12-19', 299, '281.30', '2022-09-08 15:24:07', b'1'),
(984, 98, '2035-01-03', 300, '281.30', '2022-09-08 15:24:08', b'1'),
(985, 98, '2035-01-18', 301, '281.30', '2022-09-08 15:24:08', b'1'),
(986, 98, '2035-02-02', 302, '281.30', '2022-09-08 15:24:08', b'1'),
(987, 98, '2035-02-17', 303, '281.30', '2022-09-08 15:24:08', b'1'),
(988, 98, '2035-03-06', 304, '281.30', '2022-09-08 15:24:08', b'1'),
(989, 98, '2035-03-19', 305, '281.30', '2022-09-08 15:24:08', b'1'),
(990, 98, '2035-04-03', 306, '281.30', '2022-09-08 15:24:08', b'1'),
(991, 98, '2035-04-18', 307, '281.30', '2022-09-08 15:24:09', b'1'),
(992, 98, '2035-05-03', 308, '281.30', '2022-09-08 15:24:09', b'1'),
(993, 98, '2035-05-18', 309, '281.30', '2022-09-08 15:24:09', b'1'),
(994, 98, '2035-06-02', 310, '281.30', '2022-09-08 15:24:09', b'1'),
(995, 98, '2035-06-19', 311, '281.30', '2022-09-08 15:24:09', b'1'),
(996, 98, '2035-07-02', 312, '281.30', '2022-09-08 15:24:10', b'1'),
(997, 98, '2035-07-17', 313, '281.30', '2022-09-08 15:24:10', b'1'),
(998, 98, '2035-08-01', 314, '281.30', '2022-09-08 15:24:10', b'1'),
(999, 98, '2035-08-16', 315, '281.30', '2022-09-08 15:24:10', b'1'),
(1000, 98, '2035-08-31', 316, '281.30', '2022-09-08 15:24:10', b'1'),
(1001, 98, '2035-09-15', 317, '281.30', '2022-09-08 15:24:10', b'1'),
(1002, 98, '2035-10-02', 318, '281.30', '2022-09-08 15:24:10', b'1'),
(1003, 98, '2035-10-15', 319, '281.30', '2022-09-08 15:24:10', b'1'),
(1004, 98, '2035-10-30', 320, '281.30', '2022-09-08 15:24:10', b'1'),
(1005, 98, '2035-11-14', 321, '281.30', '2022-09-08 15:24:10', b'1'),
(1006, 98, '2035-11-29', 322, '281.30', '2022-09-08 15:24:10', b'1'),
(1007, 98, '2035-12-14', 323, '281.30', '2022-09-08 15:24:11', b'1'),
(1008, 98, '2035-12-29', 324, '281.30', '2022-09-08 15:24:11', b'1'),
(1009, 98, '2036-01-15', 325, '281.30', '2022-09-08 15:24:11', b'1'),
(1010, 98, '2036-01-28', 326, '281.30', '2022-09-08 15:24:11', b'1'),
(1011, 98, '2036-02-12', 327, '281.30', '2022-09-08 15:24:11', b'1'),
(1012, 98, '2036-02-27', 328, '281.30', '2022-09-08 15:24:11', b'1'),
(1013, 98, '2036-03-13', 329, '281.30', '2022-09-08 15:24:11', b'1'),
(1014, 98, '2036-03-28', 330, '281.30', '2022-09-08 15:24:11', b'1'),
(1015, 98, '2036-04-12', 331, '281.30', '2022-09-08 15:24:11', b'1'),
(1016, 98, '2036-04-29', 332, '281.30', '2022-09-08 15:24:11', b'1'),
(1017, 98, '2036-05-12', 333, '281.30', '2022-09-08 15:24:11', b'1'),
(1018, 98, '2036-05-27', 334, '281.30', '2022-09-08 15:24:11', b'1'),
(1019, 98, '2036-06-11', 335, '281.30', '2022-09-08 15:24:12', b'1'),
(1020, 98, '2036-06-26', 336, '281.30', '2022-09-08 15:24:12', b'1'),
(1021, 98, '2036-07-11', 337, '281.30', '2022-09-08 15:24:12', b'1'),
(1022, 98, '2036-07-26', 338, '281.30', '2022-09-08 15:24:12', b'1'),
(1023, 98, '2036-08-12', 339, '281.30', '2022-09-08 15:24:12', b'1'),
(1024, 98, '2036-08-25', 340, '281.30', '2022-09-08 15:24:12', b'1'),
(1025, 98, '2036-09-09', 341, '281.30', '2022-09-08 15:24:12', b'1'),
(1026, 98, '2036-09-24', 342, '281.30', '2022-09-08 15:24:12', b'1'),
(1027, 98, '2036-10-09', 343, '281.30', '2022-09-08 15:24:12', b'1'),
(1028, 98, '2036-10-24', 344, '281.30', '2022-09-08 15:24:12', b'1'),
(1029, 98, '2036-11-08', 345, '281.30', '2022-09-08 15:24:12', b'1'),
(1030, 98, '2036-11-25', 346, '281.30', '2022-09-08 15:24:13', b'1'),
(1031, 98, '2036-12-08', 347, '281.30', '2022-09-08 15:24:13', b'1'),
(1032, 98, '2036-12-23', 348, '281.30', '2022-09-08 15:24:13', b'1'),
(1033, 98, '2037-01-07', 349, '281.30', '2022-09-08 15:24:13', b'1'),
(1034, 98, '2037-01-22', 350, '281.30', '2022-09-08 15:24:13', b'1'),
(1035, 98, '2037-02-06', 351, '281.30', '2022-09-08 15:24:13', b'1'),
(1036, 98, '2037-02-21', 352, '281.30', '2022-09-08 15:24:13', b'1'),
(1037, 98, '2037-03-10', 353, '281.30', '2022-09-08 15:24:13', b'1'),
(1038, 98, '2037-03-23', 354, '281.30', '2022-09-08 15:24:13', b'1'),
(1039, 98, '2037-04-07', 355, '281.30', '2022-09-08 15:24:13', b'1'),
(1040, 98, '2037-04-22', 356, '281.30', '2022-09-08 15:24:13', b'1'),
(1041, 98, '2037-05-07', 357, '281.30', '2022-09-08 15:24:13', b'1'),
(1042, 98, '2037-05-22', 358, '281.30', '2022-09-08 15:24:14', b'1'),
(1043, 98, '2037-06-06', 359, '281.30', '2022-09-08 15:24:14', b'1'),
(1044, 98, '2037-06-23', 360, '281.30', '2022-09-08 15:24:14', b'1'),
(1045, 98, '2037-07-06', 361, '281.30', '2022-09-08 15:24:14', b'1'),
(1046, 98, '2037-07-21', 362, '281.30', '2022-09-08 15:24:14', b'1'),
(1047, 98, '2037-08-05', 363, '281.30', '2022-09-08 15:24:14', b'1'),
(1048, 98, '2037-08-20', 364, '281.30', '2022-09-08 15:24:14', b'1'),
(1049, 98, '2037-09-04', 365, '281.30', '2022-09-08 15:24:15', b'1'),
(1050, 98, '2037-09-19', 366, '281.30', '2022-09-08 15:24:15', b'1'),
(1051, 98, '2037-10-06', 367, '281.30', '2022-09-08 15:24:15', b'1'),
(1052, 98, '2037-10-19', 368, '281.30', '2022-09-08 15:24:15', b'1'),
(1053, 98, '2037-11-03', 369, '281.30', '2022-09-08 15:24:15', b'1'),
(1054, 98, '2037-11-18', 370, '281.30', '2022-09-08 15:24:16', b'1'),
(1055, 98, '2037-12-03', 371, '281.30', '2022-09-08 15:24:16', b'1'),
(1056, 98, '2037-12-18', 372, '281.30', '2022-09-08 15:24:16', b'1'),
(1057, 98, '2038-01-02', 373, '281.30', '2022-09-08 15:24:16', b'1'),
(1058, 98, '2038-01-19', 374, '281.30', '2022-09-08 15:24:16', b'1'),
(1059, 98, '2038-02-01', 375, '281.30', '2022-09-08 15:24:16', b'1'),
(1060, 98, '2038-02-16', 376, '281.30', '2022-09-08 15:24:16', b'1'),
(1061, 98, '2038-03-03', 377, '281.30', '2022-09-08 15:24:16', b'1'),
(1062, 98, '2038-03-18', 378, '281.30', '2022-09-08 15:24:17', b'1'),
(1063, 98, '2038-04-02', 379, '281.30', '2022-09-08 15:24:17', b'1'),
(1064, 98, '2038-04-17', 380, '281.30', '2022-09-08 15:24:17', b'1'),
(1065, 98, '2038-05-04', 381, '281.30', '2022-09-08 15:24:17', b'1'),
(1066, 98, '2038-05-17', 382, '281.30', '2022-09-08 15:24:17', b'1'),
(1067, 98, '2038-06-01', 383, '281.30', '2022-09-08 15:24:17', b'1'),
(1068, 98, '2038-06-16', 384, '281.30', '2022-09-08 15:24:18', b'1'),
(1069, 98, '2038-07-01', 385, '281.30', '2022-09-08 15:24:18', b'1'),
(1070, 98, '2038-07-16', 386, '281.30', '2022-09-08 15:24:18', b'1'),
(1071, 98, '2038-07-31', 387, '281.30', '2022-09-08 15:24:18', b'1'),
(1072, 98, '2038-08-17', 388, '281.30', '2022-09-08 15:24:18', b'1'),
(1073, 98, '2038-08-30', 389, '281.30', '2022-09-08 15:24:18', b'1'),
(1074, 98, '2038-09-14', 390, '281.30', '2022-09-08 15:24:19', b'1'),
(1075, 98, '2038-09-29', 391, '281.30', '2022-09-08 15:24:19', b'1'),
(1076, 98, '2038-10-14', 392, '281.30', '2022-09-08 15:24:19', b'1'),
(1077, 98, '2038-10-29', 393, '281.30', '2022-09-08 15:24:19', b'1'),
(1078, 98, '2038-11-13', 394, '281.30', '2022-09-08 15:24:19', b'1'),
(1079, 98, '2038-11-30', 395, '281.30', '2022-09-08 15:24:19', b'1'),
(1080, 98, '2038-12-13', 396, '281.30', '2022-09-08 15:24:19', b'1'),
(1081, 98, '2038-12-28', 397, '281.30', '2022-09-08 15:24:19', b'1'),
(1082, 98, '2039-01-12', 398, '281.30', '2022-09-08 15:24:19', b'1'),
(1083, 98, '2039-01-27', 399, '281.30', '2022-09-08 15:24:19', b'1'),
(1084, 98, '2039-02-11', 400, '281.30', '2022-09-08 15:24:19', b'1'),
(1085, 98, '2039-02-26', 401, '281.30', '2022-09-08 15:24:20', b'1'),
(1086, 98, '2039-03-15', 402, '281.30', '2022-09-08 15:24:20', b'1'),
(1087, 98, '2039-03-28', 403, '281.30', '2022-09-08 15:24:20', b'1'),
(1088, 98, '2039-04-12', 404, '281.30', '2022-09-08 15:24:20', b'1'),
(1089, 98, '2039-04-27', 405, '281.30', '2022-09-08 15:24:20', b'1'),
(1090, 98, '2039-05-12', 406, '281.30', '2022-09-08 15:24:21', b'1'),
(1091, 98, '2039-05-27', 407, '281.30', '2022-09-08 15:24:21', b'1'),
(1092, 98, '2039-06-11', 408, '281.30', '2022-09-08 15:24:21', b'1'),
(1093, 98, '2039-06-28', 409, '281.30', '2022-09-08 15:24:21', b'1'),
(1094, 98, '2039-07-11', 410, '281.30', '2022-09-08 15:24:21', b'1'),
(1095, 98, '2039-07-26', 411, '281.30', '2022-09-08 15:24:21', b'1'),
(1096, 98, '2039-08-10', 412, '281.30', '2022-09-08 15:24:22', b'1'),
(1097, 98, '2039-08-25', 413, '281.30', '2022-09-08 15:24:22', b'1'),
(1098, 98, '2039-09-09', 414, '281.30', '2022-09-08 15:24:22', b'1'),
(1099, 98, '2039-09-24', 415, '281.30', '2022-09-08 15:24:22', b'1'),
(1100, 98, '2039-10-11', 416, '281.30', '2022-09-08 15:24:22', b'1'),
(1101, 98, '2039-10-24', 417, '281.30', '2022-09-08 15:24:22', b'1'),
(1102, 98, '2039-11-08', 418, '281.30', '2022-09-08 15:24:22', b'1'),
(1103, 98, '2039-11-23', 419, '281.30', '2022-09-08 15:24:22', b'1'),
(1104, 98, '2039-12-08', 420, '281.30', '2022-09-08 15:24:22', b'1'),
(1105, 98, '2039-12-23', 421, '281.30', '2022-09-08 15:24:23', b'1'),
(1106, 98, '2040-01-07', 422, '281.30', '2022-09-08 15:24:23', b'1'),
(1107, 98, '2040-01-24', 423, '281.30', '2022-09-08 15:24:23', b'1'),
(1108, 98, '2040-02-06', 424, '281.30', '2022-09-08 15:24:23', b'1'),
(1109, 98, '2040-02-21', 425, '281.30', '2022-09-08 15:24:23', b'1'),
(1110, 98, '2040-03-07', 426, '281.30', '2022-09-08 15:24:23', b'1'),
(1111, 98, '2040-03-22', 427, '281.30', '2022-09-08 15:24:23', b'1'),
(1112, 98, '2040-04-06', 428, '281.30', '2022-09-08 15:24:23', b'1'),
(1113, 98, '2040-04-21', 429, '281.30', '2022-09-08 15:24:23', b'1'),
(1114, 98, '2040-05-08', 430, '281.30', '2022-09-08 15:24:23', b'1'),
(1115, 98, '2040-05-21', 431, '281.30', '2022-09-08 15:24:23', b'1'),
(1116, 98, '2040-06-05', 432, '281.30', '2022-09-08 15:24:23', b'1'),
(1117, 98, '2040-06-20', 433, '281.30', '2022-09-08 15:24:24', b'1'),
(1118, 98, '2040-07-05', 434, '281.30', '2022-09-08 15:24:24', b'1'),
(1119, 98, '2040-07-20', 435, '281.30', '2022-09-08 15:24:24', b'1'),
(1120, 98, '2040-08-04', 436, '281.30', '2022-09-08 15:24:25', b'1'),
(1121, 98, '2040-08-21', 437, '281.30', '2022-09-08 15:24:25', b'1'),
(1122, 98, '2040-09-03', 438, '281.30', '2022-09-08 15:24:25', b'1'),
(1123, 98, '2040-09-18', 439, '281.30', '2022-09-08 15:24:25', b'1'),
(1124, 98, '2040-10-03', 440, '281.30', '2022-09-08 15:24:25', b'1'),
(1125, 98, '2040-10-18', 441, '281.30', '2022-09-08 15:24:25', b'1'),
(1126, 98, '2040-11-02', 442, '281.30', '2022-09-08 15:24:25', b'1'),
(1127, 98, '2040-11-17', 443, '281.30', '2022-09-08 15:24:25', b'1'),
(1128, 98, '2040-12-04', 444, '281.30', '2022-09-08 15:24:25', b'1'),
(1129, 98, '2040-12-17', 445, '281.30', '2022-09-08 15:24:26', b'1'),
(1130, 98, '2041-01-01', 446, '281.30', '2022-09-08 15:24:26', b'1'),
(1131, 98, '2041-01-16', 447, '281.30', '2022-09-08 15:24:26', b'1'),
(1132, 98, '2041-01-31', 448, '281.30', '2022-09-08 15:24:26', b'1'),
(1133, 98, '2041-02-15', 449, '281.30', '2022-09-08 15:24:26', b'1'),
(1134, 98, '2041-03-02', 450, '281.30', '2022-09-08 15:24:26', b'1'),
(1135, 98, '2041-03-19', 451, '281.30', '2022-09-08 15:24:26', b'1'),
(1136, 98, '2041-04-01', 452, '281.30', '2022-09-08 15:24:27', b'1'),
(1137, 98, '2041-04-16', 453, '281.30', '2022-09-08 15:24:27', b'1'),
(1138, 98, '2041-05-01', 454, '281.30', '2022-09-08 15:24:27', b'1'),
(1139, 98, '2041-05-16', 455, '281.30', '2022-09-08 15:24:27', b'1'),
(1140, 98, '2041-05-31', 456, '281.30', '2022-09-08 15:24:28', b'1'),
(1141, 98, '2041-06-15', 457, '281.30', '2022-09-08 15:24:28', b'1'),
(1142, 98, '2041-07-02', 458, '281.30', '2022-09-08 15:24:28', b'1'),
(1143, 98, '2041-07-15', 459, '281.30', '2022-09-08 15:24:28', b'1'),
(1144, 98, '2041-07-30', 460, '281.30', '2022-09-08 15:24:28', b'1'),
(1145, 98, '2041-08-14', 461, '281.30', '2022-09-08 15:24:28', b'1'),
(1146, 98, '2041-08-29', 462, '281.30', '2022-09-08 15:24:28', b'1'),
(1147, 98, '2041-09-13', 463, '281.30', '2022-09-08 15:24:28', b'1'),
(1148, 98, '2041-09-28', 464, '281.30', '2022-09-08 15:24:29', b'1'),
(1149, 98, '2041-10-15', 465, '281.30', '2022-09-08 15:24:29', b'1'),
(1150, 98, '2041-10-28', 466, '281.30', '2022-09-08 15:24:29', b'1'),
(1151, 98, '2041-11-12', 467, '281.30', '2022-09-08 15:24:29', b'1'),
(1152, 98, '2041-11-27', 468, '281.30', '2022-09-08 15:24:29', b'1'),
(1153, 98, '2041-12-12', 469, '281.30', '2022-09-08 15:24:30', b'1'),
(1154, 98, '2041-12-27', 470, '281.30', '2022-09-08 15:24:30', b'1'),
(1155, 98, '2042-01-11', 471, '281.30', '2022-09-08 15:24:30', b'1'),
(1156, 98, '2042-01-28', 472, '281.30', '2022-09-08 15:24:30', b'1'),
(1157, 98, '2042-02-10', 473, '281.30', '2022-09-08 15:24:30', b'1'),
(1158, 98, '2042-02-25', 474, '281.30', '2022-09-08 15:24:30', b'1'),
(1159, 98, '2042-03-12', 475, '281.30', '2022-09-08 15:24:30', b'1'),
(1160, 98, '2042-03-27', 476, '281.30', '2022-09-08 15:24:30', b'1'),
(1161, 98, '2042-04-11', 477, '281.30', '2022-09-08 15:24:30', b'1'),
(1162, 98, '2042-04-26', 478, '281.30', '2022-09-08 15:24:30', b'1'),
(1163, 98, '2042-05-13', 479, '281.30', '2022-09-08 15:24:30', b'1'),
(1164, 98, '2042-05-26', 480, '281.30', '2022-09-08 15:24:30', b'1'),
(1165, 98, '2042-06-10', 481, '281.30', '2022-09-08 15:24:30', b'1'),
(1166, 98, '2042-06-25', 482, '281.30', '2022-09-08 15:24:30', b'1'),
(1167, 98, '2042-07-10', 483, '281.30', '2022-09-08 15:24:31', b'1'),
(1168, 98, '2042-07-25', 484, '281.30', '2022-09-08 15:24:31', b'1'),
(1169, 98, '2042-08-09', 485, '281.30', '2022-09-08 15:24:31', b'1'),
(1170, 98, '2042-08-26', 486, '281.30', '2022-09-08 15:24:31', b'1'),
(1171, 98, '2042-09-08', 487, '281.30', '2022-09-08 15:24:31', b'1'),
(1172, 98, '2042-09-23', 488, '281.30', '2022-09-08 15:24:31', b'1'),
(1173, 98, '2042-10-08', 489, '281.30', '2022-09-08 15:24:31', b'1'),
(1174, 98, '2042-10-23', 490, '281.30', '2022-09-08 15:24:31', b'1'),
(1175, 98, '2042-11-07', 491, '281.30', '2022-09-08 15:24:31', b'1'),
(1176, 98, '2042-11-22', 492, '281.30', '2022-09-08 15:24:31', b'1'),
(1177, 98, '2042-12-09', 493, '281.30', '2022-09-08 15:24:32', b'1'),
(1178, 98, '2042-12-22', 494, '281.30', '2022-09-08 15:24:32', b'1'),
(1179, 98, '2043-01-06', 495, '281.30', '2022-09-08 15:24:32', b'1'),
(1180, 98, '2043-01-21', 496, '281.30', '2022-09-08 15:24:32', b'1'),
(1181, 98, '2043-02-05', 497, '281.30', '2022-09-08 15:24:32', b'1'),
(1182, 98, '2043-02-20', 498, '281.30', '2022-09-08 15:24:32', b'1'),
(1183, 98, '2043-03-07', 499, '281.30', '2022-09-08 15:24:32', b'1'),
(1184, 98, '2043-03-24', 500, '281.30', '2022-09-08 15:24:32', b'1'),
(1185, 98, '2043-04-06', 501, '281.30', '2022-09-08 15:24:32', b'1'),
(1186, 98, '2043-04-21', 502, '281.30', '2022-09-08 15:24:32', b'1'),
(1187, 98, '2043-05-06', 503, '281.30', '2022-09-08 15:24:32', b'1'),
(1188, 98, '2043-05-21', 504, '281.30', '2022-09-08 15:24:32', b'1'),
(1189, 98, '2043-06-05', 505, '281.30', '2022-09-08 15:24:32', b'1'),
(1190, 98, '2043-06-20', 506, '281.30', '2022-09-08 15:24:32', b'1'),
(1191, 98, '2043-07-07', 507, '281.30', '2022-09-08 15:24:32', b'1'),
(1192, 98, '2043-07-20', 508, '281.30', '2022-09-08 15:24:32', b'1'),
(1193, 98, '2043-08-04', 509, '281.30', '2022-09-08 15:24:32', b'1'),
(1194, 98, '2043-08-19', 510, '281.30', '2022-09-08 15:24:33', b'1'),
(1195, 98, '2043-09-03', 511, '281.30', '2022-09-08 15:24:33', b'1'),
(1196, 98, '2043-09-18', 512, '281.30', '2022-09-08 15:24:33', b'1'),
(1197, 98, '2043-10-03', 513, '281.30', '2022-09-08 15:24:34', b'1'),
(1198, 98, '2043-10-20', 514, '281.30', '2022-09-08 15:24:34', b'1'),
(1199, 98, '2043-11-02', 515, '281.30', '2022-09-08 15:24:34', b'1'),
(1200, 98, '2043-11-17', 516, '281.30', '2022-09-08 15:24:34', b'1'),
(1201, 98, '2043-12-02', 517, '281.30', '2022-09-08 15:24:34', b'1'),
(1202, 98, '2043-12-17', 518, '281.30', '2022-09-08 15:24:35', b'1'),
(1203, 98, '2044-01-01', 519, '281.30', '2022-09-08 15:24:35', b'1'),
(1204, 98, '2044-01-16', 520, '281.30', '2022-09-08 15:24:35', b'1'),
(1205, 98, '2044-02-02', 521, '281.30', '2022-09-08 15:24:35', b'1'),
(1206, 98, '2044-02-15', 522, '281.30', '2022-09-08 15:24:35', b'1'),
(1207, 98, '2044-03-01', 523, '281.30', '2022-09-08 15:24:36', b'1'),
(1208, 98, '2044-03-16', 524, '281.30', '2022-09-08 15:24:36', b'1'),
(1209, 98, '2044-03-31', 525, '281.30', '2022-09-08 15:24:36', b'1'),
(1210, 98, '2044-04-15', 526, '281.30', '2022-09-08 15:24:36', b'1'),
(1211, 98, '2044-04-30', 527, '281.30', '2022-09-08 15:24:36', b'1'),
(1212, 98, '2044-05-17', 528, '281.30', '2022-09-08 15:24:36', b'1'),
(1213, 98, '2044-05-30', 529, '281.30', '2022-09-08 15:24:36', b'1'),
(1214, 98, '2044-06-14', 530, '281.30', '2022-09-08 15:24:36', b'1'),
(1215, 98, '2044-06-29', 531, '281.30', '2022-09-08 15:24:37', b'1'),
(1216, 98, '2044-07-14', 532, '281.30', '2022-09-08 15:24:37', b'1'),
(1217, 98, '2044-07-29', 533, '281.30', '2022-09-08 15:24:37', b'1'),
(1218, 98, '2044-08-13', 534, '281.30', '2022-09-08 15:24:37', b'1'),
(1219, 98, '2044-08-30', 535, '281.30', '2022-09-08 15:24:37', b'1'),
(1220, 98, '2044-09-12', 536, '281.30', '2022-09-08 15:24:38', b'1'),
(1221, 98, '2044-09-27', 537, '281.30', '2022-09-08 15:24:38', b'1'),
(1222, 98, '2044-10-12', 538, '281.30', '2022-09-08 15:24:38', b'1'),
(1223, 98, '2044-10-27', 539, '281.30', '2022-09-08 15:24:38', b'1'),
(1224, 98, '2044-11-11', 540, '281.30', '2022-09-08 15:24:38', b'1'),
(1225, 98, '2044-11-26', 541, '281.30', '2022-09-08 15:24:38', b'1'),
(1226, 98, '2044-12-13', 542, '281.30', '2022-09-08 15:24:38', b'1'),
(1227, 98, '2044-12-26', 543, '281.30', '2022-09-08 15:24:38', b'1'),
(1228, 98, '2045-01-10', 544, '281.30', '2022-09-08 15:24:38', b'1'),
(1229, 98, '2045-01-25', 545, '281.30', '2022-09-08 15:24:38', b'1'),
(1230, 98, '2045-02-09', 546, '281.30', '2022-09-08 15:24:38', b'1'),
(1231, 98, '2045-02-24', 547, '281.30', '2022-09-08 15:24:38', b'1'),
(1232, 98, '2045-03-11', 548, '281.30', '2022-09-08 15:24:38', b'1'),
(1233, 98, '2045-03-28', 549, '281.30', '2022-09-08 15:24:38', b'1'),
(1234, 98, '2045-04-10', 550, '281.30', '2022-09-08 15:24:38', b'1'),
(1235, 98, '2045-04-25', 551, '281.30', '2022-09-08 15:24:38', b'1'),
(1236, 98, '2045-05-10', 552, '281.30', '2022-09-08 15:24:38', b'1'),
(1237, 98, '2045-05-25', 553, '281.30', '2022-09-08 15:24:38', b'1'),
(1238, 98, '2045-06-09', 554, '281.30', '2022-09-08 15:24:38', b'1'),
(1239, 98, '2045-06-24', 555, '281.30', '2022-09-08 15:24:39', b'1'),
(1240, 98, '2045-07-11', 556, '281.30', '2022-09-08 15:24:39', b'1'),
(1241, 98, '2045-07-24', 557, '281.30', '2022-09-08 15:24:39', b'1'),
(1242, 98, '2045-08-08', 558, '281.30', '2022-09-08 15:24:39', b'1'),
(1243, 98, '2045-08-23', 559, '281.30', '2022-09-08 15:24:39', b'1'),
(1244, 98, '2045-09-07', 560, '281.30', '2022-09-08 15:24:39', b'1'),
(1245, 98, '2045-09-22', 561, '281.30', '2022-09-08 15:24:39', b'1'),
(1246, 98, '2045-10-07', 562, '281.30', '2022-09-08 15:24:39', b'1'),
(1247, 98, '2045-10-24', 563, '281.30', '2022-09-08 15:24:39', b'1'),
(1248, 98, '2045-11-06', 564, '281.30', '2022-09-08 15:24:39', b'1'),
(1249, 98, '2045-11-21', 565, '281.30', '2022-09-08 15:24:39', b'1'),
(1250, 98, '2045-12-06', 566, '281.30', '2022-09-08 15:24:39', b'1'),
(1251, 98, '2045-12-21', 567, '281.30', '2022-09-08 15:24:39', b'1'),
(1252, 98, '2046-01-05', 568, '281.30', '2022-09-08 15:24:39', b'1'),
(1253, 98, '2046-01-20', 569, '281.30', '2022-09-08 15:24:39', b'1'),
(1254, 98, '2046-02-06', 570, '281.30', '2022-09-08 15:24:40', b'1'),
(1255, 98, '2046-02-19', 571, '281.30', '2022-09-08 15:24:40', b'1'),
(1256, 98, '2046-03-06', 572, '281.30', '2022-09-08 15:24:40', b'1'),
(1257, 98, '2046-03-21', 573, '281.30', '2022-09-08 15:24:40', b'1'),
(1258, 98, '2046-04-05', 574, '281.30', '2022-09-08 15:24:40', b'1'),
(1259, 98, '2046-04-20', 575, '281.30', '2022-09-08 15:24:40', b'1'),
(1260, 98, '2046-05-05', 576, '281.30', '2022-09-08 15:24:40', b'1'),
(1261, 98, '2046-05-22', 577, '281.30', '2022-09-08 15:24:40', b'1'),
(1262, 98, '2046-06-04', 578, '281.30', '2022-09-08 15:24:40', b'1'),
(1263, 98, '2046-06-19', 579, '281.30', '2022-09-08 15:24:40', b'1'),
(1264, 98, '2046-07-04', 580, '281.30', '2022-09-08 15:24:40', b'1'),
(1265, 98, '2046-07-19', 581, '281.30', '2022-09-08 15:24:40', b'1'),
(1266, 98, '2046-08-03', 582, '281.30', '2022-09-08 15:24:40', b'1'),
(1267, 98, '2046-08-18', 583, '281.30', '2022-09-08 15:24:40', b'1'),
(1268, 98, '2046-09-04', 584, '281.30', '2022-09-08 15:24:41', b'1'),
(1269, 98, '2046-09-17', 585, '281.30', '2022-09-08 15:24:41', b'1'),
(1270, 98, '2046-10-02', 586, '281.30', '2022-09-08 15:24:41', b'1'),
(1271, 98, '2046-10-17', 587, '281.30', '2022-09-08 15:24:41', b'1'),
(1272, 98, '2046-11-01', 588, '281.30', '2022-09-08 15:24:41', b'1'),
(1273, 98, '2046-11-16', 589, '281.30', '2022-09-08 15:24:41', b'1'),
(1274, 98, '2046-12-01', 590, '281.30', '2022-09-08 15:24:41', b'1'),
(1275, 98, '2046-12-18', 591, '281.30', '2022-09-08 15:24:41', b'1'),
(1276, 98, '2046-12-31', 592, '281.30', '2022-09-08 15:24:41', b'1'),
(1277, 98, '2047-01-15', 593, '281.30', '2022-09-08 15:24:41', b'1'),
(1278, 98, '2047-01-30', 594, '281.30', '2022-09-08 15:24:41', b'1'),
(1279, 98, '2047-02-14', 595, '281.30', '2022-09-08 15:24:41', b'1'),
(1280, 98, '2047-03-01', 596, '281.30', '2022-09-08 15:24:41', b'1'),
(1281, 98, '2047-03-16', 597, '281.30', '2022-09-08 15:24:42', b'1'),
(1282, 98, '2047-04-02', 598, '281.30', '2022-09-08 15:24:42', b'1'),
(1283, 98, '2047-04-15', 599, '281.30', '2022-09-08 15:24:42', b'1'),
(1284, 98, '2047-04-30', 600, '281.30', '2022-09-08 15:24:42', b'1'),
(1285, 98, '2047-05-15', 601, '281.30', '2022-09-08 15:24:42', b'1'),
(1286, 98, '2047-05-30', 602, '281.30', '2022-09-08 15:24:42', b'1'),
(1287, 98, '2047-06-14', 603, '281.30', '2022-09-08 15:24:42', b'1'),
(1288, 98, '2047-06-29', 604, '281.30', '2022-09-08 15:24:42', b'1'),
(1289, 98, '2047-07-16', 605, '281.30', '2022-09-08 15:24:42', b'1'),
(1290, 98, '2047-07-29', 606, '281.30', '2022-09-08 15:24:43', b'1'),
(1291, 98, '2047-08-13', 607, '281.30', '2022-09-08 15:24:43', b'1'),
(1292, 98, '2047-08-28', 608, '281.30', '2022-09-08 15:24:43', b'1'),
(1293, 98, '2047-09-12', 609, '281.30', '2022-09-08 15:24:43', b'1'),
(1294, 98, '2047-09-27', 610, '281.30', '2022-09-08 15:24:43', b'1'),
(1295, 98, '2047-10-12', 611, '281.30', '2022-09-08 15:24:43', b'1'),
(1296, 98, '2047-10-29', 612, '281.30', '2022-09-08 15:24:43', b'1'),
(1297, 98, '2047-11-11', 613, '281.30', '2022-09-08 15:24:43', b'1'),
(1298, 98, '2047-11-26', 614, '281.30', '2022-09-08 15:24:43', b'1'),
(1299, 98, '2047-12-11', 615, '281.30', '2022-09-08 15:24:43', b'1'),
(1300, 98, '2047-12-26', 616, '281.30', '2022-09-08 15:24:43', b'1'),
(1301, 98, '2048-01-10', 617, '281.30', '2022-09-08 15:24:44', b'1'),
(1302, 98, '2048-01-25', 618, '281.30', '2022-09-08 15:24:44', b'1'),
(1303, 98, '2048-02-11', 619, '281.30', '2022-09-08 15:24:44', b'1'),
(1304, 98, '2048-02-24', 620, '281.30', '2022-09-08 15:24:44', b'1'),
(1305, 98, '2048-03-10', 621, '281.30', '2022-09-08 15:24:44', b'1'),
(1306, 98, '2048-03-25', 622, '281.30', '2022-09-08 15:24:44', b'1'),
(1307, 98, '2048-04-09', 623, '281.30', '2022-09-08 15:24:44', b'1'),
(1308, 98, '2048-04-24', 624, '281.30', '2022-09-08 15:24:44', b'1'),
(1309, 98, '2048-05-09', 625, '281.30', '2022-09-08 15:24:44', b'1'),
(1310, 98, '2048-05-26', 626, '281.30', '2022-09-08 15:24:44', b'1'),
(1311, 98, '2048-06-08', 627, '281.30', '2022-09-08 15:24:44', b'1'),
(1312, 98, '2048-06-23', 628, '281.30', '2022-09-08 15:24:45', b'1'),
(1313, 98, '2048-07-08', 629, '281.30', '2022-09-08 15:24:45', b'1'),
(1314, 98, '2048-07-23', 630, '281.30', '2022-09-08 15:24:45', b'1'),
(1315, 98, '2048-08-07', 631, '281.30', '2022-09-08 15:24:45', b'1'),
(1316, 98, '2048-08-22', 632, '281.30', '2022-09-08 15:24:45', b'1'),
(1317, 98, '2048-09-08', 633, '281.30', '2022-09-08 15:24:45', b'1'),
(1318, 98, '2048-09-21', 634, '281.30', '2022-09-08 15:24:45', b'1'),
(1319, 98, '2048-10-06', 635, '281.30', '2022-09-08 15:24:45', b'1'),
(1320, 98, '2048-10-21', 636, '281.30', '2022-09-08 15:24:45', b'1'),
(1321, 98, '2048-11-05', 637, '281.30', '2022-09-08 15:24:45', b'1'),
(1322, 98, '2048-11-20', 638, '281.30', '2022-09-08 15:24:46', b'1'),
(1323, 98, '2048-12-05', 639, '281.30', '2022-09-08 15:24:46', b'1'),
(1324, 98, '2048-12-22', 640, '281.30', '2022-09-08 15:24:46', b'1'),
(1325, 98, '2049-01-04', 641, '281.30', '2022-09-08 15:24:46', b'1'),
(1326, 98, '2049-01-19', 642, '281.30', '2022-09-08 15:24:46', b'1'),
(1327, 98, '2049-02-03', 643, '281.30', '2022-09-08 15:24:46', b'1'),
(1328, 98, '2049-02-18', 644, '281.30', '2022-09-08 15:24:46', b'1'),
(1329, 98, '2049-03-05', 645, '281.30', '2022-09-08 15:24:46', b'1'),
(1330, 98, '2049-03-20', 646, '281.30', '2022-09-08 15:24:46', b'1'),
(1331, 98, '2049-04-06', 647, '281.30', '2022-09-08 15:24:46', b'1'),
(1332, 98, '2049-04-19', 648, '281.30', '2022-09-08 15:24:47', b'1'),
(1333, 98, '2049-05-04', 649, '281.30', '2022-09-08 15:24:47', b'1'),
(1334, 98, '2049-05-19', 650, '281.30', '2022-09-08 15:24:47', b'1'),
(1335, 98, '2049-06-03', 651, '281.30', '2022-09-08 15:24:47', b'1'),
(1336, 98, '2049-06-18', 652, '281.30', '2022-09-08 15:24:47', b'1'),
(1337, 98, '2049-07-03', 653, '281.30', '2022-09-08 15:24:47', b'1'),
(1338, 98, '2049-07-20', 654, '281.30', '2022-09-08 15:24:47', b'1'),
(1339, 98, '2049-08-02', 655, '281.30', '2022-09-08 15:24:48', b'1'),
(1340, 98, '2049-08-17', 656, '281.30', '2022-09-08 15:24:48', b'1'),
(1341, 98, '2049-09-01', 657, '281.30', '2022-09-08 15:24:48', b'1'),
(1342, 98, '2049-09-16', 658, '281.30', '2022-09-08 15:24:48', b'1'),
(1343, 98, '2049-10-01', 659, '281.30', '2022-09-08 15:24:48', b'1'),
(1344, 98, '2049-10-16', 660, '281.30', '2022-09-08 15:24:48', b'1'),
(1345, 98, '2049-11-02', 661, '281.30', '2022-09-08 15:24:48', b'1'),
(1346, 98, '2049-11-15', 662, '281.30', '2022-09-08 15:24:48', b'1'),
(1347, 98, '2049-11-30', 663, '281.30', '2022-09-08 15:24:48', b'1'),
(1348, 98, '2049-12-15', 664, '281.30', '2022-09-08 15:24:49', b'1'),
(1349, 98, '2049-12-30', 665, '281.30', '2022-09-08 15:24:50', b'1'),
(1350, 98, '2050-01-14', 666, '281.30', '2022-09-08 15:24:50', b'1'),
(1351, 98, '2050-01-29', 667, '281.30', '2022-09-08 15:24:50', b'1'),
(1352, 98, '2050-02-15', 668, '281.30', '2022-09-08 15:24:51', b'1'),
(1353, 98, '2050-02-28', 669, '281.30', '2022-09-08 15:24:51', b'1'),
(1354, 98, '2050-03-15', 670, '281.30', '2022-09-08 15:24:51', b'1'),
(1355, 98, '2050-03-30', 671, '281.30', '2022-09-08 15:24:51', b'1'),
(1356, 98, '2050-04-14', 672, '281.30', '2022-09-08 15:24:51', b'1'),
(1357, 98, '2050-04-29', 673, '281.30', '2022-09-08 15:24:51', b'1'),
(1358, 98, '2050-05-14', 674, '281.30', '2022-09-08 15:24:51', b'1'),
(1359, 98, '2050-05-31', 675, '281.30', '2022-09-08 15:24:51', b'1'),
(1360, 98, '2050-06-13', 676, '281.30', '2022-09-08 15:24:52', b'1'),
(1361, 98, '2050-06-28', 677, '281.30', '2022-09-08 15:24:52', b'1'),
(1362, 98, '2050-07-13', 678, '281.30', '2022-09-08 15:24:52', b'1'),
(1363, 98, '2050-07-28', 679, '281.30', '2022-09-08 15:24:52', b'1'),
(1364, 98, '2050-08-12', 680, '281.30', '2022-09-08 15:24:52', b'1'),
(1365, 98, '2050-08-27', 681, '281.30', '2022-09-08 15:24:52', b'1'),
(1366, 98, '2050-09-13', 682, '281.30', '2022-09-08 15:24:53', b'1'),
(1367, 98, '2050-09-26', 683, '281.30', '2022-09-08 15:24:53', b'1'),
(1368, 98, '2050-10-11', 684, '281.30', '2022-09-08 15:24:53', b'1'),
(1369, 98, '2050-10-26', 685, '281.30', '2022-09-08 15:24:53', b'1'),
(1370, 98, '2050-11-10', 686, '281.30', '2022-09-08 15:24:53', b'1'),
(1371, 98, '2050-11-25', 687, '281.30', '2022-09-08 15:24:54', b'1'),
(1372, 98, '2050-12-10', 688, '281.30', '2022-09-08 15:24:54', b'1'),
(1373, 98, '2050-12-27', 689, '281.30', '2022-09-08 15:24:54', b'1'),
(1374, 98, '2051-01-09', 690, '281.30', '2022-09-08 15:24:54', b'1'),
(1375, 98, '2051-01-24', 691, '281.30', '2022-09-08 15:24:55', b'1'),
(1376, 98, '2051-02-08', 692, '281.30', '2022-09-08 15:24:55', b'1'),
(1377, 98, '2051-02-23', 693, '281.30', '2022-09-08 15:24:55', b'1'),
(1378, 98, '2051-03-10', 694, '281.30', '2022-09-08 15:24:55', b'1'),
(1379, 98, '2051-03-25', 695, '281.30', '2022-09-08 15:24:55', b'1'),
(1380, 98, '2051-04-11', 696, '281.30', '2022-09-08 15:24:55', b'1'),
(1381, 98, '2051-04-24', 697, '281.30', '2022-09-08 15:24:56', b'1'),
(1382, 98, '2051-05-09', 698, '281.30', '2022-09-08 15:24:56', b'1'),
(1383, 98, '2051-05-24', 699, '281.30', '2022-09-08 15:24:56', b'1'),
(1384, 98, '2051-06-08', 700, '281.30', '2022-09-08 15:24:57', b'1'),
(1385, 98, '2051-06-23', 701, '281.30', '2022-09-08 15:24:57', b'1'),
(1386, 98, '2051-07-08', 702, '281.30', '2022-09-08 15:24:57', b'1'),
(1387, 98, '2051-07-25', 703, '281.30', '2022-09-08 15:24:57', b'1'),
(1388, 98, '2051-08-07', 704, '281.30', '2022-09-08 15:24:57', b'1'),
(1389, 98, '2051-08-22', 705, '281.30', '2022-09-08 15:24:57', b'1'),
(1390, 98, '2051-09-06', 706, '281.30', '2022-09-08 15:24:57', b'1'),
(1391, 98, '2051-09-21', 707, '281.30', '2022-09-08 15:24:57', b'1'),
(1392, 98, '2051-10-06', 708, '281.30', '2022-09-08 15:24:58', b'1'),
(1393, 98, '2051-10-21', 709, '281.30', '2022-09-08 15:24:58', b'1'),
(1394, 98, '2051-11-07', 710, '281.30', '2022-09-08 15:24:58', b'1'),
(1395, 98, '2051-11-20', 711, '281.30', '2022-09-08 15:24:58', b'1'),
(1396, 98, '2051-12-05', 712, '281.30', '2022-09-08 15:24:58', b'1'),
(1397, 98, '2051-12-20', 713, '281.30', '2022-09-08 15:24:58', b'1'),
(1398, 98, '2052-01-04', 714, '281.30', '2022-09-08 15:24:58', b'1'),
(1399, 98, '2052-01-19', 715, '281.30', '2022-09-08 15:24:58', b'1'),
(1400, 98, '2052-02-03', 716, '281.30', '2022-09-08 15:24:59', b'1'),
(1401, 98, '2052-02-20', 717, '281.30', '2022-09-08 15:24:59', b'1'),
(1402, 98, '2052-03-04', 718, '281.30', '2022-09-08 15:24:59', b'1'),
(1403, 98, '2052-03-19', 719, '281.30', '2022-09-08 15:24:59', b'1'),
(1404, 98, '2052-04-03', 720, '281.30', '2022-09-08 15:24:59', b'1'),
(1405, 98, '2052-04-18', 721, '281.30', '2022-09-08 15:24:59', b'1'),
(1406, 98, '2052-05-03', 722, '281.30', '2022-09-08 15:25:00', b'1'),
(1407, 98, '2052-05-18', 723, '281.30', '2022-09-08 15:25:00', b'1'),
(1408, 98, '2052-06-04', 724, '281.30', '2022-09-08 15:25:00', b'1'),
(1409, 98, '2052-06-17', 725, '281.30', '2022-09-08 15:25:00', b'1'),
(1410, 98, '2052-07-02', 726, '281.30', '2022-09-08 15:25:00', b'1'),
(1411, 98, '2052-07-17', 727, '281.30', '2022-09-08 15:25:00', b'1'),
(1412, 98, '2052-08-01', 728, '281.30', '2022-09-08 15:25:00', b'1'),
(1413, 98, '2052-08-16', 729, '281.30', '2022-09-08 15:25:01', b'1'),
(1414, 98, '2052-08-31', 730, '281.30', '2022-09-08 15:25:01', b'1'),
(1415, 98, '2052-09-17', 731, '281.30', '2022-09-08 15:25:01', b'1'),
(1416, 98, '2052-09-30', 732, '281.30', '2022-09-08 15:25:01', b'1'),
(1417, 98, '2052-10-15', 733, '281.30', '2022-09-08 15:25:01', b'1'),
(1418, 98, '2052-10-30', 734, '281.30', '2022-09-08 15:25:01', b'1'),
(1419, 98, '2052-11-14', 735, '281.30', '2022-09-08 15:25:01', b'1'),
(1420, 98, '2052-11-29', 736, '281.30', '2022-09-08 15:25:02', b'1'),
(1421, 98, '2052-12-14', 737, '281.30', '2022-09-08 15:25:02', b'1'),
(1422, 98, '2052-12-31', 738, '281.30', '2022-09-08 15:25:02', b'1'),
(1423, 98, '2053-01-13', 739, '281.30', '2022-09-08 15:25:02', b'1'),
(1424, 98, '2053-01-28', 740, '281.30', '2022-09-08 15:25:02', b'1'),
(1425, 98, '2053-02-12', 741, '281.30', '2022-09-08 15:25:02', b'1'),
(1426, 98, '2053-02-27', 742, '281.30', '2022-09-08 15:25:02', b'1'),
(1427, 98, '2053-03-14', 743, '281.30', '2022-09-08 15:25:02', b'1'),
(1428, 98, '2053-03-29', 744, '281.30', '2022-09-08 15:25:02', b'1'),
(1429, 98, '2053-04-15', 745, '281.30', '2022-09-08 15:25:02', b'1'),
(1430, 98, '2053-04-28', 746, '281.30', '2022-09-08 15:25:03', b'1'),
(1431, 98, '2053-05-13', 747, '281.30', '2022-09-08 15:25:03', b'1'),
(1432, 98, '2053-05-28', 748, '281.30', '2022-09-08 15:25:03', b'1'),
(1433, 98, '2053-06-12', 749, '281.30', '2022-09-08 15:25:03', b'1'),
(1434, 98, '2053-06-27', 750, '281.30', '2022-09-08 15:25:03', b'1'),
(1435, 98, '2053-07-12', 751, '281.30', '2022-09-08 15:25:03', b'1'),
(1436, 98, '2053-07-29', 752, '281.30', '2022-09-08 15:25:03', b'1'),
(1437, 98, '2053-08-11', 753, '281.30', '2022-09-08 15:25:03', b'1'),
(1438, 98, '2053-08-26', 754, '281.30', '2022-09-08 15:25:03', b'1'),
(1439, 98, '2053-09-10', 755, '281.30', '2022-09-08 15:25:04', b'1'),
(1440, 98, '2053-09-25', 756, '281.30', '2022-09-08 15:25:04', b'1'),
(1441, 98, '2053-10-10', 757, '281.30', '2022-09-08 15:25:04', b'1'),
(1442, 98, '2053-10-25', 758, '281.30', '2022-09-08 15:25:04', b'1'),
(1443, 98, '2053-11-11', 759, '281.30', '2022-09-08 15:25:04', b'1'),
(1444, 98, '2053-11-24', 760, '281.30', '2022-09-08 15:25:04', b'1'),
(1445, 98, '2053-12-09', 761, '281.30', '2022-09-08 15:25:04', b'1'),
(1446, 98, '2053-12-24', 762, '281.30', '2022-09-08 15:25:04', b'1'),
(1447, 98, '2054-01-08', 763, '281.30', '2022-09-08 15:25:04', b'1'),
(1448, 98, '2054-01-23', 764, '281.30', '2022-09-08 15:25:05', b'1'),
(1449, 98, '2054-02-07', 765, '281.30', '2022-09-08 15:25:05', b'1'),
(1450, 98, '2054-02-24', 766, '281.30', '2022-09-08 15:25:05', b'1'),
(1451, 98, '2054-03-09', 767, '281.30', '2022-09-08 15:25:05', b'1'),
(1452, 98, '2054-03-24', 768, '281.30', '2022-09-08 15:25:05', b'1'),
(1453, 98, '2054-04-08', 769, '281.30', '2022-09-08 15:25:05', b'1'),
(1454, 98, '2054-04-23', 770, '281.30', '2022-09-08 15:25:05', b'1'),
(1455, 98, '2054-05-08', 771, '281.30', '2022-09-08 15:25:05', b'1'),
(1456, 98, '2054-05-23', 772, '281.30', '2022-09-08 15:25:05', b'1'),
(1457, 98, '2054-06-09', 773, '281.30', '2022-09-08 15:25:06', b'1'),
(1458, 98, '2054-06-22', 774, '281.30', '2022-09-08 15:25:06', b'1'),
(1459, 98, '2054-07-07', 775, '281.30', '2022-09-08 15:25:06', b'1'),
(1460, 98, '2054-07-22', 776, '281.30', '2022-09-08 15:25:06', b'1'),
(1461, 98, '2054-08-06', 777, '281.30', '2022-09-08 15:25:07', b'1'),
(1462, 98, '2054-08-21', 778, '281.30', '2022-09-08 15:25:07', b'1'),
(1463, 98, '2054-09-05', 779, '281.30', '2022-09-08 15:25:07', b'1'),
(1464, 98, '2054-09-22', 780, '281.30', '2022-09-08 15:25:07', b'1'),
(1465, 98, '2054-10-05', 781, '281.30', '2022-09-08 15:25:07', b'1'),
(1466, 98, '2054-10-20', 782, '281.30', '2022-09-08 15:25:07', b'1'),
(1467, 98, '2054-11-04', 783, '281.30', '2022-09-08 15:25:07', b'1'),
(1468, 98, '2054-11-19', 784, '281.30', '2022-09-08 15:25:07', b'1'),
(1469, 98, '2054-12-04', 785, '281.30', '2022-09-08 15:25:07', b'1'),
(1470, 98, '2054-12-19', 786, '281.30', '2022-09-08 15:25:07', b'1'),
(1471, 98, '2055-01-05', 787, '281.30', '2022-09-08 15:25:07', b'1'),
(1472, 98, '2055-01-18', 788, '281.30', '2022-09-08 15:25:08', b'1'),
(1473, 98, '2055-02-02', 789, '281.30', '2022-09-08 15:25:08', b'1'),
(1474, 98, '2055-02-17', 790, '281.30', '2022-09-08 15:25:08', b'1'),
(1475, 98, '2055-03-04', 791, '281.30', '2022-09-08 15:25:09', b'1'),
(1476, 98, '2055-03-19', 792, '281.30', '2022-09-08 15:25:09', b'1'),
(1477, 98, '2055-04-03', 793, '281.30', '2022-09-08 15:25:09', b'1'),
(1478, 98, '2055-04-20', 794, '281.30', '2022-09-08 15:25:09', b'1'),
(1479, 98, '2055-05-03', 795, '281.30', '2022-09-08 15:25:09', b'1'),
(1480, 98, '2055-05-18', 796, '281.30', '2022-09-08 15:25:09', b'1'),
(1481, 98, '2055-06-02', 797, '281.30', '2022-09-08 15:25:09', b'1'),
(1482, 98, '2055-06-17', 798, '281.30', '2022-09-08 15:25:10', b'1'),
(1483, 98, '2055-07-02', 799, '281.30', '2022-09-08 15:25:10', b'1'),
(1484, 98, '2055-07-17', 800, '281.30', '2022-09-08 15:25:10', b'1'),
(1485, 98, '2055-08-03', 801, '281.30', '2022-09-08 15:25:10', b'1'),
(1486, 98, '2055-08-16', 802, '281.30', '2022-09-08 15:25:10', b'1'),
(1487, 98, '2055-08-31', 803, '281.30', '2022-09-08 15:25:10', b'1'),
(1488, 98, '2055-09-15', 804, '281.30', '2022-09-08 15:25:10', b'1'),
(1489, 98, '2055-09-30', 805, '281.30', '2022-09-08 15:25:10', b'1'),
(1490, 98, '2055-10-15', 806, '281.30', '2022-09-08 15:25:11', b'1'),
(1491, 98, '2055-10-30', 807, '281.30', '2022-09-08 15:25:12', b'1'),
(1492, 98, '2055-11-16', 808, '281.30', '2022-09-08 15:25:12', b'1'),
(1493, 98, '2055-11-29', 809, '281.30', '2022-09-08 15:25:12', b'1'),
(1494, 98, '2055-12-14', 810, '281.30', '2022-09-08 15:25:12', b'1'),
(1495, 98, '2055-12-29', 811, '281.30', '2022-09-08 15:25:13', b'1'),
(1496, 98, '2056-01-13', 812, '281.30', '2022-09-08 15:25:13', b'1'),
(1497, 98, '2056-01-28', 813, '281.30', '2022-09-08 15:25:13', b'1'),
(1498, 98, '2056-02-12', 814, '281.30', '2022-09-08 15:25:13', b'1'),
(1499, 98, '2056-02-29', 815, '281.30', '2022-09-08 15:25:13', b'1'),
(1500, 98, '2056-03-13', 816, '281.30', '2022-09-08 15:25:14', b'1'),
(1501, 98, '2056-03-28', 817, '281.30', '2022-09-08 15:25:14', b'1'),
(1502, 98, '2056-04-12', 818, '281.30', '2022-09-08 15:25:14', b'1'),
(1503, 98, '2056-04-27', 819, '281.30', '2022-09-08 15:25:14', b'1'),
(1504, 98, '2056-05-12', 820, '281.30', '2022-09-08 15:25:14', b'1'),
(1505, 98, '2056-05-27', 821, '281.30', '2022-09-08 15:25:14', b'1'),
(1506, 98, '2056-06-13', 822, '281.30', '2022-09-08 15:25:14', b'1'),
(1507, 98, '2056-06-26', 823, '281.30', '2022-09-08 15:25:14', b'1'),
(1508, 98, '2056-07-11', 824, '281.30', '2022-09-08 15:25:14', b'1'),
(1509, 98, '2056-07-26', 825, '281.30', '2022-09-08 15:25:15', b'1'),
(1510, 98, '2056-08-10', 826, '281.30', '2022-09-08 15:25:15', b'1'),
(1511, 98, '2056-08-25', 827, '281.30', '2022-09-08 15:25:15', b'1'),
(1512, 98, '2056-09-09', 828, '281.30', '2022-09-08 15:25:15', b'1'),
(1513, 98, '2056-09-26', 829, '281.30', '2022-09-08 15:25:16', b'1'),
(1514, 98, '2056-10-09', 830, '281.30', '2022-09-08 15:25:16', b'1'),
(1515, 98, '2056-10-24', 831, '281.30', '2022-09-08 15:25:16', b'1'),
(1516, 98, '2056-11-08', 832, '281.30', '2022-09-08 15:25:17', b'1'),
(1517, 98, '2056-11-23', 833, '281.30', '2022-09-08 15:25:17', b'1'),
(1518, 98, '2056-12-08', 834, '281.30', '2022-09-08 15:25:17', b'1'),
(1519, 98, '2056-12-23', 835, '281.30', '2022-09-08 15:25:17', b'1'),
(1520, 98, '2057-01-09', 836, '281.30', '2022-09-08 15:25:17', b'1'),
(1521, 98, '2057-01-22', 837, '281.30', '2022-09-08 15:25:17', b'1'),
(1522, 98, '2057-02-06', 838, '281.30', '2022-09-08 15:25:17', b'1'),
(1523, 98, '2057-02-21', 839, '281.30', '2022-09-08 15:25:18', b'1'),
(1524, 98, '2057-03-08', 840, '281.30', '2022-09-08 15:25:18', b'1'),
(1525, 98, '2057-03-23', 841, '281.30', '2022-09-08 15:25:18', b'1'),
(1526, 98, '2057-04-07', 842, '281.30', '2022-09-08 15:25:18', b'1'),
(1527, 98, '2057-04-24', 843, '281.30', '2022-09-08 15:25:18', b'1'),
(1528, 98, '2057-05-07', 844, '281.30', '2022-09-08 15:25:19', b'1'),
(1529, 98, '2057-05-22', 845, '281.30', '2022-09-08 15:25:19', b'1'),
(1530, 98, '2057-06-06', 846, '281.30', '2022-09-08 15:25:19', b'1'),
(1531, 98, '2057-06-21', 847, '281.30', '2022-09-08 15:25:21', b'1'),
(1532, 98, '2057-07-06', 848, '281.30', '2022-09-08 15:25:21', b'1'),
(1533, 98, '2057-07-21', 849, '281.30', '2022-09-08 15:25:22', b'1'),
(1534, 98, '2057-08-07', 850, '281.30', '2022-09-08 15:25:23', b'1'),
(1535, 98, '2057-08-20', 851, '281.30', '2022-09-08 15:25:23', b'1'),
(1536, 98, '2057-09-04', 852, '281.30', '2022-09-08 15:25:23', b'1'),
(1537, 98, '2057-09-19', 853, '281.30', '2022-09-08 15:25:23', b'1'),
(1538, 98, '2057-10-04', 854, '281.30', '2022-09-08 15:25:24', b'1'),
(1539, 98, '2057-10-19', 855, '281.30', '2022-09-08 15:25:24', b'1'),
(1540, 98, '2057-11-03', 856, '281.30', '2022-09-08 15:25:25', b'1'),
(1541, 98, '2057-11-20', 857, '281.30', '2022-09-08 15:25:25', b'1'),
(1542, 98, '2057-12-03', 858, '281.30', '2022-09-08 15:25:25', b'1'),
(1543, 98, '2057-12-18', 859, '281.30', '2022-09-08 15:25:26', b'1'),
(1544, 98, '2058-01-02', 860, '281.30', '2022-09-08 15:25:26', b'1'),
(1545, 98, '2058-01-17', 861, '281.30', '2022-09-08 15:25:26', b'1'),
(1546, 98, '2058-02-01', 862, '281.30', '2022-09-08 15:25:26', b'1'),
(1547, 98, '2058-02-16', 863, '281.30', '2022-09-08 15:25:26', b'1'),
(1548, 98, '2058-03-05', 864, '281.30', '2022-09-08 15:25:26', b'1'),
(1549, 98, '2058-03-18', 865, '281.30', '2022-09-08 15:25:26', b'1'),
(1550, 98, '2058-04-02', 866, '281.30', '2022-09-08 15:25:27', b'1'),
(1551, 98, '2058-04-17', 867, '281.30', '2022-09-08 15:25:27', b'1'),
(1552, 98, '2058-05-02', 868, '281.30', '2022-09-08 15:25:27', b'1'),
(1553, 98, '2058-05-17', 869, '281.30', '2022-09-08 15:25:27', b'1'),
(1554, 98, '2058-06-01', 870, '281.30', '2022-09-08 15:25:28', b'1'),
(1555, 98, '2058-06-18', 871, '281.30', '2022-09-08 15:25:28', b'1'),
(1556, 98, '2058-07-01', 872, '281.30', '2022-09-08 15:25:28', b'1'),
(1557, 98, '2058-07-16', 873, '281.30', '2022-09-08 15:25:28', b'1'),
(1558, 98, '2058-07-31', 874, '281.30', '2022-09-08 15:25:28', b'1');
INSERT INTO `loan_items` (`id`, `loan_id`, `date`, `num_quota`, `fee_amount`, `pay_date`, `status`) VALUES
(1559, 98, '2058-08-15', 875, '281.30', '2022-09-08 15:25:28', b'1'),
(1560, 98, '2058-08-30', 876, '281.30', '2022-09-08 15:25:28', b'1'),
(1561, 98, '2058-09-14', 877, '281.30', '2022-09-08 15:25:29', b'1'),
(1562, 98, '2058-10-01', 878, '281.30', '2022-09-08 15:25:29', b'1'),
(1563, 98, '2058-10-14', 879, '281.30', '2022-09-08 15:25:29', b'1'),
(1564, 98, '2058-10-29', 880, '281.30', '2022-09-08 15:25:29', b'1'),
(1565, 98, '2058-11-13', 881, '281.30', '2022-09-08 15:25:29', b'1'),
(1566, 98, '2058-11-28', 882, '281.30', '2022-09-08 15:25:29', b'1'),
(1567, 98, '2058-12-13', 883, '281.30', '2022-09-08 15:25:29', b'1'),
(1568, 98, '2058-12-28', 884, '281.30', '2022-09-08 15:25:29', b'1'),
(1569, 98, '2059-01-14', 885, '281.30', '2022-09-08 15:25:29', b'1'),
(1570, 98, '2059-01-27', 886, '281.30', '2022-09-08 15:25:29', b'1'),
(1571, 98, '2059-02-11', 887, '281.30', '2022-09-08 15:25:30', b'1'),
(1572, 98, '2059-02-26', 888, '281.30', '2022-09-08 15:25:30', b'1'),
(1573, 98, '2059-03-13', 889, '281.30', '2022-09-08 15:25:30', b'1'),
(1574, 98, '2059-03-28', 890, '281.30', '2022-09-08 15:25:30', b'1'),
(1575, 98, '2059-04-12', 891, '281.30', '2022-09-08 15:25:30', b'1'),
(1576, 98, '2059-04-29', 892, '281.30', '2022-09-08 15:25:30', b'1'),
(1577, 98, '2059-05-12', 893, '281.30', '2022-09-08 15:25:30', b'1'),
(1578, 98, '2059-05-27', 894, '281.30', '2022-09-08 15:25:30', b'1'),
(1579, 98, '2059-06-11', 895, '281.30', '2022-09-08 15:25:30', b'1'),
(1580, 98, '2059-06-26', 896, '281.30', '2022-09-08 15:25:30', b'1'),
(1581, 98, '2059-07-11', 897, '281.30', '2022-09-08 15:25:30', b'1'),
(1582, 98, '2059-07-26', 898, '281.30', '2022-09-08 15:25:30', b'1'),
(1583, 98, '2059-08-12', 899, '281.30', '2022-09-08 15:25:30', b'1'),
(1584, 98, '2059-08-25', 900, '281.30', '2022-09-08 15:25:30', b'1'),
(1585, 98, '2059-09-09', 901, '281.30', '2022-09-08 15:25:30', b'1'),
(1586, 98, '2059-09-24', 902, '281.30', '2022-09-08 15:25:30', b'1'),
(1587, 98, '2059-10-09', 903, '281.30', '2022-09-08 15:25:30', b'1'),
(1588, 98, '2059-10-24', 904, '281.30', '2022-09-08 15:25:31', b'1'),
(1589, 98, '2059-11-08', 905, '281.30', '2022-09-08 15:25:31', b'1'),
(1590, 98, '2059-11-25', 906, '281.30', '2022-09-08 15:25:31', b'1'),
(1591, 98, '2059-12-08', 907, '281.30', '2022-09-08 15:25:31', b'1'),
(1592, 98, '2059-12-23', 908, '281.30', '2022-09-08 15:25:31', b'1'),
(1593, 98, '2060-01-07', 909, '281.30', '2022-09-08 15:25:31', b'1'),
(1594, 98, '2060-01-22', 910, '281.30', '2022-09-08 15:25:31', b'1'),
(1595, 98, '2060-02-06', 911, '281.30', '2022-09-08 15:25:31', b'1'),
(1596, 98, '2060-02-21', 912, '281.30', '2022-09-08 15:25:31', b'1'),
(1597, 98, '2060-03-09', 913, '281.30', '2022-09-08 15:25:31', b'1'),
(1598, 98, '2060-03-22', 914, '281.30', '2022-09-08 15:25:31', b'1'),
(1599, 98, '2060-04-06', 915, '281.30', '2022-09-08 15:25:31', b'1'),
(1600, 98, '2060-04-21', 916, '281.30', '2022-09-08 15:25:31', b'1'),
(1601, 98, '2060-05-06', 917, '281.30', '2022-09-08 15:25:32', b'1'),
(1602, 98, '2060-05-21', 918, '281.30', '2022-09-08 15:25:32', b'1'),
(1603, 98, '2060-06-05', 919, '281.30', '2022-09-08 15:25:32', b'1'),
(1604, 98, '2060-06-22', 920, '281.30', '2022-09-08 15:25:32', b'1'),
(1605, 98, '2060-07-05', 921, '281.30', '2022-09-08 15:25:32', b'1'),
(1606, 98, '2060-07-20', 922, '281.30', '2022-09-08 15:25:32', b'1'),
(1607, 98, '2060-08-04', 923, '281.30', '2022-09-08 15:25:32', b'1'),
(1608, 98, '2060-08-19', 924, '281.30', '2022-09-08 15:25:32', b'1'),
(1609, 98, '2060-09-03', 925, '281.30', '2022-09-08 15:25:32', b'1'),
(1610, 98, '2060-09-18', 926, '281.30', '2022-09-08 15:25:32', b'1'),
(1611, 98, '2060-10-05', 927, '281.30', '2022-09-08 15:25:32', b'1'),
(1612, 98, '2060-10-18', 928, '281.30', '2022-09-08 15:25:33', b'1'),
(1613, 98, '2060-11-02', 929, '281.30', '2022-09-08 15:25:33', b'1'),
(1614, 98, '2060-11-17', 930, '281.30', '2022-09-08 15:25:33', b'1'),
(1615, 98, '2060-12-02', 931, '281.30', '2022-09-08 15:25:33', b'1'),
(1616, 98, '2060-12-17', 932, '281.30', '2022-09-08 15:25:33', b'1'),
(1617, 98, '2061-01-01', 933, '281.30', '2022-09-08 15:25:33', b'1'),
(1618, 98, '2061-01-18', 934, '281.30', '2022-09-08 15:25:33', b'1'),
(1619, 98, '2061-01-31', 935, '281.30', '2022-09-08 15:25:33', b'1'),
(1620, 98, '2061-02-15', 936, '281.30', '2022-09-08 15:25:33', b'1'),
(1621, 98, '2061-03-02', 937, '281.30', '2022-09-08 15:25:33', b'1'),
(1622, 98, '2061-03-17', 938, '281.30', '2022-09-08 15:25:33', b'1'),
(1623, 98, '2061-04-01', 939, '281.30', '2022-09-08 15:25:33', b'1'),
(1624, 98, '2061-04-16', 940, '281.30', '2022-09-08 15:25:33', b'1'),
(1625, 98, '2061-05-03', 941, '281.30', '2022-09-08 15:25:33', b'1'),
(1626, 98, '2061-05-16', 942, '281.30', '2022-09-08 15:25:33', b'1'),
(1627, 98, '2061-05-31', 943, '281.30', '2022-09-08 15:25:34', b'1'),
(1628, 98, '2061-06-15', 944, '281.30', '2022-09-08 15:25:34', b'1'),
(1629, 98, '2061-06-30', 945, '281.30', '2022-09-08 15:25:34', b'1'),
(1630, 98, '2061-07-15', 946, '281.30', '2022-09-08 15:25:34', b'1'),
(1631, 98, '2061-07-30', 947, '281.30', '2022-09-08 15:25:34', b'1'),
(1632, 98, '2061-08-16', 948, '281.30', '2022-09-08 15:25:34', b'1'),
(1633, 98, '2061-08-29', 949, '281.30', '2022-09-08 15:25:34', b'1'),
(1634, 98, '2061-09-13', 950, '281.30', '2022-09-08 15:25:34', b'1'),
(1635, 98, '2061-09-28', 951, '281.30', '2022-09-08 15:25:34', b'1'),
(1636, 98, '2061-10-13', 952, '281.30', '2022-09-08 15:25:34', b'1'),
(1637, 98, '2061-10-28', 953, '281.30', '2022-09-08 15:25:34', b'1'),
(1638, 98, '2061-11-12', 954, '281.30', '2022-09-08 15:25:34', b'1'),
(1639, 98, '2061-11-29', 955, '281.30', '2022-09-08 15:25:35', b'1'),
(1640, 98, '2061-12-12', 956, '281.30', '2022-09-08 15:25:35', b'1'),
(1641, 98, '2061-12-27', 957, '281.30', '2022-09-08 15:25:35', b'1'),
(1642, 98, '2062-01-11', 958, '281.30', '2022-09-08 15:25:35', b'1'),
(1643, 98, '2062-01-26', 959, '281.30', '2022-09-08 15:25:35', b'1'),
(1644, 98, '2062-02-10', 960, '281.30', '2022-09-08 15:25:35', b'1'),
(1645, 98, '2062-02-25', 961, '281.30', '2022-09-08 15:25:35', b'1'),
(1646, 98, '2062-03-14', 962, '281.30', '2022-09-08 15:25:35', b'1'),
(1647, 98, '2062-03-27', 963, '281.30', '2022-09-08 15:25:35', b'1'),
(1648, 98, '2062-04-11', 964, '281.30', '2022-09-08 15:25:35', b'1'),
(1649, 98, '2062-04-26', 965, '281.30', '2022-09-08 15:25:35', b'1'),
(1650, 98, '2062-05-11', 966, '281.30', '2022-09-08 15:25:35', b'1'),
(1651, 98, '2062-05-26', 967, '281.30', '2022-09-08 15:25:35', b'1'),
(1652, 98, '2062-06-10', 968, '281.30', '2022-09-08 15:25:35', b'1'),
(1653, 98, '2062-06-27', 969, '281.30', '2022-09-08 15:25:35', b'1'),
(1654, 98, '2062-07-10', 970, '281.30', '2022-09-08 15:25:35', b'1'),
(1655, 98, '2062-07-25', 971, '281.30', '2022-09-08 15:25:35', b'1'),
(1656, 98, '2062-08-09', 972, '281.30', '2022-09-08 15:25:35', b'1'),
(1657, 98, '2062-08-24', 973, '281.30', '2022-09-08 15:25:35', b'1'),
(1658, 98, '2062-09-08', 974, '281.30', '2022-09-08 15:25:36', b'1'),
(1659, 98, '2062-09-23', 975, '281.30', '2022-09-08 15:25:36', b'1'),
(1660, 98, '2062-10-10', 976, '281.30', '2022-09-08 15:25:36', b'1'),
(1661, 98, '2062-10-23', 977, '281.30', '2022-09-08 15:25:36', b'1'),
(1662, 98, '2062-11-07', 978, '281.30', '2022-09-08 15:25:36', b'1'),
(1663, 98, '2062-11-22', 979, '281.30', '2022-09-08 15:25:36', b'1'),
(1664, 98, '2062-12-07', 980, '281.30', '2022-09-08 15:25:36', b'1'),
(1665, 98, '2062-12-22', 981, '281.30', '2022-09-08 15:25:36', b'1'),
(1666, 98, '2063-01-06', 982, '281.30', '2022-09-08 15:25:36', b'1'),
(1667, 98, '2063-01-23', 983, '281.30', '2022-09-08 15:25:36', b'1'),
(1668, 98, '2063-02-05', 984, '281.30', '2022-09-08 15:25:36', b'1'),
(1669, 98, '2063-02-20', 985, '281.30', '2022-09-08 15:25:36', b'1'),
(1670, 98, '2063-03-07', 986, '281.30', '2022-09-08 15:25:37', b'1'),
(1671, 98, '2063-03-22', 987, '281.30', '2022-09-08 15:25:37', b'1'),
(1672, 98, '2063-04-06', 988, '281.30', '2022-09-08 15:25:37', b'1'),
(1673, 98, '2063-04-21', 989, '281.30', '2022-09-08 15:25:37', b'1'),
(1674, 98, '2063-05-08', 990, '281.30', '2022-09-08 15:25:37', b'1'),
(1675, 98, '2063-05-21', 991, '281.30', '2022-09-08 15:25:37', b'1'),
(1676, 98, '2063-06-05', 992, '281.30', '2022-09-08 15:25:37', b'1'),
(1677, 98, '2063-06-20', 993, '281.30', '2022-09-08 15:25:37', b'1'),
(1678, 98, '2063-07-05', 994, '281.30', '2022-09-08 15:25:37', b'1'),
(1679, 98, '2063-07-20', 995, '281.30', '2022-09-08 15:25:37', b'1'),
(1680, 98, '2063-08-04', 996, '281.30', '2022-09-08 15:25:37', b'1'),
(1681, 98, '2063-08-21', 997, '281.30', '2022-09-08 15:25:37', b'1'),
(1682, 98, '2063-09-03', 998, '281.30', '2022-09-08 15:25:38', b'1'),
(1683, 98, '2063-09-18', 999, '281.30', '2022-09-08 15:25:38', b'1'),
(1684, 98, '2063-10-03', 1000, '281.30', '2022-09-08 15:25:38', b'1'),
(1685, 98, '2063-10-18', 1001, '281.30', '2022-09-08 15:25:38', b'1'),
(1686, 98, '2063-11-02', 1002, '281.30', '2022-09-08 15:25:38', b'1'),
(1687, 98, '2063-11-17', 1003, '281.30', '2022-09-08 15:25:38', b'1'),
(1688, 98, '2063-12-04', 1004, '281.30', '2022-09-08 15:25:38', b'1'),
(1689, 98, '2063-12-17', 1005, '281.30', '2022-09-08 15:25:39', b'1'),
(1690, 98, '2064-01-01', 1006, '281.30', '2022-09-08 15:25:39', b'1'),
(1691, 98, '2064-01-16', 1007, '281.30', '2022-09-08 15:25:39', b'1'),
(1692, 98, '2064-01-31', 1008, '281.30', '2022-09-08 15:25:40', b'1'),
(1693, 98, '2064-02-15', 1009, '281.30', '2022-09-08 15:25:40', b'1'),
(1694, 98, '2064-03-01', 1010, '281.30', '2022-09-08 15:25:40', b'1'),
(1695, 98, '2064-03-18', 1011, '281.30', '2022-09-08 15:25:40', b'1'),
(1696, 98, '2064-03-31', 1012, '281.30', '2022-09-08 15:25:40', b'1'),
(1697, 98, '2064-04-15', 1013, '281.30', '2022-09-08 15:25:40', b'1'),
(1698, 98, '2064-04-30', 1014, '281.30', '2022-09-08 15:25:40', b'1'),
(1699, 98, '2064-05-15', 1015, '281.30', '2022-09-08 15:25:41', b'1'),
(1700, 98, '2064-05-30', 1016, '281.30', '2022-09-08 15:25:41', b'1'),
(1701, 98, '2064-06-14', 1017, '281.30', '2022-09-08 15:25:41', b'1'),
(1702, 98, '2064-07-01', 1018, '281.30', '2022-09-08 15:25:41', b'1'),
(1703, 98, '2064-07-14', 1019, '281.30', '2022-09-08 15:25:41', b'1'),
(1704, 98, '2064-07-29', 1020, '281.30', '2022-09-08 15:25:41', b'1'),
(1705, 98, '2064-08-13', 1021, '281.30', '2022-09-08 15:25:42', b'1'),
(1706, 98, '2064-08-28', 1022, '281.30', '2022-09-08 15:25:42', b'1'),
(1707, 98, '2064-09-12', 1023, '281.30', '2022-09-08 15:25:42', b'1'),
(1708, 98, '2064-09-27', 1024, '281.30', '2022-09-08 15:25:42', b'1'),
(1709, 98, '2064-10-14', 1025, '281.30', '2022-09-08 15:25:42', b'1'),
(1710, 98, '2064-10-27', 1026, '281.30', '2022-09-08 15:25:42', b'1'),
(1711, 98, '2064-11-11', 1027, '281.30', '2022-09-08 15:25:42', b'1'),
(1712, 98, '2064-11-26', 1028, '281.30', '2022-09-08 15:25:42', b'1'),
(1713, 98, '2064-12-11', 1029, '281.30', '2022-09-08 15:25:42', b'1'),
(1714, 98, '2064-12-26', 1030, '281.30', '2022-09-08 15:25:42', b'1'),
(1715, 98, '2065-01-10', 1031, '281.30', '2022-09-08 15:25:42', b'1'),
(1716, 98, '2065-01-27', 1032, '281.30', '2022-09-08 15:25:43', b'1'),
(1717, 98, '2065-02-09', 1033, '281.30', '2022-09-08 15:25:43', b'1'),
(1718, 98, '2065-02-24', 1034, '281.30', '2022-09-08 15:25:43', b'1'),
(1719, 98, '2065-03-11', 1035, '281.30', '2022-09-08 15:25:43', b'1'),
(1720, 98, '2065-03-26', 1036, '281.30', '2022-09-08 15:25:43', b'1'),
(1721, 98, '2065-04-10', 1037, '281.30', '2022-09-08 15:25:43', b'1'),
(1722, 98, '2065-04-25', 1038, '281.30', '2022-09-08 15:25:43', b'1'),
(1723, 98, '2065-05-12', 1039, '281.30', '2022-09-08 15:25:43', b'1'),
(1724, 98, '2065-05-25', 1040, '281.30', '2022-09-08 15:25:43', b'1'),
(1725, 98, '2065-06-09', 1041, '281.30', '2022-09-08 15:25:43', b'1'),
(1726, 98, '2065-06-24', 1042, '281.30', '2022-09-08 15:25:44', b'1'),
(1727, 98, '2065-07-09', 1043, '281.30', '2022-09-08 15:25:44', b'1'),
(1728, 98, '2065-07-24', 1044, '281.30', '2022-09-08 15:25:44', b'1'),
(1729, 98, '2065-08-08', 1045, '281.30', '2022-09-08 15:25:44', b'1'),
(1730, 98, '2065-08-25', 1046, '281.30', '2022-09-08 15:25:44', b'1'),
(1731, 98, '2065-09-07', 1047, '281.30', '2022-09-08 15:25:44', b'1'),
(1732, 98, '2065-09-22', 1048, '281.30', '2022-09-08 15:25:44', b'1'),
(1733, 98, '2065-10-07', 1049, '281.30', '2022-09-08 15:25:44', b'1'),
(1734, 98, '2065-10-22', 1050, '281.30', '2022-09-08 15:25:44', b'1'),
(1735, 98, '2065-11-06', 1051, '281.30', '2022-09-08 15:25:45', b'1'),
(1736, 98, '2065-11-21', 1052, '281.30', '2022-09-08 15:25:45', b'1'),
(1737, 98, '2065-12-08', 1053, '281.30', '2022-09-08 15:25:45', b'1'),
(1738, 98, '2065-12-21', 1054, '281.30', '2022-09-08 15:25:45', b'1'),
(1739, 98, '2066-01-05', 1055, '281.30', '2022-09-08 15:25:45', b'1'),
(1740, 98, '2066-01-20', 1056, '281.30', '2022-09-08 15:25:45', b'1'),
(1741, 98, '2066-02-04', 1057, '281.30', '2022-09-08 15:25:45', b'1'),
(1742, 98, '2066-02-19', 1058, '281.30', '2022-09-08 15:25:45', b'1'),
(1743, 98, '2066-03-06', 1059, '281.30', '2022-09-08 15:25:45', b'1'),
(1744, 98, '2066-03-23', 1060, '281.30', '2022-09-08 15:25:46', b'1'),
(1745, 98, '2066-04-05', 1061, '281.30', '2022-09-08 15:25:46', b'1'),
(1746, 98, '2066-04-20', 1062, '281.30', '2022-09-08 15:25:46', b'1'),
(1747, 98, '2066-05-05', 1063, '281.30', '2022-09-08 15:25:46', b'1'),
(1748, 98, '2066-05-20', 1064, '281.30', '2022-09-08 15:25:46', b'1'),
(1749, 98, '2066-06-04', 1065, '281.30', '2022-09-08 15:25:46', b'1'),
(1750, 98, '2066-06-19', 1066, '281.30', '2022-09-08 15:25:46', b'1'),
(1751, 98, '2066-07-06', 1067, '281.30', '2022-09-08 15:25:46', b'1'),
(1752, 98, '2066-07-19', 1068, '281.30', '2022-09-08 15:25:46', b'1'),
(1753, 98, '2066-08-03', 1069, '281.30', '2022-09-08 15:25:46', b'1'),
(1754, 98, '2066-08-18', 1070, '281.30', '2022-09-08 15:25:46', b'1'),
(1755, 98, '2066-09-02', 1071, '281.30', '2022-09-08 15:25:47', b'1'),
(1756, 98, '2066-09-17', 1072, '281.30', '2022-09-08 15:25:47', b'1'),
(1757, 98, '2066-10-02', 1073, '281.30', '2022-09-08 15:25:47', b'1'),
(1758, 98, '2066-10-19', 1074, '281.30', '2022-09-08 15:25:47', b'1'),
(1759, 98, '2066-11-01', 1075, '281.30', '2022-09-08 15:25:47', b'1'),
(1760, 98, '2066-11-16', 1076, '281.30', '2022-09-08 15:25:47', b'1'),
(1761, 98, '2066-12-01', 1077, '281.30', '2022-09-08 15:25:47', b'1'),
(1762, 98, '2066-12-16', 1078, '281.30', '2022-09-08 15:25:47', b'1'),
(1763, 98, '2066-12-31', 1079, '281.30', '2022-09-08 15:25:47', b'1'),
(1764, 98, '2067-01-15', 1080, '281.30', '2022-09-08 15:25:47', b'1'),
(1765, 98, '2067-02-01', 1081, '281.30', '2022-09-08 15:25:48', b'1'),
(1766, 98, '2067-02-14', 1082, '281.30', '2022-09-08 15:25:48', b'1'),
(1767, 98, '2067-03-01', 1083, '281.30', '2022-09-08 15:25:48', b'1'),
(1768, 98, '2067-03-16', 1084, '281.30', '2022-09-08 15:25:48', b'1'),
(1769, 98, '2067-03-31', 1085, '281.30', '2022-09-08 15:25:48', b'1'),
(1770, 98, '2067-04-15', 1086, '281.30', '2022-09-08 15:25:48', b'1'),
(1771, 98, '2067-04-30', 1087, '281.30', '2022-09-08 15:25:48', b'1'),
(1772, 98, '2067-05-17', 1088, '281.30', '2022-09-08 15:25:48', b'1'),
(1773, 98, '2067-05-30', 1089, '281.30', '2022-09-08 15:25:48', b'1'),
(1774, 98, '2067-06-14', 1090, '281.30', '2022-09-08 15:25:48', b'1'),
(1775, 98, '2067-06-29', 1091, '281.30', '2022-09-08 15:25:48', b'1'),
(1776, 98, '2067-07-14', 1092, '281.30', '2022-09-08 15:25:49', b'1'),
(1777, 98, '2067-07-29', 1093, '281.30', '2022-09-08 15:25:49', b'1'),
(1778, 98, '2067-08-13', 1094, '281.30', '2022-09-08 15:25:49', b'1'),
(1779, 98, '2067-08-30', 1095, '281.30', '2022-09-08 15:25:49', b'1'),
(1780, 98, '2067-09-12', 1096, '281.30', '2022-09-08 15:25:49', b'1'),
(1781, 98, '2067-09-27', 1097, '281.30', '2022-09-08 15:25:49', b'1'),
(1782, 98, '2067-10-12', 1098, '281.30', '2022-09-08 15:25:49', b'1'),
(1783, 98, '2067-10-27', 1099, '281.30', '2022-09-08 15:25:49', b'1'),
(1784, 98, '2067-11-11', 1100, '281.30', '2022-09-08 15:25:49', b'1'),
(1785, 99, '2022-09-23', 1, '292.50', '2022-09-08 15:27:55', b'1'),
(1786, 99, '2022-10-08', 2, '292.50', '2022-09-08 15:27:55', b'1'),
(1787, 99, '2022-10-25', 3, '292.50', '2022-09-08 15:27:55', b'1'),
(1788, 99, '2022-11-07', 4, '292.50', '2022-09-08 15:27:55', b'1'),
(1789, 99, '2022-11-22', 5, '292.50', '2022-09-08 15:27:55', b'1'),
(1790, 99, '2022-12-07', 6, '292.50', '2022-09-08 15:27:55', b'1'),
(1791, 99, '2022-12-22', 7, '292.50', '2022-09-08 15:27:55', b'1'),
(1792, 99, '2023-01-06', 8, '292.50', '2022-09-08 15:27:55', b'1'),
(1793, 100, '2022-09-23', 1, '544.00', '2022-09-08 15:29:21', b'1'),
(1794, 100, '2022-10-08', 2, '544.00', '2022-09-08 15:29:21', b'1'),
(1795, 100, '2022-10-25', 3, '544.00', '2022-09-08 15:29:21', b'1'),
(1796, 100, '2022-11-07', 4, '544.00', '2022-09-08 15:29:21', b'1'),
(1797, 101, '2022-09-23', 1, '384.00', '2022-09-08 16:45:40', b'1'),
(1798, 101, '2022-10-08', 2, '384.00', '2022-09-08 16:45:41', b'1'),
(1799, 101, '2022-10-25', 3, '384.00', '2022-09-08 16:45:41', b'1'),
(1800, 101, '2022-11-07', 4, '384.00', '2022-09-08 16:45:41', b'1'),
(3105, 103, '2022-09-23', 1, '570.00', '2022-09-08 17:07:25', b'1'),
(3106, 103, '2022-10-08', 2, '570.00', '2022-09-08 17:07:25', b'1'),
(3107, 104, '2022-09-23', 1, '1600.00', '2022-09-08 17:07:50', b'1'),
(3108, 104, '2022-10-08', 2, '1600.00', '2022-09-08 17:07:50', b'1'),
(3109, 104, '2022-10-25', 3, '1600.00', '2022-09-08 17:07:50', b'1'),
(3110, 104, '2022-11-07', 4, '1600.00', '2022-09-08 17:07:50', b'1'),
(3115, 107, '2022-09-24', 1, '2280.00', '2022-09-09 20:39:23', b'1'),
(3116, 107, '2022-10-11', 2, '2280.00', '2022-09-09 20:39:23', b'1'),
(3117, 108, '2022-09-24', 1, '285.00', '2022-09-09 20:45:38', b'1'),
(3118, 108, '2022-10-11', 2, '285.00', '2022-09-09 20:45:38', b'1'),
(3119, 109, '2022-09-24', 1, '321.00', '2022-09-09 20:49:34', b'1'),
(3120, 110, '2022-09-27', 1, '281.30', '2022-09-13 15:12:30', b'0'),
(3121, 110, '2022-10-12', 2, '281.30', '2022-09-13 15:12:30', b'0'),
(3122, 110, '2022-10-27', 3, '281.30', '2022-09-13 15:12:30', b'0'),
(3123, 110, '2022-11-11', 4, '281.30', '2022-09-12 23:00:08', b'1'),
(3124, 110, '2022-11-26', 5, '281.30', '2022-09-12 23:00:08', b'1'),
(3125, 110, '2022-12-13', 6, '281.30', '2022-09-12 23:00:08', b'1'),
(3126, 110, '2022-12-26', 7, '281.30', '2022-09-12 23:00:09', b'1'),
(3127, 110, '2023-01-10', 8, '281.30', '2022-09-12 23:00:09', b'1'),
(3128, 110, '2023-01-25', 9, '281.30', '2022-09-12 23:00:09', b'1'),
(3129, 110, '2023-02-09', 10, '281.30', '2022-09-12 23:00:09', b'1'),
(3130, 110, '2023-02-24', 11, '281.30', '2022-09-12 23:00:09', b'1'),
(3131, 110, '2023-03-11', 12, '281.30', '2022-09-12 23:00:09', b'1'),
(3132, 110, '2023-03-28', 13, '281.30', '2022-09-12 23:00:09', b'1'),
(3133, 110, '2023-04-10', 14, '281.30', '2022-09-12 23:00:09', b'1'),
(3134, 110, '2023-04-25', 15, '281.30', '2022-09-12 23:00:09', b'1'),
(3135, 110, '2023-05-10', 16, '281.30', '2022-09-12 23:00:09', b'1'),
(3136, 110, '2023-05-25', 17, '281.30', '2022-09-12 23:00:09', b'1'),
(3137, 110, '2023-06-09', 18, '281.30', '2022-09-12 23:00:09', b'1'),
(3138, 110, '2023-06-24', 19, '281.30', '2022-09-12 23:00:09', b'1'),
(3139, 110, '2023-07-11', 20, '281.30', '2022-09-12 23:00:09', b'1'),
(3140, 110, '2023-07-24', 21, '281.30', '2022-09-12 23:00:09', b'1'),
(3141, 110, '2023-08-08', 22, '281.30', '2022-09-12 23:00:09', b'1'),
(3142, 110, '2023-08-23', 23, '281.30', '2022-09-12 23:00:09', b'1'),
(3143, 110, '2023-09-07', 24, '281.30', '2022-09-12 23:00:09', b'1'),
(3144, 110, '2023-09-22', 25, '281.30', '2022-09-12 23:00:09', b'1'),
(3145, 110, '2023-10-07', 26, '281.30', '2022-09-12 23:00:09', b'1'),
(3146, 110, '2023-10-24', 27, '281.30', '2022-09-12 23:00:09', b'1'),
(3147, 110, '2023-11-06', 28, '281.30', '2022-09-12 23:00:09', b'1'),
(3148, 110, '2023-11-21', 29, '281.30', '2022-09-12 23:00:10', b'1'),
(3149, 110, '2023-12-06', 30, '281.30', '2022-09-12 23:00:10', b'1'),
(3150, 110, '2023-12-21', 31, '281.30', '2022-09-12 23:00:10', b'1'),
(3151, 110, '2024-01-05', 32, '281.30', '2022-09-12 23:00:10', b'1'),
(3152, 110, '2024-01-20', 33, '281.30', '2022-09-12 23:00:10', b'1'),
(3153, 110, '2024-02-06', 34, '281.30', '2022-09-12 23:00:10', b'1'),
(3154, 110, '2024-02-19', 35, '281.30', '2022-09-12 23:00:10', b'1'),
(3155, 110, '2024-03-05', 36, '281.30', '2022-09-12 23:00:10', b'1'),
(3156, 110, '2024-03-20', 37, '281.30', '2022-09-12 23:00:10', b'1'),
(3157, 110, '2024-04-04', 38, '281.30', '2022-09-12 23:00:10', b'1'),
(3158, 110, '2024-04-19', 39, '281.30', '2022-09-12 23:00:10', b'1'),
(3159, 110, '2024-05-04', 40, '281.30', '2022-09-12 23:00:10', b'1'),
(3160, 110, '2024-05-21', 41, '281.30', '2022-09-12 23:00:10', b'1'),
(3161, 110, '2024-06-03', 42, '281.30', '2022-09-12 23:00:10', b'1'),
(3162, 110, '2024-06-18', 43, '281.30', '2022-09-12 23:00:10', b'1'),
(3163, 110, '2024-07-03', 44, '281.30', '2022-09-12 23:00:10', b'1'),
(3164, 110, '2024-07-18', 45, '281.30', '2022-09-12 23:00:10', b'1'),
(3165, 110, '2024-08-02', 46, '281.30', '2022-09-12 23:00:10', b'1'),
(3166, 110, '2024-08-17', 47, '281.30', '2022-09-12 23:00:10', b'1'),
(3167, 110, '2024-09-03', 48, '281.30', '2022-09-12 23:00:10', b'1'),
(3168, 110, '2024-09-16', 49, '281.30', '2022-09-12 23:00:10', b'1'),
(3169, 110, '2024-10-01', 50, '281.30', '2022-09-12 23:00:10', b'1'),
(3170, 110, '2024-10-16', 51, '281.30', '2022-09-12 23:00:10', b'1'),
(3171, 110, '2024-10-31', 52, '281.30', '2022-09-12 23:00:10', b'1'),
(3172, 110, '2024-11-15', 53, '281.30', '2022-09-12 23:00:11', b'1'),
(3173, 110, '2024-11-30', 54, '281.30', '2022-09-12 23:00:11', b'1'),
(3174, 110, '2024-12-17', 55, '281.30', '2022-09-12 23:00:11', b'1'),
(3175, 110, '2024-12-30', 56, '281.30', '2022-09-12 23:00:11', b'1'),
(3176, 110, '2025-01-14', 57, '281.30', '2022-09-12 23:00:11', b'1'),
(3177, 110, '2025-01-29', 58, '281.30', '2022-09-12 23:00:11', b'1'),
(3178, 110, '2025-02-13', 59, '281.30', '2022-09-12 23:00:11', b'1'),
(3179, 110, '2025-02-28', 60, '281.30', '2022-09-12 23:00:11', b'1'),
(3180, 110, '2025-03-15', 61, '281.30', '2022-09-12 23:00:11', b'1'),
(3181, 110, '2025-04-01', 62, '281.30', '2022-09-12 23:00:11', b'1'),
(3182, 110, '2025-04-14', 63, '281.30', '2022-09-12 23:00:11', b'1'),
(3183, 110, '2025-04-29', 64, '281.30', '2022-09-12 23:00:11', b'1'),
(3184, 110, '2025-05-14', 65, '281.30', '2022-09-12 23:00:11', b'1'),
(3185, 110, '2025-05-29', 66, '281.30', '2022-09-12 23:00:11', b'1'),
(3186, 110, '2025-06-13', 67, '281.30', '2022-09-12 23:00:11', b'1'),
(3187, 110, '2025-06-28', 68, '281.30', '2022-09-12 23:00:11', b'1'),
(3188, 110, '2025-07-15', 69, '281.30', '2022-09-12 23:00:11', b'1'),
(3189, 110, '2025-07-28', 70, '281.30', '2022-09-12 23:00:11', b'1'),
(3190, 110, '2025-08-12', 71, '281.30', '2022-09-12 23:00:11', b'1'),
(3191, 110, '2025-08-27', 72, '281.30', '2022-09-12 23:00:11', b'1'),
(3192, 110, '2025-09-11', 73, '281.30', '2022-09-12 23:00:11', b'1'),
(3193, 110, '2025-09-26', 74, '281.30', '2022-09-12 23:00:11', b'1'),
(3194, 110, '2025-10-11', 75, '281.30', '2022-09-12 23:00:11', b'1'),
(3195, 110, '2025-10-28', 76, '281.30', '2022-09-12 23:00:11', b'1'),
(3196, 110, '2025-11-10', 77, '281.30', '2022-09-12 23:00:11', b'1'),
(3197, 110, '2025-11-25', 78, '281.30', '2022-09-12 23:00:11', b'1'),
(3198, 110, '2025-12-10', 79, '281.30', '2022-09-12 23:00:11', b'1'),
(3199, 110, '2025-12-25', 80, '281.30', '2022-09-12 23:00:11', b'1'),
(3200, 110, '2026-01-09', 81, '281.30', '2022-09-12 23:00:12', b'1'),
(3201, 110, '2026-01-24', 82, '281.30', '2022-09-12 23:00:12', b'1'),
(3202, 110, '2026-02-10', 83, '281.30', '2022-09-12 23:00:12', b'1'),
(3203, 110, '2026-02-23', 84, '281.30', '2022-09-12 23:00:12', b'1'),
(3204, 110, '2026-03-10', 85, '281.30', '2022-09-12 23:00:12', b'1'),
(3205, 110, '2026-03-25', 86, '281.30', '2022-09-12 23:00:12', b'1'),
(3206, 110, '2026-04-09', 87, '281.30', '2022-09-12 23:00:12', b'1'),
(3207, 110, '2026-04-24', 88, '281.30', '2022-09-12 23:00:12', b'1'),
(3208, 110, '2026-05-09', 89, '281.30', '2022-09-12 23:00:12', b'1'),
(3209, 110, '2026-05-26', 90, '281.30', '2022-09-12 23:00:12', b'1'),
(3210, 110, '2026-06-08', 91, '281.30', '2022-09-12 23:00:12', b'1'),
(3211, 110, '2026-06-23', 92, '281.30', '2022-09-12 23:00:12', b'1'),
(3212, 110, '2026-07-08', 93, '281.30', '2022-09-12 23:00:12', b'1'),
(3213, 110, '2026-07-23', 94, '281.30', '2022-09-12 23:00:12', b'1'),
(3214, 110, '2026-08-07', 95, '281.30', '2022-09-12 23:00:12', b'1'),
(3215, 110, '2026-08-22', 96, '281.30', '2022-09-12 23:00:12', b'1'),
(3216, 110, '2026-09-08', 97, '281.30', '2022-09-12 23:00:12', b'1'),
(3217, 110, '2026-09-21', 98, '281.30', '2022-09-12 23:00:12', b'1'),
(3218, 110, '2026-10-06', 99, '281.30', '2022-09-12 23:00:12', b'1'),
(3219, 110, '2026-10-21', 100, '281.30', '2022-09-12 23:00:12', b'1'),
(3220, 110, '2026-11-05', 101, '281.30', '2022-09-12 23:00:12', b'1'),
(3221, 110, '2026-11-20', 102, '281.30', '2022-09-12 23:00:12', b'1'),
(3222, 110, '2026-12-05', 103, '281.30', '2022-09-12 23:00:12', b'1'),
(3223, 110, '2026-12-22', 104, '281.30', '2022-09-12 23:00:12', b'1'),
(3224, 110, '2027-01-04', 105, '281.30', '2022-09-12 23:00:12', b'1'),
(3225, 110, '2027-01-19', 106, '281.30', '2022-09-12 23:00:12', b'1'),
(3226, 110, '2027-02-03', 107, '281.30', '2022-09-12 23:00:12', b'1'),
(3227, 110, '2027-02-18', 108, '281.30', '2022-09-12 23:00:12', b'1'),
(3228, 110, '2027-03-05', 109, '281.30', '2022-09-12 23:00:12', b'1'),
(3229, 110, '2027-03-20', 110, '281.30', '2022-09-12 23:00:13', b'1'),
(3230, 110, '2027-04-06', 111, '281.30', '2022-09-12 23:00:13', b'1'),
(3231, 110, '2027-04-19', 112, '281.30', '2022-09-12 23:00:13', b'1'),
(3232, 110, '2027-05-04', 113, '281.30', '2022-09-12 23:00:13', b'1'),
(3233, 110, '2027-05-19', 114, '281.30', '2022-09-12 23:00:13', b'1'),
(3234, 110, '2027-06-03', 115, '281.30', '2022-09-12 23:00:13', b'1'),
(3235, 110, '2027-06-18', 116, '281.30', '2022-09-12 23:00:13', b'1'),
(3236, 110, '2027-07-03', 117, '281.30', '2022-09-12 23:00:13', b'1'),
(3237, 110, '2027-07-20', 118, '281.30', '2022-09-12 23:00:13', b'1'),
(3238, 110, '2027-08-02', 119, '281.30', '2022-09-12 23:00:13', b'1'),
(3239, 110, '2027-08-17', 120, '281.30', '2022-09-12 23:00:13', b'1'),
(3240, 110, '2027-09-01', 121, '281.30', '2022-09-12 23:00:13', b'1'),
(3241, 110, '2027-09-16', 122, '281.30', '2022-09-12 23:00:14', b'1'),
(3242, 110, '2027-10-01', 123, '281.30', '2022-09-12 23:00:14', b'1'),
(3243, 110, '2027-10-16', 124, '281.30', '2022-09-12 23:00:14', b'1'),
(3244, 110, '2027-11-02', 125, '281.30', '2022-09-12 23:00:14', b'1'),
(3245, 110, '2027-11-15', 126, '281.30', '2022-09-12 23:00:14', b'1'),
(3246, 110, '2027-11-30', 127, '281.30', '2022-09-12 23:00:14', b'1'),
(3247, 110, '2027-12-15', 128, '281.30', '2022-09-12 23:00:14', b'1'),
(3248, 110, '2027-12-30', 129, '281.30', '2022-09-12 23:00:14', b'1'),
(3249, 110, '2028-01-14', 130, '281.30', '2022-09-12 23:00:14', b'1'),
(3250, 110, '2028-01-29', 131, '281.30', '2022-09-12 23:00:14', b'1'),
(3251, 110, '2028-02-15', 132, '281.30', '2022-09-12 23:00:14', b'1'),
(3252, 110, '2028-02-28', 133, '281.30', '2022-09-12 23:00:14', b'1'),
(3253, 110, '2028-03-14', 134, '281.30', '2022-09-12 23:00:14', b'1'),
(3254, 110, '2028-03-29', 135, '281.30', '2022-09-12 23:00:14', b'1'),
(3255, 110, '2028-04-13', 136, '281.30', '2022-09-12 23:00:14', b'1'),
(3256, 110, '2028-04-28', 137, '281.30', '2022-09-12 23:00:14', b'1'),
(3257, 110, '2028-05-13', 138, '281.30', '2022-09-12 23:00:15', b'1'),
(3258, 110, '2028-05-30', 139, '281.30', '2022-09-12 23:00:15', b'1'),
(3259, 110, '2028-06-12', 140, '281.30', '2022-09-12 23:00:15', b'1'),
(3260, 110, '2028-06-27', 141, '281.30', '2022-09-12 23:00:15', b'1'),
(3261, 110, '2028-07-12', 142, '281.30', '2022-09-12 23:00:15', b'1'),
(3262, 110, '2028-07-27', 143, '281.30', '2022-09-12 23:00:15', b'1'),
(3263, 110, '2028-08-11', 144, '281.30', '2022-09-12 23:00:15', b'1'),
(3264, 110, '2028-08-26', 145, '281.30', '2022-09-12 23:00:15', b'1'),
(3265, 110, '2028-09-12', 146, '281.30', '2022-09-12 23:00:15', b'1'),
(3266, 110, '2028-09-25', 147, '281.30', '2022-09-12 23:00:15', b'1'),
(3267, 110, '2028-10-10', 148, '281.30', '2022-09-12 23:00:15', b'1'),
(3268, 110, '2028-10-25', 149, '281.30', '2022-09-12 23:00:15', b'1'),
(3269, 110, '2028-11-09', 150, '281.30', '2022-09-12 23:00:15', b'1'),
(3270, 110, '2028-11-24', 151, '281.30', '2022-09-12 23:00:15', b'1'),
(3271, 110, '2028-12-09', 152, '281.30', '2022-09-12 23:00:15', b'1'),
(3272, 110, '2028-12-26', 153, '281.30', '2022-09-12 23:00:15', b'1'),
(3273, 110, '2029-01-08', 154, '281.30', '2022-09-12 23:00:15', b'1'),
(3274, 110, '2029-01-23', 155, '281.30', '2022-09-12 23:00:16', b'1'),
(3275, 110, '2029-02-07', 156, '281.30', '2022-09-12 23:00:16', b'1'),
(3276, 110, '2029-02-22', 157, '281.30', '2022-09-12 23:00:16', b'1'),
(3277, 110, '2029-03-09', 158, '281.30', '2022-09-12 23:00:16', b'1'),
(3278, 110, '2029-03-24', 159, '281.30', '2022-09-12 23:00:16', b'1'),
(3279, 110, '2029-04-10', 160, '281.30', '2022-09-12 23:00:16', b'1'),
(3280, 110, '2029-04-23', 161, '281.30', '2022-09-12 23:00:16', b'1'),
(3281, 110, '2029-05-08', 162, '281.30', '2022-09-12 23:00:16', b'1'),
(3282, 110, '2029-05-23', 163, '281.30', '2022-09-12 23:00:16', b'1'),
(3283, 110, '2029-06-07', 164, '281.30', '2022-09-12 23:00:17', b'1'),
(3284, 110, '2029-06-22', 165, '281.30', '2022-09-12 23:00:17', b'1'),
(3285, 110, '2029-07-07', 166, '281.30', '2022-09-12 23:00:17', b'1'),
(3286, 110, '2029-07-24', 167, '281.30', '2022-09-12 23:00:17', b'1'),
(3287, 110, '2029-08-06', 168, '281.30', '2022-09-12 23:00:17', b'1'),
(3288, 110, '2029-08-21', 169, '281.30', '2022-09-12 23:00:17', b'1'),
(3289, 110, '2029-09-05', 170, '281.30', '2022-09-12 23:00:17', b'1'),
(3290, 110, '2029-09-20', 171, '281.30', '2022-09-12 23:00:17', b'1'),
(3291, 110, '2029-10-05', 172, '281.30', '2022-09-12 23:00:17', b'1'),
(3292, 110, '2029-10-20', 173, '281.30', '2022-09-12 23:00:17', b'1'),
(3293, 110, '2029-11-06', 174, '281.30', '2022-09-12 23:00:18', b'1'),
(3294, 110, '2029-11-19', 175, '281.30', '2022-09-12 23:00:18', b'1'),
(3295, 110, '2029-12-04', 176, '281.30', '2022-09-12 23:00:18', b'1'),
(3296, 110, '2029-12-19', 177, '281.30', '2022-09-12 23:00:18', b'1'),
(3297, 110, '2030-01-03', 178, '281.30', '2022-09-12 23:00:18', b'1'),
(3298, 110, '2030-01-18', 179, '281.30', '2022-09-12 23:00:18', b'1'),
(3299, 110, '2030-02-02', 180, '281.30', '2022-09-12 23:00:18', b'1'),
(3300, 110, '2030-02-19', 181, '281.30', '2022-09-12 23:00:18', b'1'),
(3301, 110, '2030-03-04', 182, '281.30', '2022-09-12 23:00:18', b'1'),
(3302, 110, '2030-03-19', 183, '281.30', '2022-09-12 23:00:18', b'1'),
(3303, 110, '2030-04-03', 184, '281.30', '2022-09-12 23:00:18', b'1'),
(3304, 110, '2030-04-18', 185, '281.30', '2022-09-12 23:00:18', b'1'),
(3305, 110, '2030-05-03', 186, '281.30', '2022-09-12 23:00:18', b'1'),
(3306, 110, '2030-05-18', 187, '281.30', '2022-09-12 23:00:18', b'1'),
(3307, 110, '2030-06-04', 188, '281.30', '2022-09-12 23:00:18', b'1'),
(3308, 110, '2030-06-17', 189, '281.30', '2022-09-12 23:00:18', b'1'),
(3309, 110, '2030-07-02', 190, '281.30', '2022-09-12 23:00:18', b'1'),
(3310, 110, '2030-07-17', 191, '281.30', '2022-09-12 23:00:18', b'1'),
(3311, 110, '2030-08-01', 192, '281.30', '2022-09-12 23:00:18', b'1'),
(3312, 110, '2030-08-16', 193, '281.30', '2022-09-12 23:00:18', b'1'),
(3313, 110, '2030-08-31', 194, '281.30', '2022-09-12 23:00:19', b'1'),
(3314, 110, '2030-09-17', 195, '281.30', '2022-09-12 23:00:19', b'1'),
(3315, 110, '2030-09-30', 196, '281.30', '2022-09-12 23:00:19', b'1'),
(3316, 110, '2030-10-15', 197, '281.30', '2022-09-12 23:00:19', b'1'),
(3317, 110, '2030-10-30', 198, '281.30', '2022-09-12 23:00:19', b'1'),
(3318, 110, '2030-11-14', 199, '281.30', '2022-09-12 23:00:19', b'1'),
(3319, 110, '2030-11-29', 200, '281.30', '2022-09-12 23:00:19', b'1'),
(3320, 110, '2030-12-14', 201, '281.30', '2022-09-12 23:00:19', b'1'),
(3321, 110, '2030-12-31', 202, '281.30', '2022-09-12 23:00:19', b'1'),
(3322, 110, '2031-01-13', 203, '281.30', '2022-09-12 23:00:19', b'1'),
(3323, 110, '2031-01-28', 204, '281.30', '2022-09-12 23:00:19', b'1'),
(3324, 110, '2031-02-12', 205, '281.30', '2022-09-12 23:00:19', b'1'),
(3325, 110, '2031-02-27', 206, '281.30', '2022-09-12 23:00:19', b'1'),
(3326, 110, '2031-03-14', 207, '281.30', '2022-09-12 23:00:19', b'1'),
(3327, 110, '2031-03-29', 208, '281.30', '2022-09-12 23:00:19', b'1'),
(3328, 110, '2031-04-15', 209, '281.30', '2022-09-12 23:00:19', b'1'),
(3329, 110, '2031-04-28', 210, '281.30', '2022-09-12 23:00:19', b'1'),
(3330, 110, '2031-05-13', 211, '281.30', '2022-09-12 23:00:19', b'1'),
(3331, 110, '2031-05-28', 212, '281.30', '2022-09-12 23:00:20', b'1'),
(3332, 110, '2031-06-12', 213, '281.30', '2022-09-12 23:00:20', b'1'),
(3333, 110, '2031-06-27', 214, '281.30', '2022-09-12 23:00:20', b'1'),
(3334, 110, '2031-07-12', 215, '281.30', '2022-09-12 23:00:20', b'1'),
(3335, 110, '2031-07-29', 216, '281.30', '2022-09-12 23:00:20', b'1'),
(3336, 110, '2031-08-11', 217, '281.30', '2022-09-12 23:00:20', b'1'),
(3337, 110, '2031-08-26', 218, '281.30', '2022-09-12 23:00:20', b'1'),
(3338, 110, '2031-09-10', 219, '281.30', '2022-09-12 23:00:20', b'1'),
(3339, 110, '2031-09-25', 220, '281.30', '2022-09-12 23:00:20', b'1'),
(3340, 110, '2031-10-10', 221, '281.30', '2022-09-12 23:00:20', b'1'),
(3341, 110, '2031-10-25', 222, '281.30', '2022-09-12 23:00:20', b'1'),
(3342, 110, '2031-11-11', 223, '281.30', '2022-09-12 23:00:20', b'1'),
(3343, 110, '2031-11-24', 224, '281.30', '2022-09-12 23:00:20', b'1'),
(3344, 110, '2031-12-09', 225, '281.30', '2022-09-12 23:00:20', b'1'),
(3345, 110, '2031-12-24', 226, '281.30', '2022-09-12 23:00:20', b'1'),
(3346, 110, '2032-01-08', 227, '281.30', '2022-09-12 23:00:20', b'1'),
(3347, 110, '2032-01-23', 228, '281.30', '2022-09-12 23:00:20', b'1'),
(3348, 110, '2032-02-07', 229, '281.30', '2022-09-12 23:00:20', b'1'),
(3349, 110, '2032-02-24', 230, '281.30', '2022-09-12 23:00:20', b'1'),
(3350, 110, '2032-03-08', 231, '281.30', '2022-09-12 23:00:20', b'1'),
(3351, 110, '2032-03-23', 232, '281.30', '2022-09-12 23:00:21', b'1'),
(3352, 110, '2032-04-07', 233, '281.30', '2022-09-12 23:00:21', b'1'),
(3353, 110, '2032-04-22', 234, '281.30', '2022-09-12 23:00:21', b'1'),
(3354, 110, '2032-05-07', 235, '281.30', '2022-09-12 23:00:21', b'1'),
(3355, 110, '2032-05-22', 236, '281.30', '2022-09-12 23:00:21', b'1'),
(3356, 110, '2032-06-08', 237, '281.30', '2022-09-12 23:00:21', b'1'),
(3357, 110, '2032-06-21', 238, '281.30', '2022-09-12 23:00:21', b'1'),
(3358, 110, '2032-07-06', 239, '281.30', '2022-09-12 23:00:21', b'1'),
(3359, 110, '2032-07-21', 240, '281.30', '2022-09-12 23:00:21', b'1'),
(3360, 110, '2032-08-05', 241, '281.30', '2022-09-12 23:00:21', b'1'),
(3361, 110, '2032-08-20', 242, '281.30', '2022-09-12 23:00:21', b'1'),
(3362, 110, '2032-09-04', 243, '281.30', '2022-09-12 23:00:21', b'1'),
(3363, 110, '2032-09-21', 244, '281.30', '2022-09-12 23:00:21', b'1'),
(3364, 110, '2032-10-04', 245, '281.30', '2022-09-12 23:00:21', b'1'),
(3365, 110, '2032-10-19', 246, '281.30', '2022-09-12 23:00:21', b'1'),
(3366, 110, '2032-11-03', 247, '281.30', '2022-09-12 23:00:21', b'1'),
(3367, 110, '2032-11-18', 248, '281.30', '2022-09-12 23:00:21', b'1'),
(3368, 110, '2032-12-03', 249, '281.30', '2022-09-12 23:00:21', b'1'),
(3369, 110, '2032-12-18', 250, '281.30', '2022-09-12 23:00:22', b'1'),
(3370, 110, '2033-01-04', 251, '281.30', '2022-09-12 23:00:22', b'1'),
(3371, 110, '2033-01-17', 252, '281.30', '2022-09-12 23:00:22', b'1'),
(3372, 110, '2033-02-01', 253, '281.30', '2022-09-12 23:00:22', b'1'),
(3373, 110, '2033-02-16', 254, '281.30', '2022-09-12 23:00:22', b'1'),
(3374, 110, '2033-03-03', 255, '281.30', '2022-09-12 23:00:22', b'1'),
(3375, 110, '2033-03-18', 256, '281.30', '2022-09-12 23:00:22', b'1'),
(3376, 110, '2033-04-02', 257, '281.30', '2022-09-12 23:00:22', b'1'),
(3377, 110, '2033-04-19', 258, '281.30', '2022-09-12 23:00:22', b'1'),
(3378, 110, '2033-05-02', 259, '281.30', '2022-09-12 23:00:22', b'1'),
(3379, 110, '2033-05-17', 260, '281.30', '2022-09-12 23:00:22', b'1'),
(3380, 110, '2033-06-01', 261, '281.30', '2022-09-12 23:00:22', b'1'),
(3381, 110, '2033-06-16', 262, '281.30', '2022-09-12 23:00:22', b'1'),
(3382, 110, '2033-07-01', 263, '281.30', '2022-09-12 23:00:22', b'1'),
(3383, 110, '2033-07-16', 264, '281.30', '2022-09-12 23:00:22', b'1'),
(3384, 110, '2033-08-02', 265, '281.30', '2022-09-12 23:00:22', b'1'),
(3385, 110, '2033-08-15', 266, '281.30', '2022-09-12 23:00:23', b'1'),
(3386, 110, '2033-08-30', 267, '281.30', '2022-09-12 23:00:23', b'1'),
(3387, 110, '2033-09-14', 268, '281.30', '2022-09-12 23:00:23', b'1'),
(3388, 110, '2033-09-29', 269, '281.30', '2022-09-12 23:00:23', b'1'),
(3389, 110, '2033-10-14', 270, '281.30', '2022-09-12 23:00:23', b'1'),
(3390, 110, '2033-10-29', 271, '281.30', '2022-09-12 23:00:23', b'1'),
(3391, 110, '2033-11-15', 272, '281.30', '2022-09-12 23:00:23', b'1'),
(3392, 110, '2033-11-28', 273, '281.30', '2022-09-12 23:00:23', b'1'),
(3393, 110, '2033-12-13', 274, '281.30', '2022-09-12 23:00:23', b'1'),
(3394, 110, '2033-12-28', 275, '281.30', '2022-09-12 23:00:23', b'1'),
(3395, 110, '2034-01-12', 276, '281.30', '2022-09-12 23:00:23', b'1'),
(3396, 110, '2034-01-27', 277, '281.30', '2022-09-12 23:00:24', b'1'),
(3397, 110, '2034-02-11', 278, '281.30', '2022-09-12 23:00:24', b'1'),
(3398, 110, '2034-02-28', 279, '281.30', '2022-09-12 23:00:24', b'1'),
(3399, 110, '2034-03-13', 280, '281.30', '2022-09-12 23:00:24', b'1'),
(3400, 110, '2034-03-28', 281, '281.30', '2022-09-12 23:00:24', b'1'),
(3401, 110, '2034-04-12', 282, '281.30', '2022-09-12 23:00:24', b'1'),
(3402, 110, '2034-04-27', 283, '281.30', '2022-09-12 23:00:24', b'1'),
(3403, 110, '2034-05-12', 284, '281.30', '2022-09-12 23:00:24', b'1'),
(3404, 110, '2034-05-27', 285, '281.30', '2022-09-12 23:00:24', b'1'),
(3405, 110, '2034-06-13', 286, '281.30', '2022-09-12 23:00:24', b'1'),
(3406, 110, '2034-06-26', 287, '281.30', '2022-09-12 23:00:24', b'1'),
(3407, 110, '2034-07-11', 288, '281.30', '2022-09-12 23:00:24', b'1'),
(3408, 110, '2034-07-26', 289, '281.30', '2022-09-12 23:00:24', b'1'),
(3409, 110, '2034-08-10', 290, '281.30', '2022-09-12 23:00:24', b'1'),
(3410, 110, '2034-08-25', 291, '281.30', '2022-09-12 23:00:24', b'1'),
(3411, 110, '2034-09-09', 292, '281.30', '2022-09-12 23:00:24', b'1'),
(3412, 110, '2034-09-26', 293, '281.30', '2022-09-12 23:00:24', b'1'),
(3413, 110, '2034-10-09', 294, '281.30', '2022-09-12 23:00:25', b'1'),
(3414, 110, '2034-10-24', 295, '281.30', '2022-09-12 23:00:25', b'1'),
(3415, 110, '2034-11-08', 296, '281.30', '2022-09-12 23:00:25', b'1'),
(3416, 110, '2034-11-23', 297, '281.30', '2022-09-12 23:00:25', b'1'),
(3417, 110, '2034-12-08', 298, '281.30', '2022-09-12 23:00:25', b'1'),
(3418, 110, '2034-12-23', 299, '281.30', '2022-09-12 23:00:25', b'1'),
(3419, 110, '2035-01-09', 300, '281.30', '2022-09-12 23:00:25', b'1'),
(3420, 110, '2035-01-22', 301, '281.30', '2022-09-12 23:00:25', b'1'),
(3421, 110, '2035-02-06', 302, '281.30', '2022-09-12 23:00:26', b'1'),
(3422, 110, '2035-02-21', 303, '281.30', '2022-09-12 23:00:26', b'1'),
(3423, 110, '2035-03-08', 304, '281.30', '2022-09-12 23:00:26', b'1'),
(3424, 110, '2035-03-23', 305, '281.30', '2022-09-12 23:00:26', b'1'),
(3425, 110, '2035-04-07', 306, '281.30', '2022-09-12 23:00:26', b'1'),
(3426, 110, '2035-04-24', 307, '281.30', '2022-09-12 23:00:26', b'1'),
(3427, 110, '2035-05-07', 308, '281.30', '2022-09-12 23:00:26', b'1'),
(3428, 110, '2035-05-22', 309, '281.30', '2022-09-12 23:00:26', b'1'),
(3429, 110, '2035-06-06', 310, '281.30', '2022-09-12 23:00:26', b'1'),
(3430, 110, '2035-06-21', 311, '281.30', '2022-09-12 23:00:26', b'1'),
(3431, 110, '2035-07-06', 312, '281.30', '2022-09-12 23:00:26', b'1'),
(3432, 110, '2035-07-21', 313, '281.30', '2022-09-12 23:00:26', b'1'),
(3433, 110, '2035-08-07', 314, '281.30', '2022-09-12 23:00:26', b'1'),
(3434, 110, '2035-08-20', 315, '281.30', '2022-09-12 23:00:27', b'1'),
(3435, 110, '2035-09-04', 316, '281.30', '2022-09-12 23:00:27', b'1'),
(3436, 110, '2035-09-19', 317, '281.30', '2022-09-12 23:00:27', b'1'),
(3437, 110, '2035-10-04', 318, '281.30', '2022-09-12 23:00:27', b'1'),
(3438, 110, '2035-10-19', 319, '281.30', '2022-09-12 23:00:27', b'1'),
(3439, 110, '2035-11-03', 320, '281.30', '2022-09-12 23:00:27', b'1'),
(3440, 110, '2035-11-20', 321, '281.30', '2022-09-12 23:00:27', b'1'),
(3441, 110, '2035-12-03', 322, '281.30', '2022-09-12 23:00:27', b'1'),
(3442, 110, '2035-12-18', 323, '281.30', '2022-09-12 23:00:27', b'1'),
(3443, 110, '2036-01-02', 324, '281.30', '2022-09-12 23:00:28', b'1'),
(3444, 110, '2036-01-17', 325, '281.30', '2022-09-12 23:00:28', b'1'),
(3445, 110, '2036-02-01', 326, '281.30', '2022-09-12 23:00:28', b'1'),
(3446, 110, '2036-02-16', 327, '281.30', '2022-09-12 23:00:28', b'1'),
(3447, 110, '2036-03-04', 328, '281.30', '2022-09-12 23:00:28', b'1'),
(3448, 110, '2036-03-17', 329, '281.30', '2022-09-12 23:00:28', b'1'),
(3449, 110, '2036-04-01', 330, '281.30', '2022-09-12 23:00:28', b'1'),
(3450, 110, '2036-04-16', 331, '281.30', '2022-09-12 23:00:28', b'1'),
(3451, 110, '2036-05-01', 332, '281.30', '2022-09-12 23:00:28', b'1'),
(3452, 110, '2036-05-16', 333, '281.30', '2022-09-12 23:00:28', b'1'),
(3453, 110, '2036-05-31', 334, '281.30', '2022-09-12 23:00:28', b'1'),
(3454, 110, '2036-06-17', 335, '281.30', '2022-09-12 23:00:28', b'1'),
(3455, 110, '2036-06-30', 336, '281.30', '2022-09-12 23:00:28', b'1'),
(3456, 110, '2036-07-15', 337, '281.30', '2022-09-12 23:00:28', b'1'),
(3457, 110, '2036-07-30', 338, '281.30', '2022-09-12 23:00:28', b'1'),
(3458, 110, '2036-08-14', 339, '281.30', '2022-09-12 23:00:28', b'1'),
(3459, 110, '2036-08-29', 340, '281.30', '2022-09-12 23:00:28', b'1'),
(3460, 110, '2036-09-13', 341, '281.30', '2022-09-12 23:00:28', b'1'),
(3461, 110, '2036-09-30', 342, '281.30', '2022-09-12 23:00:29', b'1'),
(3462, 110, '2036-10-13', 343, '281.30', '2022-09-12 23:00:29', b'1'),
(3463, 110, '2036-10-28', 344, '281.30', '2022-09-12 23:00:29', b'1'),
(3464, 110, '2036-11-12', 345, '281.30', '2022-09-12 23:00:29', b'1'),
(3465, 110, '2036-11-27', 346, '281.30', '2022-09-12 23:00:29', b'1'),
(3466, 110, '2036-12-12', 347, '281.30', '2022-09-12 23:00:29', b'1'),
(3467, 110, '2036-12-27', 348, '281.30', '2022-09-12 23:00:29', b'1'),
(3468, 110, '2037-01-13', 349, '281.30', '2022-09-12 23:00:29', b'1'),
(3469, 110, '2037-01-26', 350, '281.30', '2022-09-12 23:00:29', b'1'),
(3470, 110, '2037-02-10', 351, '281.30', '2022-09-12 23:00:29', b'1'),
(3471, 110, '2037-02-25', 352, '281.30', '2022-09-12 23:00:29', b'1'),
(3472, 110, '2037-03-12', 353, '281.30', '2022-09-12 23:00:29', b'1'),
(3473, 110, '2037-03-27', 354, '281.30', '2022-09-12 23:00:29', b'1'),
(3474, 110, '2037-04-11', 355, '281.30', '2022-09-12 23:00:29', b'1'),
(3475, 110, '2037-04-28', 356, '281.30', '2022-09-12 23:00:29', b'1'),
(3476, 110, '2037-05-11', 357, '281.30', '2022-09-12 23:00:29', b'1'),
(3477, 110, '2037-05-26', 358, '281.30', '2022-09-12 23:00:29', b'1'),
(3478, 110, '2037-06-10', 359, '281.30', '2022-09-12 23:00:30', b'1'),
(3479, 110, '2037-06-25', 360, '281.30', '2022-09-12 23:00:30', b'1'),
(3480, 110, '2037-07-10', 361, '281.30', '2022-09-12 23:00:30', b'1'),
(3481, 110, '2037-07-25', 362, '281.30', '2022-09-12 23:00:30', b'1'),
(3482, 110, '2037-08-11', 363, '281.30', '2022-09-12 23:00:30', b'1'),
(3483, 110, '2037-08-24', 364, '281.30', '2022-09-12 23:00:30', b'1'),
(3484, 110, '2037-09-08', 365, '281.30', '2022-09-12 23:00:30', b'1'),
(3485, 110, '2037-09-23', 366, '281.30', '2022-09-12 23:00:30', b'1'),
(3486, 110, '2037-10-08', 367, '281.30', '2022-09-12 23:00:31', b'1'),
(3487, 110, '2037-10-23', 368, '281.30', '2022-09-12 23:00:31', b'1'),
(3488, 110, '2037-11-07', 369, '281.30', '2022-09-12 23:00:31', b'1'),
(3489, 110, '2037-11-24', 370, '281.30', '2022-09-12 23:00:31', b'1'),
(3490, 110, '2037-12-07', 371, '281.30', '2022-09-12 23:00:31', b'1'),
(3491, 110, '2037-12-22', 372, '281.30', '2022-09-12 23:00:31', b'1'),
(3492, 110, '2038-01-06', 373, '281.30', '2022-09-12 23:00:31', b'1'),
(3493, 110, '2038-01-21', 374, '281.30', '2022-09-12 23:00:31', b'1'),
(3494, 110, '2038-02-05', 375, '281.30', '2022-09-12 23:00:31', b'1'),
(3495, 110, '2038-02-20', 376, '281.30', '2022-09-12 23:00:31', b'1'),
(3496, 110, '2038-03-09', 377, '281.30', '2022-09-12 23:00:32', b'1'),
(3497, 110, '2038-03-22', 378, '281.30', '2022-09-12 23:00:32', b'1'),
(3498, 110, '2038-04-06', 379, '281.30', '2022-09-12 23:00:32', b'1'),
(3499, 110, '2038-04-21', 380, '281.30', '2022-09-12 23:00:32', b'1'),
(3500, 110, '2038-05-06', 381, '281.30', '2022-09-12 23:00:32', b'1'),
(3501, 110, '2038-05-21', 382, '281.30', '2022-09-12 23:00:32', b'1'),
(3502, 110, '2038-06-05', 383, '281.30', '2022-09-12 23:00:32', b'1'),
(3503, 110, '2038-06-22', 384, '281.30', '2022-09-12 23:00:32', b'1'),
(3504, 110, '2038-07-05', 385, '281.30', '2022-09-12 23:00:32', b'1'),
(3505, 110, '2038-07-20', 386, '281.30', '2022-09-12 23:00:32', b'1'),
(3506, 110, '2038-08-04', 387, '281.30', '2022-09-12 23:00:32', b'1'),
(3507, 110, '2038-08-19', 388, '281.30', '2022-09-12 23:00:32', b'1'),
(3508, 110, '2038-09-03', 389, '281.30', '2022-09-12 23:00:33', b'1'),
(3509, 110, '2038-09-18', 390, '281.30', '2022-09-12 23:00:33', b'1'),
(3510, 110, '2038-10-05', 391, '281.30', '2022-09-12 23:00:33', b'1'),
(3511, 110, '2038-10-18', 392, '281.30', '2022-09-12 23:00:33', b'1'),
(3512, 110, '2038-11-02', 393, '281.30', '2022-09-12 23:00:33', b'1'),
(3513, 110, '2038-11-17', 394, '281.30', '2022-09-12 23:00:33', b'1'),
(3514, 110, '2038-12-02', 395, '281.30', '2022-09-12 23:00:33', b'1'),
(3515, 110, '2038-12-17', 396, '281.30', '2022-09-12 23:00:33', b'1'),
(3516, 110, '2039-01-01', 397, '281.30', '2022-09-12 23:00:33', b'1'),
(3517, 110, '2039-01-18', 398, '281.30', '2022-09-12 23:00:33', b'1'),
(3518, 110, '2039-01-31', 399, '281.30', '2022-09-12 23:00:33', b'1'),
(3519, 110, '2039-02-15', 400, '281.30', '2022-09-12 23:00:33', b'1'),
(3520, 110, '2039-03-02', 401, '281.30', '2022-09-12 23:00:33', b'1'),
(3521, 110, '2039-03-17', 402, '281.30', '2022-09-12 23:00:33', b'1'),
(3522, 110, '2039-04-01', 403, '281.30', '2022-09-12 23:00:33', b'1'),
(3523, 110, '2039-04-16', 404, '281.30', '2022-09-12 23:00:33', b'1'),
(3524, 110, '2039-05-03', 405, '281.30', '2022-09-12 23:00:33', b'1'),
(3525, 110, '2039-05-16', 406, '281.30', '2022-09-12 23:00:33', b'1'),
(3526, 110, '2039-05-31', 407, '281.30', '2022-09-12 23:00:33', b'1'),
(3527, 110, '2039-06-15', 408, '281.30', '2022-09-12 23:00:33', b'1'),
(3528, 110, '2039-06-30', 409, '281.30', '2022-09-12 23:00:33', b'1'),
(3529, 110, '2039-07-15', 410, '281.30', '2022-09-12 23:00:33', b'1'),
(3530, 110, '2039-07-30', 411, '281.30', '2022-09-12 23:00:33', b'1'),
(3531, 110, '2039-08-16', 412, '281.30', '2022-09-12 23:00:33', b'1'),
(3532, 110, '2039-08-29', 413, '281.30', '2022-09-12 23:00:33', b'1'),
(3533, 110, '2039-09-13', 414, '281.30', '2022-09-12 23:00:34', b'1'),
(3534, 110, '2039-09-28', 415, '281.30', '2022-09-12 23:00:34', b'1'),
(3535, 110, '2039-10-13', 416, '281.30', '2022-09-12 23:00:34', b'1'),
(3536, 110, '2039-10-28', 417, '281.30', '2022-09-12 23:00:34', b'1'),
(3537, 110, '2039-11-12', 418, '281.30', '2022-09-12 23:00:34', b'1'),
(3538, 110, '2039-11-29', 419, '281.30', '2022-09-12 23:00:34', b'1'),
(3539, 110, '2039-12-12', 420, '281.30', '2022-09-12 23:00:34', b'1'),
(3540, 110, '2039-12-27', 421, '281.30', '2022-09-12 23:00:34', b'1'),
(3541, 110, '2040-01-11', 422, '281.30', '2022-09-12 23:00:34', b'1'),
(3542, 110, '2040-01-26', 423, '281.30', '2022-09-12 23:00:34', b'1'),
(3543, 110, '2040-02-10', 424, '281.30', '2022-09-12 23:00:34', b'1'),
(3544, 110, '2040-02-25', 425, '281.30', '2022-09-12 23:00:35', b'1'),
(3545, 110, '2040-03-13', 426, '281.30', '2022-09-12 23:00:35', b'1'),
(3546, 110, '2040-03-26', 427, '281.30', '2022-09-12 23:00:35', b'1'),
(3547, 110, '2040-04-10', 428, '281.30', '2022-09-12 23:00:35', b'1'),
(3548, 110, '2040-04-25', 429, '281.30', '2022-09-12 23:00:35', b'1'),
(3549, 110, '2040-05-10', 430, '281.30', '2022-09-12 23:00:35', b'1'),
(3550, 110, '2040-05-25', 431, '281.30', '2022-09-12 23:00:35', b'1'),
(3551, 110, '2040-06-09', 432, '281.30', '2022-09-12 23:00:35', b'1'),
(3552, 110, '2040-06-26', 433, '281.30', '2022-09-12 23:00:35', b'1'),
(3553, 110, '2040-07-09', 434, '281.30', '2022-09-12 23:00:35', b'1'),
(3554, 110, '2040-07-24', 435, '281.30', '2022-09-12 23:00:35', b'1'),
(3555, 110, '2040-08-08', 436, '281.30', '2022-09-12 23:00:35', b'1'),
(3556, 110, '2040-08-23', 437, '281.30', '2022-09-12 23:00:35', b'1'),
(3557, 110, '2040-09-07', 438, '281.30', '2022-09-12 23:00:35', b'1'),
(3558, 110, '2040-09-22', 439, '281.30', '2022-09-12 23:00:35', b'1'),
(3559, 110, '2040-10-09', 440, '281.30', '2022-09-12 23:00:35', b'1'),
(3560, 110, '2040-10-22', 441, '281.30', '2022-09-12 23:00:35', b'1'),
(3561, 110, '2040-11-06', 442, '281.30', '2022-09-12 23:00:36', b'1'),
(3562, 110, '2040-11-21', 443, '281.30', '2022-09-12 23:00:36', b'1'),
(3563, 110, '2040-12-06', 444, '281.30', '2022-09-12 23:00:36', b'1'),
(3564, 110, '2040-12-21', 445, '281.30', '2022-09-12 23:00:37', b'1'),
(3565, 110, '2041-01-05', 446, '281.30', '2022-09-12 23:00:37', b'1'),
(3566, 110, '2041-01-22', 447, '281.30', '2022-09-12 23:00:37', b'1'),
(3567, 110, '2041-02-04', 448, '281.30', '2022-09-12 23:00:37', b'1'),
(3568, 110, '2041-02-19', 449, '281.30', '2022-09-12 23:00:37', b'1'),
(3569, 110, '2041-03-06', 450, '281.30', '2022-09-12 23:00:37', b'1'),
(3570, 110, '2041-03-21', 451, '281.30', '2022-09-12 23:00:37', b'1'),
(3571, 110, '2041-04-05', 452, '281.30', '2022-09-12 23:00:37', b'1'),
(3572, 110, '2041-04-20', 453, '281.30', '2022-09-12 23:00:37', b'1'),
(3573, 110, '2041-05-07', 454, '281.30', '2022-09-12 23:00:37', b'1'),
(3574, 110, '2041-05-20', 455, '281.30', '2022-09-12 23:00:37', b'1'),
(3575, 110, '2041-06-04', 456, '281.30', '2022-09-12 23:00:37', b'1'),
(3576, 110, '2041-06-19', 457, '281.30', '2022-09-12 23:00:37', b'1'),
(3577, 110, '2041-07-04', 458, '281.30', '2022-09-12 23:00:37', b'1'),
(3578, 110, '2041-07-19', 459, '281.30', '2022-09-12 23:00:37', b'1'),
(3579, 110, '2041-08-03', 460, '281.30', '2022-09-12 23:00:37', b'1'),
(3580, 110, '2041-08-20', 461, '281.30', '2022-09-12 23:00:37', b'1'),
(3581, 110, '2041-09-02', 462, '281.30', '2022-09-12 23:00:37', b'1'),
(3582, 110, '2041-09-17', 463, '281.30', '2022-09-12 23:00:37', b'1'),
(3583, 110, '2041-10-02', 464, '281.30', '2022-09-12 23:00:37', b'1'),
(3584, 110, '2041-10-17', 465, '281.30', '2022-09-12 23:00:37', b'1'),
(3585, 110, '2041-11-01', 466, '281.30', '2022-09-12 23:00:38', b'1'),
(3586, 110, '2041-11-16', 467, '281.30', '2022-09-12 23:00:38', b'1'),
(3587, 110, '2041-12-03', 468, '281.30', '2022-09-12 23:00:38', b'1'),
(3588, 110, '2041-12-16', 469, '281.30', '2022-09-12 23:00:38', b'1'),
(3589, 110, '2041-12-31', 470, '281.30', '2022-09-12 23:00:38', b'1'),
(3590, 110, '2042-01-15', 471, '281.30', '2022-09-12 23:00:38', b'1'),
(3591, 110, '2042-01-30', 472, '281.30', '2022-09-12 23:00:38', b'1'),
(3592, 110, '2042-02-14', 473, '281.30', '2022-09-12 23:00:38', b'1'),
(3593, 110, '2042-03-01', 474, '281.30', '2022-09-12 23:00:38', b'1');
INSERT INTO `loan_items` (`id`, `loan_id`, `date`, `num_quota`, `fee_amount`, `pay_date`, `status`) VALUES
(3594, 110, '2042-03-18', 475, '281.30', '2022-09-12 23:00:38', b'1'),
(3595, 110, '2042-03-31', 476, '281.30', '2022-09-12 23:00:39', b'1'),
(3596, 110, '2042-04-15', 477, '281.30', '2022-09-12 23:00:39', b'1'),
(3597, 110, '2042-04-30', 478, '281.30', '2022-09-12 23:00:39', b'1'),
(3598, 110, '2042-05-15', 479, '281.30', '2022-09-12 23:00:39', b'1'),
(3599, 110, '2042-05-30', 480, '281.30', '2022-09-12 23:00:39', b'1'),
(3600, 110, '2042-06-14', 481, '281.30', '2022-09-12 23:00:39', b'1'),
(3601, 110, '2042-07-01', 482, '281.30', '2022-09-12 23:00:39', b'1'),
(3602, 110, '2042-07-14', 483, '281.30', '2022-09-12 23:00:39', b'1'),
(3603, 110, '2042-07-29', 484, '281.30', '2022-09-12 23:00:40', b'1'),
(3604, 110, '2042-08-13', 485, '281.30', '2022-09-12 23:00:40', b'1'),
(3605, 110, '2042-08-28', 486, '281.30', '2022-09-12 23:00:40', b'1'),
(3606, 110, '2042-09-12', 487, '281.30', '2022-09-12 23:00:40', b'1'),
(3607, 110, '2042-09-27', 488, '281.30', '2022-09-12 23:00:40', b'1'),
(3608, 110, '2042-10-14', 489, '281.30', '2022-09-12 23:00:40', b'1'),
(3609, 110, '2042-10-27', 490, '281.30', '2022-09-12 23:00:40', b'1'),
(3610, 110, '2042-11-11', 491, '281.30', '2022-09-12 23:00:41', b'1'),
(3611, 110, '2042-11-26', 492, '281.30', '2022-09-12 23:00:41', b'1'),
(3612, 110, '2042-12-11', 493, '281.30', '2022-09-12 23:00:41', b'1'),
(3613, 110, '2042-12-26', 494, '281.30', '2022-09-12 23:00:41', b'1'),
(3614, 110, '2043-01-10', 495, '281.30', '2022-09-12 23:00:41', b'1'),
(3615, 110, '2043-01-27', 496, '281.30', '2022-09-12 23:00:41', b'1'),
(3616, 110, '2043-02-09', 497, '281.30', '2022-09-12 23:00:41', b'1'),
(3617, 110, '2043-02-24', 498, '281.30', '2022-09-12 23:00:41', b'1'),
(3618, 110, '2043-03-11', 499, '281.30', '2022-09-12 23:00:41', b'1'),
(3619, 110, '2043-03-26', 500, '281.30', '2022-09-12 23:00:41', b'1'),
(3620, 110, '2043-04-10', 501, '281.30', '2022-09-12 23:00:41', b'1'),
(3621, 110, '2043-04-25', 502, '281.30', '2022-09-12 23:00:41', b'1'),
(3622, 110, '2043-05-12', 503, '281.30', '2022-09-12 23:00:41', b'1'),
(3623, 110, '2043-05-25', 504, '281.30', '2022-09-12 23:00:41', b'1'),
(3624, 110, '2043-06-09', 505, '281.30', '2022-09-12 23:00:42', b'1'),
(3625, 110, '2043-06-24', 506, '281.30', '2022-09-12 23:00:42', b'1'),
(3626, 110, '2043-07-09', 507, '281.30', '2022-09-12 23:00:42', b'1'),
(3627, 110, '2043-07-24', 508, '281.30', '2022-09-12 23:00:42', b'1'),
(3628, 110, '2043-08-08', 509, '281.30', '2022-09-12 23:00:42', b'1'),
(3629, 110, '2043-08-25', 510, '281.30', '2022-09-12 23:00:42', b'1'),
(3630, 110, '2043-09-07', 511, '281.30', '2022-09-12 23:00:42', b'1'),
(3631, 110, '2043-09-22', 512, '281.30', '2022-09-12 23:00:43', b'1'),
(3632, 110, '2043-10-07', 513, '281.30', '2022-09-12 23:00:43', b'1'),
(3633, 110, '2043-10-22', 514, '281.30', '2022-09-12 23:00:43', b'1'),
(3634, 110, '2043-11-06', 515, '281.30', '2022-09-12 23:00:43', b'1'),
(3635, 110, '2043-11-21', 516, '281.30', '2022-09-12 23:00:43', b'1'),
(3636, 110, '2043-12-08', 517, '281.30', '2022-09-12 23:00:43', b'1'),
(3637, 110, '2043-12-21', 518, '281.30', '2022-09-12 23:00:43', b'1'),
(3638, 110, '2044-01-05', 519, '281.30', '2022-09-12 23:00:43', b'1'),
(3639, 110, '2044-01-20', 520, '281.30', '2022-09-12 23:00:43', b'1'),
(3640, 110, '2044-02-04', 521, '281.30', '2022-09-12 23:00:43', b'1'),
(3641, 110, '2044-02-19', 522, '281.30', '2022-09-12 23:00:43', b'1'),
(3642, 110, '2044-03-05', 523, '281.30', '2022-09-12 23:00:43', b'1'),
(3643, 110, '2044-03-22', 524, '281.30', '2022-09-12 23:00:43', b'1'),
(3644, 110, '2044-04-04', 525, '281.30', '2022-09-12 23:00:43', b'1'),
(3645, 110, '2044-04-19', 526, '281.30', '2022-09-12 23:00:44', b'1'),
(3646, 110, '2044-05-04', 527, '281.30', '2022-09-12 23:00:44', b'1'),
(3647, 110, '2044-05-19', 528, '281.30', '2022-09-12 23:00:44', b'1'),
(3648, 110, '2044-06-03', 529, '281.30', '2022-09-12 23:00:44', b'1'),
(3649, 110, '2044-06-18', 530, '281.30', '2022-09-12 23:00:44', b'1'),
(3650, 110, '2044-07-05', 531, '281.30', '2022-09-12 23:00:44', b'1'),
(3651, 110, '2044-07-18', 532, '281.30', '2022-09-12 23:00:44', b'1'),
(3652, 110, '2044-08-02', 533, '281.30', '2022-09-12 23:00:44', b'1'),
(3653, 110, '2044-08-17', 534, '281.30', '2022-09-12 23:00:44', b'1'),
(3654, 110, '2044-09-01', 535, '281.30', '2022-09-12 23:00:44', b'1'),
(3655, 110, '2044-09-16', 536, '281.30', '2022-09-12 23:00:44', b'1'),
(3656, 110, '2044-10-01', 537, '281.30', '2022-09-12 23:00:44', b'1'),
(3657, 110, '2044-10-18', 538, '281.30', '2022-09-12 23:00:44', b'1'),
(3658, 110, '2044-10-31', 539, '281.30', '2022-09-12 23:00:44', b'1'),
(3659, 110, '2044-11-15', 540, '281.30', '2022-09-12 23:00:44', b'1'),
(3660, 110, '2044-11-30', 541, '281.30', '2022-09-12 23:00:44', b'1'),
(3661, 110, '2044-12-15', 542, '281.30', '2022-09-12 23:00:44', b'1'),
(3662, 110, '2044-12-30', 543, '281.30', '2022-09-12 23:00:44', b'1'),
(3663, 110, '2045-01-14', 544, '281.30', '2022-09-12 23:00:44', b'1'),
(3664, 110, '2045-01-31', 545, '281.30', '2022-09-12 23:00:45', b'1'),
(3665, 110, '2045-02-13', 546, '281.30', '2022-09-12 23:00:45', b'1'),
(3666, 110, '2045-02-28', 547, '281.30', '2022-09-12 23:00:45', b'1'),
(3667, 110, '2045-03-15', 548, '281.30', '2022-09-12 23:00:45', b'1'),
(3668, 110, '2045-03-30', 549, '281.30', '2022-09-12 23:00:45', b'1'),
(3669, 110, '2045-04-14', 550, '281.30', '2022-09-12 23:00:45', b'1'),
(3670, 110, '2045-04-29', 551, '281.30', '2022-09-12 23:00:45', b'1'),
(3671, 110, '2045-05-16', 552, '281.30', '2022-09-12 23:00:45', b'1'),
(3672, 110, '2045-05-29', 553, '281.30', '2022-09-12 23:00:45', b'1'),
(3673, 110, '2045-06-13', 554, '281.30', '2022-09-12 23:00:45', b'1'),
(3674, 110, '2045-06-28', 555, '281.30', '2022-09-12 23:00:45', b'1'),
(3675, 110, '2045-07-13', 556, '281.30', '2022-09-12 23:00:45', b'1'),
(3676, 110, '2045-07-28', 557, '281.30', '2022-09-12 23:00:45', b'1'),
(3677, 110, '2045-08-12', 558, '281.30', '2022-09-12 23:00:45', b'1'),
(3678, 110, '2045-08-29', 559, '281.30', '2022-09-12 23:00:45', b'1'),
(3679, 110, '2045-09-11', 560, '281.30', '2022-09-12 23:00:46', b'1'),
(3680, 110, '2045-09-26', 561, '281.30', '2022-09-12 23:00:46', b'1'),
(3681, 110, '2045-10-11', 562, '281.30', '2022-09-12 23:00:46', b'1'),
(3682, 110, '2045-10-26', 563, '281.30', '2022-09-12 23:00:46', b'1'),
(3683, 110, '2045-11-10', 564, '281.30', '2022-09-12 23:00:46', b'1'),
(3684, 110, '2045-11-25', 565, '281.30', '2022-09-12 23:00:46', b'1'),
(3685, 110, '2045-12-12', 566, '281.30', '2022-09-12 23:00:46', b'1'),
(3686, 110, '2045-12-25', 567, '281.30', '2022-09-12 23:00:46', b'1'),
(3687, 110, '2046-01-09', 568, '281.30', '2022-09-12 23:00:46', b'1'),
(3688, 110, '2046-01-24', 569, '281.30', '2022-09-12 23:00:46', b'1'),
(3689, 110, '2046-02-08', 570, '281.30', '2022-09-12 23:00:46', b'1'),
(3690, 110, '2046-02-23', 571, '281.30', '2022-09-12 23:00:46', b'1'),
(3691, 110, '2046-03-10', 572, '281.30', '2022-09-12 23:00:46', b'1'),
(3692, 110, '2046-03-27', 573, '281.30', '2022-09-12 23:00:46', b'1'),
(3693, 110, '2046-04-09', 574, '281.30', '2022-09-12 23:00:46', b'1'),
(3694, 110, '2046-04-24', 575, '281.30', '2022-09-12 23:00:46', b'1'),
(3695, 110, '2046-05-09', 576, '281.30', '2022-09-12 23:00:46', b'1'),
(3696, 110, '2046-05-24', 577, '281.30', '2022-09-12 23:00:46', b'1'),
(3697, 110, '2046-06-08', 578, '281.30', '2022-09-12 23:00:47', b'1'),
(3698, 110, '2046-06-23', 579, '281.30', '2022-09-12 23:00:47', b'1'),
(3699, 110, '2046-07-10', 580, '281.30', '2022-09-12 23:00:47', b'1'),
(3700, 110, '2046-07-23', 581, '281.30', '2022-09-12 23:00:47', b'1'),
(3701, 110, '2046-08-07', 582, '281.30', '2022-09-12 23:00:47', b'1'),
(3702, 110, '2046-08-22', 583, '281.30', '2022-09-12 23:00:47', b'1'),
(3703, 110, '2046-09-06', 584, '281.30', '2022-09-12 23:00:47', b'1'),
(3704, 110, '2046-09-21', 585, '281.30', '2022-09-12 23:00:47', b'1'),
(3705, 110, '2046-10-06', 586, '281.30', '2022-09-12 23:00:47', b'1'),
(3706, 110, '2046-10-23', 587, '281.30', '2022-09-12 23:00:47', b'1'),
(3707, 110, '2046-11-05', 588, '281.30', '2022-09-12 23:00:48', b'1'),
(3708, 110, '2046-11-20', 589, '281.30', '2022-09-12 23:00:48', b'1'),
(3709, 110, '2046-12-05', 590, '281.30', '2022-09-12 23:00:48', b'1'),
(3710, 110, '2046-12-20', 591, '281.30', '2022-09-12 23:00:48', b'1'),
(3711, 110, '2047-01-04', 592, '281.30', '2022-09-12 23:00:48', b'1'),
(3712, 110, '2047-01-19', 593, '281.30', '2022-09-12 23:00:48', b'1'),
(3713, 110, '2047-02-05', 594, '281.30', '2022-09-12 23:00:48', b'1'),
(3714, 110, '2047-02-18', 595, '281.30', '2022-09-12 23:00:48', b'1'),
(3715, 110, '2047-03-05', 596, '281.30', '2022-09-12 23:00:48', b'1'),
(3716, 110, '2047-03-20', 597, '281.30', '2022-09-12 23:00:48', b'1'),
(3717, 110, '2047-04-04', 598, '281.30', '2022-09-12 23:00:48', b'1'),
(3718, 110, '2047-04-19', 599, '281.30', '2022-09-12 23:00:48', b'1'),
(3719, 110, '2047-05-04', 600, '281.30', '2022-09-12 23:00:48', b'1'),
(3720, 110, '2047-05-21', 601, '281.30', '2022-09-12 23:00:49', b'1'),
(3721, 110, '2047-06-03', 602, '281.30', '2022-09-12 23:00:49', b'1'),
(3722, 110, '2047-06-18', 603, '281.30', '2022-09-12 23:00:49', b'1'),
(3723, 110, '2047-07-03', 604, '281.30', '2022-09-12 23:00:49', b'1'),
(3724, 110, '2047-07-18', 605, '281.30', '2022-09-12 23:00:49', b'1'),
(3725, 110, '2047-08-02', 606, '281.30', '2022-09-12 23:00:49', b'1'),
(3726, 110, '2047-08-17', 607, '281.30', '2022-09-12 23:00:49', b'1'),
(3727, 110, '2047-09-03', 608, '281.30', '2022-09-12 23:00:49', b'1'),
(3728, 110, '2047-09-16', 609, '281.30', '2022-09-12 23:00:49', b'1'),
(3729, 110, '2047-10-01', 610, '281.30', '2022-09-12 23:00:49', b'1'),
(3730, 110, '2047-10-16', 611, '281.30', '2022-09-12 23:00:49', b'1'),
(3731, 110, '2047-10-31', 612, '281.30', '2022-09-12 23:00:49', b'1'),
(3732, 110, '2047-11-15', 613, '281.30', '2022-09-12 23:00:49', b'1'),
(3733, 110, '2047-11-30', 614, '281.30', '2022-09-12 23:00:49', b'1'),
(3734, 110, '2047-12-17', 615, '281.30', '2022-09-12 23:00:50', b'1'),
(3735, 110, '2047-12-30', 616, '281.30', '2022-09-12 23:00:50', b'1'),
(3736, 110, '2048-01-14', 617, '281.30', '2022-09-12 23:00:50', b'1'),
(3737, 110, '2048-01-29', 618, '281.30', '2022-09-12 23:00:50', b'1'),
(3738, 110, '2048-02-13', 619, '281.30', '2022-09-12 23:00:50', b'1'),
(3739, 110, '2048-02-28', 620, '281.30', '2022-09-12 23:00:50', b'1'),
(3740, 110, '2048-03-14', 621, '281.30', '2022-09-12 23:00:50', b'1'),
(3741, 110, '2048-03-31', 622, '281.30', '2022-09-12 23:00:50', b'1'),
(3742, 110, '2048-04-13', 623, '281.30', '2022-09-12 23:00:50', b'1'),
(3743, 110, '2048-04-28', 624, '281.30', '2022-09-12 23:00:50', b'1'),
(3744, 110, '2048-05-13', 625, '281.30', '2022-09-12 23:00:50', b'1'),
(3745, 110, '2048-05-28', 626, '281.30', '2022-09-12 23:00:50', b'1'),
(3746, 110, '2048-06-12', 627, '281.30', '2022-09-12 23:00:50', b'1'),
(3747, 110, '2048-06-27', 628, '281.30', '2022-09-12 23:00:51', b'1'),
(3748, 110, '2048-07-14', 629, '281.30', '2022-09-12 23:00:51', b'1'),
(3749, 110, '2048-07-27', 630, '281.30', '2022-09-12 23:00:51', b'1'),
(3750, 110, '2048-08-11', 631, '281.30', '2022-09-12 23:00:51', b'1'),
(3751, 110, '2048-08-26', 632, '281.30', '2022-09-12 23:00:51', b'1'),
(3752, 110, '2048-09-10', 633, '281.30', '2022-09-12 23:00:51', b'1'),
(3753, 110, '2048-09-25', 634, '281.30', '2022-09-12 23:00:51', b'1'),
(3754, 110, '2048-10-10', 635, '281.30', '2022-09-12 23:00:51', b'1'),
(3755, 110, '2048-10-27', 636, '281.30', '2022-09-12 23:00:51', b'1'),
(3756, 110, '2048-11-09', 637, '281.30', '2022-09-12 23:00:51', b'1'),
(3757, 110, '2048-11-24', 638, '281.30', '2022-09-12 23:00:51', b'1'),
(3758, 110, '2048-12-09', 639, '281.30', '2022-09-12 23:00:51', b'1'),
(3759, 110, '2048-12-24', 640, '281.30', '2022-09-12 23:00:51', b'1'),
(3760, 110, '2049-01-08', 641, '281.30', '2022-09-12 23:00:51', b'1'),
(3761, 110, '2049-01-23', 642, '281.30', '2022-09-12 23:00:52', b'1'),
(3762, 110, '2049-02-09', 643, '281.30', '2022-09-12 23:00:52', b'1'),
(3763, 110, '2049-02-22', 644, '281.30', '2022-09-12 23:00:52', b'1'),
(3764, 110, '2049-03-09', 645, '281.30', '2022-09-12 23:00:52', b'1'),
(3765, 110, '2049-03-24', 646, '281.30', '2022-09-12 23:00:52', b'1'),
(3766, 110, '2049-04-08', 647, '281.30', '2022-09-12 23:00:52', b'1'),
(3767, 110, '2049-04-23', 648, '281.30', '2022-09-12 23:00:52', b'1'),
(3768, 110, '2049-05-08', 649, '281.30', '2022-09-12 23:00:52', b'1'),
(3769, 110, '2049-05-25', 650, '281.30', '2022-09-12 23:00:52', b'1'),
(3770, 110, '2049-06-07', 651, '281.30', '2022-09-12 23:00:52', b'1'),
(3771, 110, '2049-06-22', 652, '281.30', '2022-09-12 23:00:52', b'1'),
(3772, 110, '2049-07-07', 653, '281.30', '2022-09-12 23:00:52', b'1'),
(3773, 110, '2049-07-22', 654, '281.30', '2022-09-12 23:00:53', b'1'),
(3774, 110, '2049-08-06', 655, '281.30', '2022-09-12 23:00:53', b'1'),
(3775, 110, '2049-08-21', 656, '281.30', '2022-09-12 23:00:53', b'1'),
(3776, 110, '2049-09-07', 657, '281.30', '2022-09-12 23:00:53', b'1'),
(3777, 110, '2049-09-20', 658, '281.30', '2022-09-12 23:00:53', b'1'),
(3778, 110, '2049-10-05', 659, '281.30', '2022-09-12 23:00:53', b'1'),
(3779, 110, '2049-10-20', 660, '281.30', '2022-09-12 23:00:53', b'1'),
(3780, 110, '2049-11-04', 661, '281.30', '2022-09-12 23:00:53', b'1'),
(3781, 110, '2049-11-19', 662, '281.30', '2022-09-12 23:00:53', b'1'),
(3782, 110, '2049-12-04', 663, '281.30', '2022-09-12 23:00:53', b'1'),
(3783, 110, '2049-12-21', 664, '281.30', '2022-09-12 23:00:53', b'1'),
(3784, 110, '2050-01-03', 665, '281.30', '2022-09-12 23:00:54', b'1'),
(3785, 110, '2050-01-18', 666, '281.30', '2022-09-12 23:00:54', b'1'),
(3786, 110, '2050-02-02', 667, '281.30', '2022-09-12 23:00:54', b'1'),
(3787, 110, '2050-02-17', 668, '281.30', '2022-09-12 23:00:54', b'1'),
(3788, 110, '2050-03-04', 669, '281.30', '2022-09-12 23:00:54', b'1'),
(3789, 110, '2050-03-19', 670, '281.30', '2022-09-12 23:00:54', b'1'),
(3790, 110, '2050-04-05', 671, '281.30', '2022-09-12 23:00:54', b'1'),
(3791, 110, '2050-04-18', 672, '281.30', '2022-09-12 23:00:55', b'1'),
(3792, 110, '2050-05-03', 673, '281.30', '2022-09-12 23:00:55', b'1'),
(3793, 110, '2050-05-18', 674, '281.30', '2022-09-12 23:00:55', b'1'),
(3794, 110, '2050-06-02', 675, '281.30', '2022-09-12 23:00:55', b'1'),
(3795, 110, '2050-06-17', 676, '281.30', '2022-09-12 23:00:55', b'1'),
(3796, 110, '2050-07-02', 677, '281.30', '2022-09-12 23:00:55', b'1'),
(3797, 110, '2050-07-19', 678, '281.30', '2022-09-12 23:00:55', b'1'),
(3798, 110, '2050-08-01', 679, '281.30', '2022-09-12 23:00:55', b'1'),
(3799, 110, '2050-08-16', 680, '281.30', '2022-09-12 23:00:56', b'1'),
(3800, 110, '2050-08-31', 681, '281.30', '2022-09-12 23:00:56', b'1'),
(3801, 110, '2050-09-15', 682, '281.30', '2022-09-12 23:00:56', b'1'),
(3802, 110, '2050-09-30', 683, '281.30', '2022-09-12 23:00:56', b'1'),
(3803, 110, '2050-10-15', 684, '281.30', '2022-09-12 23:00:56', b'1'),
(3804, 110, '2050-11-01', 685, '281.30', '2022-09-12 23:00:56', b'1'),
(3805, 110, '2050-11-14', 686, '281.30', '2022-09-12 23:00:56', b'1'),
(3806, 110, '2050-11-29', 687, '281.30', '2022-09-12 23:00:56', b'1'),
(3807, 110, '2050-12-14', 688, '281.30', '2022-09-12 23:00:56', b'1'),
(3808, 110, '2050-12-29', 689, '281.30', '2022-09-12 23:00:56', b'1'),
(3809, 110, '2051-01-13', 690, '281.30', '2022-09-12 23:00:56', b'1'),
(3810, 110, '2051-01-28', 691, '281.30', '2022-09-12 23:00:57', b'1'),
(3811, 110, '2051-02-14', 692, '281.30', '2022-09-12 23:00:57', b'1'),
(3812, 110, '2051-02-27', 693, '281.30', '2022-09-12 23:00:57', b'1'),
(3813, 110, '2051-03-14', 694, '281.30', '2022-09-12 23:00:57', b'1'),
(3814, 110, '2051-03-29', 695, '281.30', '2022-09-12 23:00:57', b'1'),
(3815, 110, '2051-04-13', 696, '281.30', '2022-09-12 23:00:57', b'1'),
(3816, 110, '2051-04-28', 697, '281.30', '2022-09-12 23:00:57', b'1'),
(3817, 110, '2051-05-13', 698, '281.30', '2022-09-12 23:00:57', b'1'),
(3818, 110, '2051-05-30', 699, '281.30', '2022-09-12 23:00:57', b'1'),
(3819, 110, '2051-06-12', 700, '281.30', '2022-09-12 23:00:57', b'1'),
(3820, 110, '2051-06-27', 701, '281.30', '2022-09-12 23:00:57', b'1'),
(3821, 110, '2051-07-12', 702, '281.30', '2022-09-12 23:00:57', b'1'),
(3822, 110, '2051-07-27', 703, '281.30', '2022-09-12 23:00:57', b'1'),
(3823, 110, '2051-08-11', 704, '281.30', '2022-09-12 23:00:58', b'1'),
(3824, 110, '2051-08-26', 705, '281.30', '2022-09-12 23:00:58', b'1'),
(3825, 110, '2051-09-12', 706, '281.30', '2022-09-12 23:00:59', b'1'),
(3826, 110, '2051-09-25', 707, '281.30', '2022-09-12 23:00:59', b'1'),
(3827, 110, '2051-10-10', 708, '281.30', '2022-09-12 23:00:59', b'1'),
(3828, 110, '2051-10-25', 709, '281.30', '2022-09-12 23:01:00', b'1'),
(3829, 110, '2051-11-09', 710, '281.30', '2022-09-12 23:01:00', b'1'),
(3830, 110, '2051-11-24', 711, '281.30', '2022-09-12 23:01:00', b'1'),
(3831, 110, '2051-12-09', 712, '281.30', '2022-09-12 23:01:00', b'1'),
(3832, 110, '2051-12-26', 713, '281.30', '2022-09-12 23:01:00', b'1'),
(3833, 110, '2052-01-08', 714, '281.30', '2022-09-12 23:01:00', b'1'),
(3834, 110, '2052-01-23', 715, '281.30', '2022-09-12 23:01:00', b'1'),
(3835, 110, '2052-02-07', 716, '281.30', '2022-09-12 23:01:00', b'1'),
(3836, 110, '2052-02-22', 717, '281.30', '2022-09-12 23:01:01', b'1'),
(3837, 110, '2052-03-08', 718, '281.30', '2022-09-12 23:01:01', b'1'),
(3838, 110, '2052-03-23', 719, '281.30', '2022-09-12 23:01:01', b'1'),
(3839, 110, '2052-04-09', 720, '281.30', '2022-09-12 23:01:01', b'1'),
(3840, 110, '2052-04-22', 721, '281.30', '2022-09-12 23:01:01', b'1'),
(3841, 110, '2052-05-07', 722, '281.30', '2022-09-12 23:01:01', b'1'),
(3842, 110, '2052-05-22', 723, '281.30', '2022-09-12 23:01:01', b'1'),
(3843, 110, '2052-06-06', 724, '281.30', '2022-09-12 23:01:01', b'1'),
(3844, 110, '2052-06-21', 725, '281.30', '2022-09-12 23:01:01', b'1'),
(3845, 110, '2052-07-06', 726, '281.30', '2022-09-12 23:01:02', b'1'),
(3846, 110, '2052-07-23', 727, '281.30', '2022-09-12 23:01:02', b'1'),
(3847, 110, '2052-08-05', 728, '281.30', '2022-09-12 23:01:02', b'1'),
(3848, 110, '2052-08-20', 729, '281.30', '2022-09-12 23:01:02', b'1'),
(3849, 110, '2052-09-04', 730, '281.30', '2022-09-12 23:01:02', b'1'),
(3850, 110, '2052-09-19', 731, '281.30', '2022-09-12 23:01:03', b'1'),
(3851, 110, '2052-10-04', 732, '281.30', '2022-09-12 23:01:03', b'1'),
(3852, 110, '2052-10-19', 733, '281.30', '2022-09-12 23:01:03', b'1'),
(3853, 110, '2052-11-05', 734, '281.30', '2022-09-12 23:01:03', b'1'),
(3854, 110, '2052-11-18', 735, '281.30', '2022-09-12 23:01:04', b'1'),
(3855, 110, '2052-12-03', 736, '281.30', '2022-09-12 23:01:04', b'1'),
(3856, 110, '2052-12-18', 737, '281.30', '2022-09-12 23:01:05', b'1'),
(3857, 110, '2053-01-02', 738, '281.30', '2022-09-12 23:01:05', b'1'),
(3858, 110, '2053-01-17', 739, '281.30', '2022-09-12 23:01:05', b'1'),
(3859, 110, '2053-02-01', 740, '281.30', '2022-09-12 23:01:05', b'1'),
(3860, 110, '2053-02-18', 741, '281.30', '2022-09-12 23:01:06', b'1'),
(3861, 110, '2053-03-03', 742, '281.30', '2022-09-12 23:01:06', b'1'),
(3862, 110, '2053-03-18', 743, '281.30', '2022-09-12 23:01:06', b'1'),
(3863, 110, '2053-04-02', 744, '281.30', '2022-09-12 23:01:06', b'1'),
(3864, 110, '2053-04-17', 745, '281.30', '2022-09-12 23:01:07', b'1'),
(3865, 110, '2053-05-02', 746, '281.30', '2022-09-12 23:01:07', b'1'),
(3866, 110, '2053-05-17', 747, '281.30', '2022-09-12 23:01:07', b'1'),
(3867, 110, '2053-06-03', 748, '281.30', '2022-09-12 23:01:07', b'1'),
(3868, 110, '2053-06-16', 749, '281.30', '2022-09-12 23:01:07', b'1'),
(3869, 110, '2053-07-01', 750, '281.30', '2022-09-12 23:01:07', b'1'),
(3870, 110, '2053-07-16', 751, '281.30', '2022-09-12 23:01:08', b'1'),
(3871, 110, '2053-07-31', 752, '281.30', '2022-09-12 23:01:08', b'1'),
(3872, 110, '2053-08-15', 753, '281.30', '2022-09-12 23:01:08', b'1'),
(3873, 110, '2053-08-30', 754, '281.30', '2022-09-12 23:01:08', b'1'),
(3874, 110, '2053-09-16', 755, '281.30', '2022-09-12 23:01:08', b'1'),
(3875, 110, '2053-09-29', 756, '281.30', '2022-09-12 23:01:08', b'1'),
(3876, 110, '2053-10-14', 757, '281.30', '2022-09-12 23:01:08', b'1'),
(3877, 110, '2053-10-29', 758, '281.30', '2022-09-12 23:01:08', b'1'),
(3878, 110, '2053-11-13', 759, '281.30', '2022-09-12 23:01:09', b'1'),
(3879, 110, '2053-11-28', 760, '281.30', '2022-09-12 23:01:09', b'1'),
(3880, 110, '2053-12-13', 761, '281.30', '2022-09-12 23:01:09', b'1'),
(3881, 110, '2053-12-30', 762, '281.30', '2022-09-12 23:01:09', b'1'),
(3882, 110, '2054-01-12', 763, '281.30', '2022-09-12 23:01:09', b'1'),
(3883, 110, '2054-01-27', 764, '281.30', '2022-09-12 23:01:09', b'1'),
(3884, 110, '2054-02-11', 765, '281.30', '2022-09-12 23:01:09', b'1'),
(3885, 110, '2054-02-26', 766, '281.30', '2022-09-12 23:01:09', b'1'),
(3886, 110, '2054-03-13', 767, '281.30', '2022-09-12 23:01:10', b'1'),
(3887, 110, '2054-03-28', 768, '281.30', '2022-09-12 23:01:10', b'1'),
(3888, 110, '2054-04-14', 769, '281.30', '2022-09-12 23:01:10', b'1'),
(3889, 110, '2054-04-27', 770, '281.30', '2022-09-12 23:01:10', b'1'),
(3890, 110, '2054-05-12', 771, '281.30', '2022-09-12 23:01:10', b'1'),
(3891, 110, '2054-05-27', 772, '281.30', '2022-09-12 23:01:10', b'1'),
(3892, 110, '2054-06-11', 773, '281.30', '2022-09-12 23:01:10', b'1'),
(3893, 110, '2054-06-26', 774, '281.30', '2022-09-12 23:01:10', b'1'),
(3894, 110, '2054-07-11', 775, '281.30', '2022-09-12 23:01:10', b'1'),
(3895, 110, '2054-07-28', 776, '281.30', '2022-09-12 23:01:10', b'1'),
(3896, 110, '2054-08-10', 777, '281.30', '2022-09-12 23:01:11', b'1'),
(3897, 110, '2054-08-25', 778, '281.30', '2022-09-12 23:01:11', b'1'),
(3898, 110, '2054-09-09', 779, '281.30', '2022-09-12 23:01:11', b'1'),
(3899, 110, '2054-09-24', 780, '281.30', '2022-09-12 23:01:11', b'1'),
(3900, 110, '2054-10-09', 781, '281.30', '2022-09-12 23:01:11', b'1'),
(3901, 110, '2054-10-24', 782, '281.30', '2022-09-12 23:01:11', b'1'),
(3902, 110, '2054-11-10', 783, '281.30', '2022-09-12 23:01:11', b'1'),
(3903, 110, '2054-11-23', 784, '281.30', '2022-09-12 23:01:11', b'1'),
(3904, 110, '2054-12-08', 785, '281.30', '2022-09-12 23:01:11', b'1'),
(3905, 110, '2054-12-23', 786, '281.30', '2022-09-12 23:01:11', b'1'),
(3906, 110, '2055-01-07', 787, '281.30', '2022-09-12 23:01:11', b'1'),
(3907, 110, '2055-01-22', 788, '281.30', '2022-09-12 23:01:11', b'1'),
(3908, 110, '2055-02-06', 789, '281.30', '2022-09-12 23:01:11', b'1'),
(3909, 110, '2055-02-23', 790, '281.30', '2022-09-12 23:01:11', b'1'),
(3910, 110, '2055-03-08', 791, '281.30', '2022-09-12 23:01:12', b'1'),
(3911, 110, '2055-03-23', 792, '281.30', '2022-09-12 23:01:12', b'1'),
(3912, 110, '2055-04-07', 793, '281.30', '2022-09-12 23:01:12', b'1'),
(3913, 110, '2055-04-22', 794, '281.30', '2022-09-12 23:01:12', b'1'),
(3914, 110, '2055-05-07', 795, '281.30', '2022-09-12 23:01:12', b'1'),
(3915, 110, '2055-05-22', 796, '281.30', '2022-09-12 23:01:12', b'1'),
(3916, 110, '2055-06-08', 797, '281.30', '2022-09-12 23:01:12', b'1'),
(3917, 110, '2055-06-21', 798, '281.30', '2022-09-12 23:01:12', b'1'),
(3918, 110, '2055-07-06', 799, '281.30', '2022-09-12 23:01:12', b'1'),
(3919, 110, '2055-07-21', 800, '281.30', '2022-09-12 23:01:12', b'1'),
(3920, 110, '2055-08-05', 801, '281.30', '2022-09-12 23:01:12', b'1'),
(3921, 110, '2055-08-20', 802, '281.30', '2022-09-12 23:01:12', b'1'),
(3922, 110, '2055-09-04', 803, '281.30', '2022-09-12 23:01:12', b'1'),
(3923, 110, '2055-09-21', 804, '281.30', '2022-09-12 23:01:13', b'1'),
(3924, 110, '2055-10-04', 805, '281.30', '2022-09-12 23:01:13', b'1'),
(3925, 110, '2055-10-19', 806, '281.30', '2022-09-12 23:01:13', b'1'),
(3926, 110, '2055-11-03', 807, '281.30', '2022-09-12 23:01:13', b'1'),
(3927, 110, '2055-11-18', 808, '281.30', '2022-09-12 23:01:13', b'1'),
(3928, 110, '2055-12-03', 809, '281.30', '2022-09-12 23:01:13', b'1'),
(3929, 110, '2055-12-18', 810, '281.30', '2022-09-12 23:01:13', b'1'),
(3930, 110, '2056-01-04', 811, '281.30', '2022-09-12 23:01:13', b'1'),
(3931, 110, '2056-01-17', 812, '281.30', '2022-09-12 23:01:13', b'1'),
(3932, 110, '2056-02-01', 813, '281.30', '2022-09-12 23:01:13', b'1'),
(3933, 110, '2056-02-16', 814, '281.30', '2022-09-12 23:01:13', b'1'),
(3934, 110, '2056-03-02', 815, '281.30', '2022-09-12 23:01:13', b'1'),
(3935, 110, '2056-03-17', 816, '281.30', '2022-09-12 23:01:13', b'1'),
(3936, 110, '2056-04-01', 817, '281.30', '2022-09-12 23:01:13', b'1'),
(3937, 110, '2056-04-18', 818, '281.30', '2022-09-12 23:01:14', b'1'),
(3938, 110, '2056-05-01', 819, '281.30', '2022-09-12 23:01:14', b'1'),
(3939, 110, '2056-05-16', 820, '281.30', '2022-09-12 23:01:14', b'1'),
(3940, 110, '2056-05-31', 821, '281.30', '2022-09-12 23:01:14', b'1'),
(3941, 110, '2056-06-15', 822, '281.30', '2022-09-12 23:01:14', b'1'),
(3942, 110, '2056-06-30', 823, '281.30', '2022-09-12 23:01:14', b'1'),
(3943, 110, '2056-07-15', 824, '281.30', '2022-09-12 23:01:14', b'1'),
(3944, 110, '2056-08-01', 825, '281.30', '2022-09-12 23:01:14', b'1'),
(3945, 110, '2056-08-14', 826, '281.30', '2022-09-12 23:01:14', b'1'),
(3946, 110, '2056-08-29', 827, '281.30', '2022-09-12 23:01:14', b'1'),
(3947, 110, '2056-09-13', 828, '281.30', '2022-09-12 23:01:15', b'1'),
(3948, 110, '2056-09-28', 829, '281.30', '2022-09-12 23:01:15', b'1'),
(3949, 110, '2056-10-13', 830, '281.30', '2022-09-12 23:01:15', b'1'),
(3950, 110, '2056-10-28', 831, '281.30', '2022-09-12 23:01:15', b'1'),
(3951, 110, '2056-11-14', 832, '281.30', '2022-09-12 23:01:15', b'1'),
(3952, 110, '2056-11-27', 833, '281.30', '2022-09-12 23:01:15', b'1'),
(3953, 110, '2056-12-12', 834, '281.30', '2022-09-12 23:01:15', b'1'),
(3954, 110, '2056-12-27', 835, '281.30', '2022-09-12 23:01:15', b'1'),
(3955, 110, '2057-01-11', 836, '281.30', '2022-09-12 23:01:15', b'1'),
(3956, 110, '2057-01-26', 837, '281.30', '2022-09-12 23:01:15', b'1'),
(3957, 110, '2057-02-10', 838, '281.30', '2022-09-12 23:01:15', b'1'),
(3958, 110, '2057-02-27', 839, '281.30', '2022-09-12 23:01:15', b'1'),
(3959, 110, '2057-03-12', 840, '281.30', '2022-09-12 23:01:16', b'1'),
(3960, 110, '2057-03-27', 841, '281.30', '2022-09-12 23:01:16', b'1'),
(3961, 110, '2057-04-11', 842, '281.30', '2022-09-12 23:01:16', b'1'),
(3962, 110, '2057-04-26', 843, '281.30', '2022-09-12 23:01:16', b'1'),
(3963, 110, '2057-05-11', 844, '281.30', '2022-09-12 23:01:16', b'1'),
(3964, 110, '2057-05-26', 845, '281.30', '2022-09-12 23:01:16', b'1'),
(3965, 110, '2057-06-12', 846, '281.30', '2022-09-12 23:01:16', b'1'),
(3966, 110, '2057-06-25', 847, '281.30', '2022-09-12 23:01:16', b'1'),
(3967, 110, '2057-07-10', 848, '281.30', '2022-09-12 23:01:16', b'1'),
(3968, 110, '2057-07-25', 849, '281.30', '2022-09-12 23:01:16', b'1'),
(3969, 110, '2057-08-09', 850, '281.30', '2022-09-12 23:01:16', b'1'),
(3970, 110, '2057-08-24', 851, '281.30', '2022-09-12 23:01:16', b'1'),
(3971, 110, '2057-09-08', 852, '281.30', '2022-09-12 23:01:16', b'1'),
(3972, 110, '2057-09-25', 853, '281.30', '2022-09-12 23:01:17', b'1'),
(3973, 110, '2057-10-08', 854, '281.30', '2022-09-12 23:01:17', b'1'),
(3974, 110, '2057-10-23', 855, '281.30', '2022-09-12 23:01:17', b'1'),
(3975, 110, '2057-11-07', 856, '281.30', '2022-09-12 23:01:17', b'1'),
(3976, 110, '2057-11-22', 857, '281.30', '2022-09-12 23:01:17', b'1'),
(3977, 110, '2057-12-07', 858, '281.30', '2022-09-12 23:01:17', b'1'),
(3978, 110, '2057-12-22', 859, '281.30', '2022-09-12 23:01:17', b'1'),
(3979, 110, '2058-01-08', 860, '281.30', '2022-09-12 23:01:17', b'1'),
(3980, 110, '2058-01-21', 861, '281.30', '2022-09-12 23:01:17', b'1'),
(3981, 110, '2058-02-05', 862, '281.30', '2022-09-12 23:01:17', b'1'),
(3982, 110, '2058-02-20', 863, '281.30', '2022-09-12 23:01:17', b'1'),
(3983, 110, '2058-03-07', 864, '281.30', '2022-09-12 23:01:17', b'1'),
(3984, 110, '2058-03-22', 865, '281.30', '2022-09-12 23:01:17', b'1'),
(3985, 110, '2058-04-06', 866, '281.30', '2022-09-12 23:01:17', b'1'),
(3986, 110, '2058-04-23', 867, '281.30', '2022-09-12 23:01:17', b'1'),
(3987, 110, '2058-05-06', 868, '281.30', '2022-09-12 23:01:17', b'1'),
(3988, 110, '2058-05-21', 869, '281.30', '2022-09-12 23:01:17', b'1'),
(3989, 110, '2058-06-05', 870, '281.30', '2022-09-12 23:01:17', b'1'),
(3990, 110, '2058-06-20', 871, '281.30', '2022-09-12 23:01:17', b'1'),
(3991, 110, '2058-07-05', 872, '281.30', '2022-09-12 23:01:17', b'1'),
(3992, 110, '2058-07-20', 873, '281.30', '2022-09-12 23:01:18', b'1'),
(3993, 110, '2058-08-06', 874, '281.30', '2022-09-12 23:01:18', b'1'),
(3994, 110, '2058-08-19', 875, '281.30', '2022-09-12 23:01:18', b'1'),
(3995, 110, '2058-09-03', 876, '281.30', '2022-09-12 23:01:18', b'1'),
(3996, 110, '2058-09-18', 877, '281.30', '2022-09-12 23:01:18', b'1'),
(3997, 110, '2058-10-03', 878, '281.30', '2022-09-12 23:01:18', b'1'),
(3998, 110, '2058-10-18', 879, '281.30', '2022-09-12 23:01:18', b'1'),
(3999, 110, '2058-11-02', 880, '281.30', '2022-09-12 23:01:18', b'1'),
(4000, 110, '2058-11-19', 881, '281.30', '2022-09-12 23:01:18', b'1'),
(4001, 110, '2058-12-02', 882, '281.30', '2022-09-12 23:01:18', b'1'),
(4002, 110, '2058-12-17', 883, '281.30', '2022-09-12 23:01:18', b'1'),
(4003, 110, '2059-01-01', 884, '281.30', '2022-09-12 23:01:18', b'1'),
(4004, 110, '2059-01-16', 885, '281.30', '2022-09-12 23:01:18', b'1'),
(4005, 110, '2059-01-31', 886, '281.30', '2022-09-12 23:01:18', b'1'),
(4006, 110, '2059-02-15', 887, '281.30', '2022-09-12 23:01:18', b'1'),
(4007, 110, '2059-03-04', 888, '281.30', '2022-09-12 23:01:18', b'1'),
(4008, 110, '2059-03-17', 889, '281.30', '2022-09-12 23:01:18', b'1'),
(4009, 110, '2059-04-01', 890, '281.30', '2022-09-12 23:01:18', b'1'),
(4010, 110, '2059-04-16', 891, '281.30', '2022-09-12 23:01:18', b'1'),
(4011, 110, '2059-05-01', 892, '281.30', '2022-09-12 23:01:18', b'1'),
(4012, 110, '2059-05-16', 893, '281.30', '2022-09-12 23:01:19', b'1'),
(4013, 110, '2059-05-31', 894, '281.30', '2022-09-12 23:01:19', b'1'),
(4014, 110, '2059-06-17', 895, '281.30', '2022-09-12 23:01:19', b'1'),
(4015, 110, '2059-06-30', 896, '281.30', '2022-09-12 23:01:19', b'1'),
(4016, 110, '2059-07-15', 897, '281.30', '2022-09-12 23:01:19', b'1'),
(4017, 110, '2059-07-30', 898, '281.30', '2022-09-12 23:01:19', b'1'),
(4018, 110, '2059-08-14', 899, '281.30', '2022-09-12 23:01:19', b'1'),
(4019, 110, '2059-08-29', 900, '281.30', '2022-09-12 23:01:19', b'1'),
(4020, 110, '2059-09-13', 901, '281.30', '2022-09-12 23:01:19', b'1'),
(4021, 110, '2059-09-30', 902, '281.30', '2022-09-12 23:01:19', b'1'),
(4022, 110, '2059-10-13', 903, '281.30', '2022-09-12 23:01:19', b'1'),
(4023, 110, '2059-10-28', 904, '281.30', '2022-09-12 23:01:19', b'1'),
(4024, 110, '2059-11-12', 905, '281.30', '2022-09-12 23:01:20', b'1'),
(4025, 110, '2059-11-27', 906, '281.30', '2022-09-12 23:01:20', b'1'),
(4026, 110, '2059-12-12', 907, '281.30', '2022-09-12 23:01:20', b'1'),
(4027, 110, '2059-12-27', 908, '281.30', '2022-09-12 23:01:20', b'1'),
(4028, 110, '2060-01-13', 909, '281.30', '2022-09-12 23:01:20', b'1'),
(4029, 110, '2060-01-26', 910, '281.30', '2022-09-12 23:01:20', b'1'),
(4030, 110, '2060-02-10', 911, '281.30', '2022-09-12 23:01:20', b'1'),
(4031, 110, '2060-02-25', 912, '281.30', '2022-09-12 23:01:20', b'1'),
(4032, 110, '2060-03-11', 913, '281.30', '2022-09-12 23:01:20', b'1'),
(4033, 110, '2060-03-26', 914, '281.30', '2022-09-12 23:01:20', b'1'),
(4034, 110, '2060-04-10', 915, '281.30', '2022-09-12 23:01:20', b'1'),
(4035, 110, '2060-04-27', 916, '281.30', '2022-09-12 23:01:20', b'1'),
(4036, 110, '2060-05-10', 917, '281.30', '2022-09-12 23:01:20', b'1'),
(4037, 110, '2060-05-25', 918, '281.30', '2022-09-12 23:01:20', b'1'),
(4038, 110, '2060-06-09', 919, '281.30', '2022-09-12 23:01:21', b'1'),
(4039, 110, '2060-06-24', 920, '281.30', '2022-09-12 23:01:21', b'1'),
(4040, 110, '2060-07-09', 921, '281.30', '2022-09-12 23:01:21', b'1'),
(4041, 110, '2060-07-24', 922, '281.30', '2022-09-12 23:01:21', b'1'),
(4042, 110, '2060-08-10', 923, '281.30', '2022-09-12 23:01:21', b'1'),
(4043, 110, '2060-08-23', 924, '281.30', '2022-09-12 23:01:21', b'1'),
(4044, 110, '2060-09-07', 925, '281.30', '2022-09-12 23:01:21', b'1'),
(4045, 110, '2060-09-22', 926, '281.30', '2022-09-12 23:01:21', b'1'),
(4046, 110, '2060-10-07', 927, '281.30', '2022-09-12 23:01:21', b'1'),
(4047, 110, '2060-10-22', 928, '281.30', '2022-09-12 23:01:21', b'1'),
(4048, 110, '2060-11-06', 929, '281.30', '2022-09-12 23:01:21', b'1'),
(4049, 110, '2060-11-23', 930, '281.30', '2022-09-12 23:01:21', b'1'),
(4050, 110, '2060-12-06', 931, '281.30', '2022-09-12 23:01:21', b'1'),
(4051, 110, '2060-12-21', 932, '281.30', '2022-09-12 23:01:21', b'1'),
(4052, 110, '2061-01-05', 933, '281.30', '2022-09-12 23:01:21', b'1'),
(4053, 110, '2061-01-20', 934, '281.30', '2022-09-12 23:01:21', b'1'),
(4054, 110, '2061-02-04', 935, '281.30', '2022-09-12 23:01:21', b'1'),
(4055, 110, '2061-02-19', 936, '281.30', '2022-09-12 23:01:21', b'1'),
(4056, 110, '2061-03-08', 937, '281.30', '2022-09-12 23:01:22', b'1'),
(4057, 110, '2061-03-21', 938, '281.30', '2022-09-12 23:01:22', b'1'),
(4058, 110, '2061-04-05', 939, '281.30', '2022-09-12 23:01:22', b'1'),
(4059, 110, '2061-04-20', 940, '281.30', '2022-09-12 23:01:22', b'1'),
(4060, 110, '2061-05-05', 941, '281.30', '2022-09-12 23:01:22', b'1'),
(4061, 110, '2061-05-20', 942, '281.30', '2022-09-12 23:01:23', b'1'),
(4062, 110, '2061-06-04', 943, '281.30', '2022-09-12 23:01:23', b'1'),
(4063, 110, '2061-06-21', 944, '281.30', '2022-09-12 23:01:23', b'1'),
(4064, 110, '2061-07-04', 945, '281.30', '2022-09-12 23:01:23', b'1'),
(4065, 110, '2061-07-19', 946, '281.30', '2022-09-12 23:01:23', b'1'),
(4066, 110, '2061-08-03', 947, '281.30', '2022-09-12 23:01:23', b'1'),
(4067, 110, '2061-08-18', 948, '281.30', '2022-09-12 23:01:23', b'1'),
(4068, 110, '2061-09-02', 949, '281.30', '2022-09-12 23:01:23', b'1'),
(4069, 110, '2061-09-17', 950, '281.30', '2022-09-12 23:01:23', b'1'),
(4070, 110, '2061-10-04', 951, '281.30', '2022-09-12 23:01:23', b'1'),
(4071, 110, '2061-10-17', 952, '281.30', '2022-09-12 23:01:23', b'1'),
(4072, 110, '2061-11-01', 953, '281.30', '2022-09-12 23:01:23', b'1'),
(4073, 110, '2061-11-16', 954, '281.30', '2022-09-12 23:01:23', b'1'),
(4074, 110, '2061-12-01', 955, '281.30', '2022-09-12 23:01:23', b'1'),
(4075, 110, '2061-12-16', 956, '281.30', '2022-09-12 23:01:23', b'1'),
(4076, 110, '2061-12-31', 957, '281.30', '2022-09-12 23:01:24', b'1'),
(4077, 110, '2062-01-17', 958, '281.30', '2022-09-12 23:01:24', b'1'),
(4078, 110, '2062-01-30', 959, '281.30', '2022-09-12 23:01:24', b'1'),
(4079, 110, '2062-02-14', 960, '281.30', '2022-09-12 23:01:24', b'1'),
(4080, 110, '2062-03-01', 961, '281.30', '2022-09-12 23:01:24', b'1'),
(4081, 110, '2062-03-16', 962, '281.30', '2022-09-12 23:01:24', b'1'),
(4082, 110, '2062-03-31', 963, '281.30', '2022-09-12 23:01:24', b'1'),
(4083, 110, '2062-04-15', 964, '281.30', '2022-09-12 23:01:24', b'1'),
(4084, 110, '2062-05-02', 965, '281.30', '2022-09-12 23:01:24', b'1'),
(4085, 110, '2062-05-15', 966, '281.30', '2022-09-12 23:01:24', b'1'),
(4086, 110, '2062-05-30', 967, '281.30', '2022-09-12 23:01:24', b'1'),
(4087, 110, '2062-06-14', 968, '281.30', '2022-09-12 23:01:24', b'1'),
(4088, 110, '2062-06-29', 969, '281.30', '2022-09-12 23:01:24', b'1'),
(4089, 110, '2062-07-14', 970, '281.30', '2022-09-12 23:01:24', b'1'),
(4090, 110, '2062-07-29', 971, '281.30', '2022-09-12 23:01:25', b'1'),
(4091, 110, '2062-08-15', 972, '281.30', '2022-09-12 23:01:25', b'1'),
(4092, 110, '2062-08-28', 973, '281.30', '2022-09-12 23:01:25', b'1'),
(4093, 110, '2062-09-12', 974, '281.30', '2022-09-12 23:01:25', b'1'),
(4094, 110, '2062-09-27', 975, '281.30', '2022-09-12 23:01:25', b'1'),
(4095, 110, '2062-10-12', 976, '281.30', '2022-09-12 23:01:25', b'1'),
(4096, 110, '2062-10-27', 977, '281.30', '2022-09-12 23:01:25', b'1'),
(4097, 110, '2062-11-11', 978, '281.30', '2022-09-12 23:01:25', b'1'),
(4098, 110, '2062-11-28', 979, '281.30', '2022-09-12 23:01:25', b'1'),
(4099, 110, '2062-12-11', 980, '281.30', '2022-09-12 23:01:25', b'1'),
(4100, 110, '2062-12-26', 981, '281.30', '2022-09-12 23:01:25', b'1'),
(4101, 110, '2063-01-10', 982, '281.30', '2022-09-12 23:01:25', b'1'),
(4102, 110, '2063-01-25', 983, '281.30', '2022-09-12 23:01:26', b'1'),
(4103, 110, '2063-02-09', 984, '281.30', '2022-09-12 23:01:26', b'1'),
(4104, 110, '2063-02-24', 985, '281.30', '2022-09-12 23:01:26', b'1'),
(4105, 110, '2063-03-13', 986, '281.30', '2022-09-12 23:01:26', b'1'),
(4106, 110, '2063-03-26', 987, '281.30', '2022-09-12 23:01:26', b'1'),
(4107, 110, '2063-04-10', 988, '281.30', '2022-09-12 23:01:26', b'1'),
(4108, 110, '2063-04-25', 989, '281.30', '2022-09-12 23:01:26', b'1'),
(4109, 110, '2063-05-10', 990, '281.30', '2022-09-12 23:01:26', b'1'),
(4110, 110, '2063-05-25', 991, '281.30', '2022-09-12 23:01:26', b'1'),
(4111, 110, '2063-06-09', 992, '281.30', '2022-09-12 23:01:26', b'1'),
(4112, 110, '2063-06-26', 993, '281.30', '2022-09-12 23:01:26', b'1'),
(4113, 110, '2063-07-09', 994, '281.30', '2022-09-12 23:01:26', b'1'),
(4114, 110, '2063-07-24', 995, '281.30', '2022-09-12 23:01:26', b'1'),
(4115, 110, '2063-08-08', 996, '281.30', '2022-09-12 23:01:26', b'1'),
(4116, 110, '2063-08-23', 997, '281.30', '2022-09-12 23:01:27', b'1'),
(4117, 110, '2063-09-07', 998, '281.30', '2022-09-12 23:01:27', b'1'),
(4118, 110, '2063-09-22', 999, '281.30', '2022-09-12 23:01:27', b'1'),
(4119, 110, '2063-10-09', 1000, '281.30', '2022-09-12 23:01:27', b'1'),
(4120, 110, '2063-10-22', 1001, '281.30', '2022-09-12 23:01:27', b'1'),
(4121, 110, '2063-11-06', 1002, '281.30', '2022-09-12 23:01:27', b'1'),
(4122, 110, '2063-11-21', 1003, '281.30', '2022-09-12 23:01:27', b'1'),
(4123, 110, '2063-12-06', 1004, '281.30', '2022-09-12 23:01:27', b'1'),
(4124, 110, '2063-12-21', 1005, '281.30', '2022-09-12 23:01:27', b'1'),
(4125, 110, '2064-01-05', 1006, '281.30', '2022-09-12 23:01:27', b'1'),
(4126, 110, '2064-01-22', 1007, '281.30', '2022-09-12 23:01:27', b'1'),
(4127, 110, '2064-02-04', 1008, '281.30', '2022-09-12 23:01:28', b'1'),
(4128, 110, '2064-02-19', 1009, '281.30', '2022-09-12 23:01:28', b'1'),
(4129, 110, '2064-03-05', 1010, '281.30', '2022-09-12 23:01:28', b'1'),
(4130, 110, '2064-03-20', 1011, '281.30', '2022-09-12 23:01:28', b'1'),
(4131, 110, '2064-04-04', 1012, '281.30', '2022-09-12 23:01:28', b'1'),
(4132, 110, '2064-04-19', 1013, '281.30', '2022-09-12 23:01:28', b'1'),
(4133, 110, '2064-05-06', 1014, '281.30', '2022-09-12 23:01:28', b'1'),
(4134, 110, '2064-05-19', 1015, '281.30', '2022-09-12 23:01:28', b'1'),
(4135, 110, '2064-06-03', 1016, '281.30', '2022-09-12 23:01:28', b'1'),
(4136, 110, '2064-06-18', 1017, '281.30', '2022-09-12 23:01:28', b'1'),
(4137, 110, '2064-07-03', 1018, '281.30', '2022-09-12 23:01:29', b'1'),
(4138, 110, '2064-07-18', 1019, '281.30', '2022-09-12 23:01:29', b'1'),
(4139, 110, '2064-08-02', 1020, '281.30', '2022-09-12 23:01:29', b'1'),
(4140, 110, '2064-08-19', 1021, '281.30', '2022-09-12 23:01:29', b'1'),
(4141, 110, '2064-09-01', 1022, '281.30', '2022-09-12 23:01:29', b'1'),
(4142, 110, '2064-09-16', 1023, '281.30', '2022-09-12 23:01:29', b'1'),
(4143, 110, '2064-10-01', 1024, '281.30', '2022-09-12 23:01:29', b'1'),
(4144, 110, '2064-10-16', 1025, '281.30', '2022-09-12 23:01:29', b'1'),
(4145, 110, '2064-10-31', 1026, '281.30', '2022-09-12 23:01:29', b'1'),
(4146, 110, '2064-11-15', 1027, '281.30', '2022-09-12 23:01:30', b'1'),
(4147, 110, '2064-12-02', 1028, '281.30', '2022-09-12 23:01:30', b'1'),
(4148, 110, '2064-12-15', 1029, '281.30', '2022-09-12 23:01:30', b'1'),
(4149, 110, '2064-12-30', 1030, '281.30', '2022-09-12 23:01:30', b'1'),
(4150, 110, '2065-01-14', 1031, '281.30', '2022-09-12 23:01:30', b'1'),
(4151, 110, '2065-01-29', 1032, '281.30', '2022-09-12 23:01:30', b'1'),
(4152, 110, '2065-02-13', 1033, '281.30', '2022-09-12 23:01:30', b'1'),
(4153, 110, '2065-02-28', 1034, '281.30', '2022-09-12 23:01:31', b'1'),
(4154, 110, '2065-03-17', 1035, '281.30', '2022-09-12 23:01:31', b'1'),
(4155, 110, '2065-03-30', 1036, '281.30', '2022-09-12 23:01:31', b'1'),
(4156, 110, '2065-04-14', 1037, '281.30', '2022-09-12 23:01:31', b'1'),
(4157, 110, '2065-04-29', 1038, '281.30', '2022-09-12 23:01:31', b'1'),
(4158, 110, '2065-05-14', 1039, '281.30', '2022-09-12 23:01:31', b'1'),
(4159, 110, '2065-05-29', 1040, '281.30', '2022-09-12 23:01:32', b'1'),
(4160, 110, '2065-06-13', 1041, '281.30', '2022-09-12 23:01:32', b'1'),
(4161, 110, '2065-06-30', 1042, '281.30', '2022-09-12 23:01:33', b'1'),
(4162, 110, '2065-07-13', 1043, '281.30', '2022-09-12 23:01:33', b'1'),
(4163, 110, '2065-07-28', 1044, '281.30', '2022-09-12 23:01:33', b'1'),
(4164, 110, '2065-08-12', 1045, '281.30', '2022-09-12 23:01:33', b'1'),
(4165, 110, '2065-08-27', 1046, '281.30', '2022-09-12 23:01:33', b'1'),
(4166, 110, '2065-09-11', 1047, '281.30', '2022-09-12 23:01:33', b'1'),
(4167, 110, '2065-09-26', 1048, '281.30', '2022-09-12 23:01:33', b'1'),
(4168, 110, '2065-10-13', 1049, '281.30', '2022-09-12 23:01:33', b'1'),
(4169, 110, '2065-10-26', 1050, '281.30', '2022-09-12 23:01:33', b'1'),
(4170, 110, '2065-11-10', 1051, '281.30', '2022-09-12 23:01:34', b'1'),
(4171, 110, '2065-11-25', 1052, '281.30', '2022-09-12 23:01:34', b'1'),
(4172, 110, '2065-12-10', 1053, '281.30', '2022-09-12 23:01:34', b'1'),
(4173, 110, '2065-12-25', 1054, '281.30', '2022-09-12 23:01:34', b'1'),
(4174, 110, '2066-01-09', 1055, '281.30', '2022-09-12 23:01:34', b'1'),
(4175, 110, '2066-01-26', 1056, '281.30', '2022-09-12 23:01:34', b'1'),
(4176, 110, '2066-02-08', 1057, '281.30', '2022-09-12 23:01:34', b'1'),
(4177, 110, '2066-02-23', 1058, '281.30', '2022-09-12 23:01:34', b'1'),
(4178, 110, '2066-03-10', 1059, '281.30', '2022-09-12 23:01:34', b'1'),
(4179, 110, '2066-03-25', 1060, '281.30', '2022-09-12 23:01:34', b'1'),
(4180, 110, '2066-04-09', 1061, '281.30', '2022-09-12 23:01:34', b'1'),
(4181, 110, '2066-04-24', 1062, '281.30', '2022-09-12 23:01:34', b'1'),
(4182, 110, '2066-05-11', 1063, '281.30', '2022-09-12 23:01:34', b'1'),
(4183, 110, '2066-05-24', 1064, '281.30', '2022-09-12 23:01:34', b'1'),
(4184, 110, '2066-06-08', 1065, '281.30', '2022-09-12 23:01:34', b'1'),
(4185, 110, '2066-06-23', 1066, '281.30', '2022-09-12 23:01:34', b'1'),
(4186, 110, '2066-07-08', 1067, '281.30', '2022-09-12 23:01:35', b'1'),
(4187, 110, '2066-07-23', 1068, '281.30', '2022-09-12 23:01:35', b'1'),
(4188, 110, '2066-08-07', 1069, '281.30', '2022-09-12 23:01:35', b'1'),
(4189, 110, '2066-08-24', 1070, '281.30', '2022-09-12 23:01:35', b'1'),
(4190, 110, '2066-09-06', 1071, '281.30', '2022-09-12 23:01:35', b'1'),
(4191, 110, '2066-09-21', 1072, '281.30', '2022-09-12 23:01:35', b'1'),
(4192, 110, '2066-10-06', 1073, '281.30', '2022-09-12 23:01:35', b'1'),
(4193, 110, '2066-10-21', 1074, '281.30', '2022-09-12 23:01:35', b'1'),
(4194, 110, '2066-11-05', 1075, '281.30', '2022-09-12 23:01:35', b'1'),
(4195, 110, '2066-11-20', 1076, '281.30', '2022-09-12 23:01:35', b'1'),
(4196, 110, '2066-12-07', 1077, '281.30', '2022-09-12 23:01:35', b'1'),
(4197, 110, '2066-12-20', 1078, '281.30', '2022-09-12 23:01:35', b'1'),
(4198, 110, '2067-01-04', 1079, '281.30', '2022-09-12 23:01:35', b'1'),
(4199, 110, '2067-01-19', 1080, '281.30', '2022-09-12 23:01:36', b'1'),
(4200, 110, '2067-02-03', 1081, '281.30', '2022-09-12 23:01:36', b'1'),
(4201, 110, '2067-02-18', 1082, '281.30', '2022-09-12 23:01:36', b'1'),
(4202, 110, '2067-03-05', 1083, '281.30', '2022-09-12 23:01:36', b'1'),
(4203, 110, '2067-03-22', 1084, '281.30', '2022-09-12 23:01:36', b'1'),
(4204, 110, '2067-04-04', 1085, '281.30', '2022-09-12 23:01:36', b'1'),
(4205, 110, '2067-04-19', 1086, '281.30', '2022-09-12 23:01:36', b'1'),
(4206, 110, '2067-05-04', 1087, '281.30', '2022-09-12 23:01:36', b'1'),
(4207, 110, '2067-05-19', 1088, '281.30', '2022-09-12 23:01:37', b'1'),
(4208, 110, '2067-06-03', 1089, '281.30', '2022-09-12 23:01:37', b'1'),
(4209, 110, '2067-06-18', 1090, '281.30', '2022-09-12 23:01:37', b'1'),
(4210, 110, '2067-07-05', 1091, '281.30', '2022-09-12 23:01:37', b'1'),
(4211, 110, '2067-07-18', 1092, '281.30', '2022-09-12 23:01:37', b'1'),
(4212, 110, '2067-08-02', 1093, '281.30', '2022-09-12 23:01:37', b'1'),
(4213, 110, '2067-08-17', 1094, '281.30', '2022-09-12 23:01:37', b'1'),
(4214, 110, '2067-09-01', 1095, '281.30', '2022-09-12 23:01:37', b'1'),
(4215, 110, '2067-09-16', 1096, '281.30', '2022-09-12 23:01:37', b'1'),
(4216, 110, '2067-10-01', 1097, '281.30', '2022-09-12 23:01:38', b'1'),
(4217, 110, '2067-10-18', 1098, '281.30', '2022-09-12 23:01:38', b'1'),
(4218, 110, '2067-10-31', 1099, '281.30', '2022-09-12 23:01:38', b'1'),
(4219, 110, '2067-11-15', 1100, '281.30', '2022-09-12 23:01:38', b'1'),
(4220, 110, '2067-11-30', 1101, '281.30', '2022-09-12 23:01:38', b'1'),
(4221, 110, '2067-12-15', 1102, '281.30', '2022-09-12 23:01:38', b'1'),
(4222, 110, '2067-12-30', 1103, '281.30', '2022-09-12 23:01:38', b'1'),
(4223, 110, '2068-01-14', 1104, '281.30', '2022-09-12 23:01:39', b'1'),
(4224, 110, '2068-01-31', 1105, '281.30', '2022-09-12 23:01:39', b'1'),
(4225, 110, '2068-02-13', 1106, '281.30', '2022-09-12 23:01:39', b'1'),
(4226, 110, '2068-02-28', 1107, '281.30', '2022-09-12 23:01:39', b'1'),
(4227, 110, '2068-03-14', 1108, '281.30', '2022-09-12 23:01:39', b'1'),
(4228, 110, '2068-03-29', 1109, '281.30', '2022-09-12 23:01:39', b'1'),
(4229, 110, '2068-04-13', 1110, '281.30', '2022-09-12 23:01:39', b'1'),
(4230, 110, '2068-04-28', 1111, '281.30', '2022-09-12 23:01:39', b'1'),
(4231, 110, '2068-05-15', 1112, '281.30', '2022-09-12 23:01:39', b'1'),
(4232, 110, '2068-05-28', 1113, '281.30', '2022-09-12 23:01:40', b'1'),
(4233, 110, '2068-06-12', 1114, '281.30', '2022-09-12 23:01:40', b'1'),
(4234, 110, '2068-06-27', 1115, '281.30', '2022-09-12 23:01:40', b'1'),
(4235, 110, '2068-07-12', 1116, '281.30', '2022-09-12 23:01:40', b'1'),
(4236, 110, '2068-07-27', 1117, '281.30', '2022-09-12 23:01:40', b'1'),
(4237, 110, '2068-08-11', 1118, '281.30', '2022-09-12 23:01:40', b'1'),
(4238, 110, '2068-08-28', 1119, '281.30', '2022-09-12 23:01:40', b'1'),
(4239, 110, '2068-09-10', 1120, '281.30', '2022-09-12 23:01:40', b'1'),
(4240, 110, '2068-09-25', 1121, '281.30', '2022-09-12 23:01:41', b'1'),
(4241, 110, '2068-10-10', 1122, '281.30', '2022-09-12 23:01:41', b'1'),
(4242, 110, '2068-10-25', 1123, '281.30', '2022-09-12 23:01:41', b'1'),
(4243, 110, '2068-11-09', 1124, '281.30', '2022-09-12 23:01:41', b'1'),
(4244, 110, '2068-11-24', 1125, '281.30', '2022-09-12 23:01:41', b'1'),
(4245, 110, '2068-12-11', 1126, '281.30', '2022-09-12 23:01:41', b'1'),
(4246, 110, '2068-12-24', 1127, '281.30', '2022-09-12 23:01:41', b'1'),
(4247, 110, '2069-01-08', 1128, '281.30', '2022-09-12 23:01:41', b'1'),
(4248, 110, '2069-01-23', 1129, '281.30', '2022-09-12 23:01:41', b'1'),
(4249, 110, '2069-02-07', 1130, '281.30', '2022-09-12 23:01:41', b'1'),
(4250, 110, '2069-02-22', 1131, '281.30', '2022-09-12 23:01:41', b'1'),
(4251, 110, '2069-03-09', 1132, '281.30', '2022-09-12 23:01:41', b'1'),
(4252, 110, '2069-03-26', 1133, '281.30', '2022-09-12 23:01:42', b'1'),
(4253, 110, '2069-04-08', 1134, '281.30', '2022-09-12 23:01:42', b'1'),
(4254, 110, '2069-04-23', 1135, '281.30', '2022-09-12 23:01:42', b'1'),
(4255, 110, '2069-05-08', 1136, '281.30', '2022-09-12 23:01:42', b'1'),
(4256, 110, '2069-05-23', 1137, '281.30', '2022-09-12 23:01:42', b'1'),
(4257, 110, '2069-06-07', 1138, '281.30', '2022-09-12 23:01:42', b'1'),
(4258, 110, '2069-06-22', 1139, '281.30', '2022-09-12 23:01:42', b'1'),
(4259, 110, '2069-07-09', 1140, '281.30', '2022-09-12 23:01:42', b'1'),
(4260, 110, '2069-07-22', 1141, '281.30', '2022-09-12 23:01:42', b'1'),
(4261, 110, '2069-08-06', 1142, '281.30', '2022-09-12 23:01:42', b'1'),
(4262, 110, '2069-08-21', 1143, '281.30', '2022-09-12 23:01:42', b'1'),
(4263, 110, '2069-09-05', 1144, '281.30', '2022-09-12 23:01:42', b'1'),
(4264, 110, '2069-09-20', 1145, '281.30', '2022-09-12 23:01:43', b'1'),
(4265, 110, '2069-10-05', 1146, '281.30', '2022-09-12 23:01:43', b'1'),
(4266, 110, '2069-10-22', 1147, '281.30', '2022-09-12 23:01:43', b'1'),
(4267, 110, '2069-11-04', 1148, '281.30', '2022-09-12 23:01:43', b'1'),
(4268, 110, '2069-11-19', 1149, '281.30', '2022-09-12 23:01:43', b'1'),
(4269, 110, '2069-12-04', 1150, '281.30', '2022-09-12 23:01:43', b'1'),
(4270, 110, '2069-12-19', 1151, '281.30', '2022-09-12 23:01:43', b'1'),
(4271, 110, '2070-01-03', 1152, '281.30', '2022-09-12 23:01:43', b'1'),
(4272, 110, '2070-01-18', 1153, '281.30', '2022-09-12 23:01:43', b'1'),
(4273, 110, '2070-02-04', 1154, '281.30', '2022-09-12 23:01:43', b'1'),
(4274, 110, '2070-02-17', 1155, '281.30', '2022-09-12 23:01:43', b'1'),
(4275, 110, '2070-03-04', 1156, '281.30', '2022-09-12 23:01:43', b'1'),
(4276, 110, '2070-03-19', 1157, '281.30', '2022-09-12 23:01:43', b'1'),
(4277, 110, '2070-04-03', 1158, '281.30', '2022-09-12 23:01:43', b'1'),
(4278, 110, '2070-04-18', 1159, '281.30', '2022-09-12 23:01:43', b'1'),
(4279, 110, '2070-05-03', 1160, '281.30', '2022-09-12 23:01:44', b'1'),
(4280, 110, '2070-05-20', 1161, '281.30', '2022-09-12 23:01:44', b'1'),
(4281, 110, '2070-06-02', 1162, '281.30', '2022-09-12 23:01:44', b'1'),
(4282, 110, '2070-06-17', 1163, '281.30', '2022-09-12 23:01:44', b'1'),
(4283, 110, '2070-07-02', 1164, '281.30', '2022-09-12 23:01:44', b'1'),
(4284, 110, '2070-07-17', 1165, '281.30', '2022-09-12 23:01:44', b'1'),
(4285, 110, '2070-08-01', 1166, '281.30', '2022-09-12 23:01:44', b'1'),
(4286, 110, '2070-08-16', 1167, '281.30', '2022-09-12 23:01:44', b'1'),
(4287, 110, '2070-09-02', 1168, '281.30', '2022-09-12 23:01:44', b'1'),
(4288, 110, '2070-09-15', 1169, '281.30', '2022-09-12 23:01:44', b'1'),
(4289, 110, '2070-09-30', 1170, '281.30', '2022-09-12 23:01:44', b'1'),
(4290, 110, '2070-10-15', 1171, '281.30', '2022-09-12 23:01:44', b'1'),
(4291, 110, '2070-10-30', 1172, '281.30', '2022-09-12 23:01:44', b'1'),
(4292, 110, '2070-11-14', 1173, '281.30', '2022-09-12 23:01:44', b'1'),
(4293, 110, '2070-11-29', 1174, '281.30', '2022-09-12 23:01:44', b'1'),
(4294, 110, '2070-12-16', 1175, '281.30', '2022-09-12 23:01:44', b'1'),
(4295, 110, '2070-12-29', 1176, '281.30', '2022-09-12 23:01:44', b'1'),
(4296, 110, '2071-01-13', 1177, '281.30', '2022-09-12 23:01:45', b'1'),
(4297, 110, '2071-01-28', 1178, '281.30', '2022-09-12 23:01:45', b'1'),
(4298, 110, '2071-02-12', 1179, '281.30', '2022-09-12 23:01:45', b'1'),
(4299, 110, '2071-02-27', 1180, '281.30', '2022-09-12 23:01:45', b'1'),
(4300, 110, '2071-03-14', 1181, '281.30', '2022-09-12 23:01:45', b'1'),
(4301, 110, '2071-03-31', 1182, '281.30', '2022-09-12 23:01:45', b'1'),
(4302, 110, '2071-04-13', 1183, '281.30', '2022-09-12 23:01:45', b'1'),
(4303, 110, '2071-04-28', 1184, '281.30', '2022-09-12 23:01:45', b'1'),
(4304, 110, '2071-05-13', 1185, '281.30', '2022-09-12 23:01:45', b'1'),
(4305, 110, '2071-05-28', 1186, '281.30', '2022-09-12 23:01:45', b'1'),
(4306, 110, '2071-06-12', 1187, '281.30', '2022-09-12 23:01:45', b'1'),
(4307, 110, '2071-06-27', 1188, '281.30', '2022-09-12 23:01:45', b'1'),
(4308, 110, '2071-07-14', 1189, '281.30', '2022-09-12 23:01:45', b'1'),
(4309, 110, '2071-07-27', 1190, '281.30', '2022-09-12 23:01:45', b'1'),
(4310, 110, '2071-08-11', 1191, '281.30', '2022-09-12 23:01:45', b'1'),
(4311, 110, '2071-08-26', 1192, '281.30', '2022-09-12 23:01:45', b'1'),
(4312, 110, '2071-09-10', 1193, '281.30', '2022-09-12 23:01:46', b'1'),
(4313, 110, '2071-09-25', 1194, '281.30', '2022-09-12 23:01:46', b'1');
INSERT INTO `loan_items` (`id`, `loan_id`, `date`, `num_quota`, `fee_amount`, `pay_date`, `status`) VALUES
(4314, 110, '2071-10-10', 1195, '281.30', '2022-09-12 23:01:46', b'1'),
(4315, 110, '2071-10-27', 1196, '281.30', '2022-09-12 23:01:46', b'1'),
(4316, 110, '2071-11-09', 1197, '281.30', '2022-09-12 23:01:46', b'1'),
(4317, 110, '2071-11-24', 1198, '281.30', '2022-09-12 23:01:46', b'1'),
(4318, 110, '2071-12-09', 1199, '281.30', '2022-09-12 23:01:46', b'1'),
(4319, 110, '2071-12-24', 1200, '281.30', '2022-09-12 23:01:46', b'1'),
(4320, 110, '2072-01-08', 1201, '281.30', '2022-09-12 23:01:46', b'1'),
(4321, 110, '2072-01-23', 1202, '281.30', '2022-09-12 23:01:46', b'1'),
(4322, 110, '2072-02-09', 1203, '281.30', '2022-09-12 23:01:46', b'1'),
(4323, 110, '2072-02-22', 1204, '281.30', '2022-09-12 23:01:46', b'1'),
(4324, 110, '2072-03-08', 1205, '281.30', '2022-09-12 23:01:47', b'1'),
(4325, 110, '2072-03-23', 1206, '281.30', '2022-09-12 23:01:47', b'1'),
(4326, 110, '2072-04-07', 1207, '281.30', '2022-09-12 23:01:47', b'1'),
(4327, 110, '2072-04-22', 1208, '281.30', '2022-09-12 23:01:47', b'1'),
(4328, 110, '2072-05-07', 1209, '281.30', '2022-09-12 23:01:47', b'1'),
(4329, 110, '2072-05-24', 1210, '281.30', '2022-09-12 23:01:47', b'1'),
(4330, 110, '2072-06-06', 1211, '281.30', '2022-09-12 23:01:47', b'1'),
(4331, 110, '2072-06-21', 1212, '281.30', '2022-09-12 23:01:47', b'1'),
(4332, 110, '2072-07-06', 1213, '281.30', '2022-09-12 23:01:47', b'1'),
(4333, 110, '2072-07-21', 1214, '281.30', '2022-09-12 23:01:47', b'1'),
(4334, 110, '2072-08-05', 1215, '281.30', '2022-09-12 23:01:47', b'1'),
(4335, 110, '2072-08-20', 1216, '281.30', '2022-09-12 23:01:48', b'1'),
(4336, 110, '2072-09-06', 1217, '281.30', '2022-09-12 23:01:48', b'1'),
(4337, 110, '2072-09-19', 1218, '281.30', '2022-09-12 23:01:48', b'1'),
(4338, 110, '2072-10-04', 1219, '281.30', '2022-09-12 23:01:48', b'1'),
(4339, 110, '2072-10-19', 1220, '281.30', '2022-09-12 23:01:48', b'1'),
(4340, 110, '2072-11-03', 1221, '281.30', '2022-09-12 23:01:48', b'1'),
(4341, 110, '2072-11-18', 1222, '281.30', '2022-09-12 23:01:48', b'1'),
(4342, 110, '2072-12-03', 1223, '281.30', '2022-09-12 23:01:48', b'1'),
(4343, 110, '2072-12-20', 1224, '281.30', '2022-09-12 23:01:48', b'1'),
(4344, 110, '2073-01-02', 1225, '281.30', '2022-09-12 23:01:48', b'1'),
(4345, 110, '2073-01-17', 1226, '281.30', '2022-09-12 23:01:48', b'1'),
(4346, 110, '2073-02-01', 1227, '281.30', '2022-09-12 23:01:49', b'1'),
(4347, 110, '2073-02-16', 1228, '281.30', '2022-09-12 23:01:49', b'1'),
(4348, 110, '2073-03-03', 1229, '281.30', '2022-09-12 23:01:49', b'1'),
(4349, 110, '2073-03-18', 1230, '281.30', '2022-09-12 23:01:49', b'1'),
(4350, 110, '2073-04-04', 1231, '281.30', '2022-09-12 23:01:49', b'1'),
(4351, 110, '2073-04-17', 1232, '281.30', '2022-09-12 23:01:49', b'1'),
(4352, 110, '2073-05-02', 1233, '281.30', '2022-09-12 23:01:49', b'1'),
(4353, 110, '2073-05-17', 1234, '281.30', '2022-09-12 23:01:49', b'1'),
(4354, 110, '2073-06-01', 1235, '281.30', '2022-09-12 23:01:49', b'1'),
(4355, 110, '2073-06-16', 1236, '281.30', '2022-09-12 23:01:49', b'1'),
(4356, 110, '2073-07-01', 1237, '281.30', '2022-09-12 23:01:49', b'1'),
(4357, 110, '2073-07-18', 1238, '281.30', '2022-09-12 23:01:49', b'1'),
(4358, 110, '2073-07-31', 1239, '281.30', '2022-09-12 23:01:50', b'1'),
(4359, 110, '2073-08-15', 1240, '281.30', '2022-09-12 23:01:50', b'1'),
(4360, 110, '2073-08-30', 1241, '281.30', '2022-09-12 23:01:50', b'1'),
(4361, 110, '2073-09-14', 1242, '281.30', '2022-09-12 23:01:50', b'1'),
(4362, 110, '2073-09-29', 1243, '281.30', '2022-09-12 23:01:50', b'1'),
(4363, 110, '2073-10-14', 1244, '281.30', '2022-09-12 23:01:50', b'1'),
(4364, 110, '2073-10-31', 1245, '281.30', '2022-09-12 23:01:50', b'1'),
(4365, 110, '2073-11-13', 1246, '281.30', '2022-09-12 23:01:50', b'1'),
(4366, 110, '2073-11-28', 1247, '281.30', '2022-09-12 23:01:50', b'1'),
(4367, 110, '2073-12-13', 1248, '281.30', '2022-09-12 23:01:51', b'1'),
(4368, 110, '2073-12-28', 1249, '281.30', '2022-09-12 23:01:51', b'1'),
(4369, 110, '2074-01-12', 1250, '281.30', '2022-09-12 23:01:51', b'1'),
(4370, 110, '2074-01-27', 1251, '281.30', '2022-09-12 23:01:51', b'1'),
(4371, 110, '2074-02-13', 1252, '281.30', '2022-09-12 23:01:51', b'1'),
(4372, 110, '2074-02-26', 1253, '281.30', '2022-09-12 23:01:51', b'1'),
(4373, 110, '2074-03-13', 1254, '281.30', '2022-09-12 23:01:51', b'1'),
(4374, 110, '2074-03-28', 1255, '281.30', '2022-09-12 23:01:51', b'1'),
(4375, 110, '2074-04-12', 1256, '281.30', '2022-09-12 23:01:51', b'1'),
(4376, 110, '2074-04-27', 1257, '281.30', '2022-09-12 23:01:51', b'1'),
(4377, 110, '2074-05-12', 1258, '281.30', '2022-09-12 23:01:51', b'1'),
(4378, 110, '2074-05-29', 1259, '281.30', '2022-09-12 23:01:51', b'1'),
(4379, 110, '2074-06-11', 1260, '281.30', '2022-09-12 23:01:52', b'1'),
(4380, 110, '2074-06-26', 1261, '281.30', '2022-09-12 23:01:52', b'1'),
(4381, 110, '2074-07-11', 1262, '281.30', '2022-09-12 23:01:52', b'1'),
(4382, 110, '2074-07-26', 1263, '281.30', '2022-09-12 23:01:52', b'1'),
(4383, 110, '2074-08-10', 1264, '281.30', '2022-09-12 23:01:52', b'1'),
(4384, 110, '2074-08-25', 1265, '281.30', '2022-09-12 23:01:52', b'1'),
(4385, 110, '2074-09-11', 1266, '281.30', '2022-09-12 23:01:52', b'1'),
(4386, 110, '2074-09-24', 1267, '281.30', '2022-09-12 23:01:52', b'1'),
(4387, 110, '2074-10-09', 1268, '281.30', '2022-09-12 23:01:53', b'1'),
(4388, 110, '2074-10-24', 1269, '281.30', '2022-09-12 23:01:53', b'1'),
(4389, 110, '2074-11-08', 1270, '281.30', '2022-09-12 23:01:53', b'1'),
(4390, 110, '2074-11-23', 1271, '281.30', '2022-09-12 23:01:53', b'1'),
(4391, 110, '2074-12-08', 1272, '281.30', '2022-09-12 23:01:53', b'1'),
(4392, 110, '2074-12-25', 1273, '281.30', '2022-09-12 23:01:53', b'1'),
(4393, 110, '2075-01-07', 1274, '281.30', '2022-09-12 23:01:53', b'1'),
(4394, 110, '2075-01-22', 1275, '281.30', '2022-09-12 23:01:53', b'1'),
(4395, 110, '2075-02-06', 1276, '281.30', '2022-09-12 23:01:54', b'1'),
(4396, 110, '2075-02-21', 1277, '281.30', '2022-09-12 23:01:54', b'1'),
(4397, 110, '2075-03-08', 1278, '281.30', '2022-09-12 23:01:54', b'1'),
(4398, 110, '2075-03-23', 1279, '281.30', '2022-09-12 23:01:54', b'1'),
(4399, 110, '2075-04-09', 1280, '281.30', '2022-09-12 23:01:54', b'1'),
(4400, 110, '2075-04-22', 1281, '281.30', '2022-09-12 23:01:54', b'1'),
(4401, 110, '2075-05-07', 1282, '281.30', '2022-09-12 23:01:54', b'1'),
(4402, 110, '2075-05-22', 1283, '281.30', '2022-09-12 23:01:54', b'1'),
(4403, 110, '2075-06-06', 1284, '281.30', '2022-09-12 23:01:55', b'1'),
(4404, 110, '2075-06-21', 1285, '281.30', '2022-09-12 23:01:55', b'1'),
(4405, 110, '2075-07-06', 1286, '281.30', '2022-09-12 23:01:55', b'1'),
(4406, 110, '2075-07-23', 1287, '281.30', '2022-09-12 23:01:55', b'1'),
(4407, 110, '2075-08-05', 1288, '281.30', '2022-09-12 23:01:55', b'1'),
(4408, 110, '2075-08-20', 1289, '281.30', '2022-09-12 23:01:55', b'1'),
(4409, 110, '2075-09-04', 1290, '281.30', '2022-09-12 23:01:55', b'1'),
(4410, 110, '2075-09-19', 1291, '281.30', '2022-09-12 23:01:55', b'1'),
(4411, 110, '2075-10-04', 1292, '281.30', '2022-09-12 23:01:55', b'1'),
(4412, 110, '2075-10-19', 1293, '281.30', '2022-09-12 23:01:55', b'1'),
(4413, 110, '2075-11-05', 1294, '281.30', '2022-09-12 23:01:56', b'1'),
(4414, 110, '2075-11-18', 1295, '281.30', '2022-09-12 23:01:56', b'1'),
(4415, 110, '2075-12-03', 1296, '281.30', '2022-09-12 23:01:56', b'1'),
(4416, 110, '2075-12-18', 1297, '281.30', '2022-09-12 23:01:56', b'1'),
(4417, 110, '2076-01-02', 1298, '281.30', '2022-09-12 23:01:56', b'1'),
(4418, 110, '2076-01-17', 1299, '281.30', '2022-09-12 23:01:56', b'1'),
(4419, 110, '2076-02-01', 1300, '281.30', '2022-09-12 23:01:56', b'1'),
(4420, 110, '2076-02-18', 1301, '281.30', '2022-09-12 23:01:56', b'1'),
(4421, 110, '2076-03-02', 1302, '281.30', '2022-09-12 23:01:56', b'1'),
(4422, 110, '2076-03-17', 1303, '281.30', '2022-09-12 23:01:56', b'1'),
(4423, 110, '2076-04-01', 1304, '281.30', '2022-09-12 23:01:57', b'1'),
(4424, 110, '2076-04-16', 1305, '281.30', '2022-09-12 23:01:57', b'1'),
(4425, 110, '2076-05-01', 1306, '281.30', '2022-09-12 23:01:57', b'1'),
(4426, 110, '2076-05-16', 1307, '281.30', '2022-09-12 23:01:57', b'1'),
(4427, 110, '2076-06-02', 1308, '281.30', '2022-09-12 23:01:57', b'1'),
(4428, 110, '2076-06-15', 1309, '281.30', '2022-09-12 23:01:57', b'1'),
(4429, 110, '2076-06-30', 1310, '281.30', '2022-09-12 23:01:57', b'1'),
(4430, 110, '2076-07-15', 1311, '281.30', '2022-09-12 23:01:57', b'1'),
(4431, 110, '2076-07-30', 1312, '281.30', '2022-09-12 23:01:57', b'1'),
(4432, 110, '2076-08-14', 1313, '281.30', '2022-09-12 23:01:57', b'1'),
(4433, 110, '2076-08-29', 1314, '281.30', '2022-09-12 23:01:57', b'1'),
(4434, 110, '2076-09-15', 1315, '281.30', '2022-09-12 23:01:57', b'1'),
(4435, 110, '2076-09-28', 1316, '281.30', '2022-09-12 23:01:57', b'1'),
(4436, 110, '2076-10-13', 1317, '281.30', '2022-09-12 23:01:57', b'1'),
(4437, 110, '2076-10-28', 1318, '281.30', '2022-09-12 23:01:58', b'1'),
(4438, 110, '2076-11-12', 1319, '281.30', '2022-09-12 23:01:58', b'1'),
(4439, 110, '2076-11-27', 1320, '281.30', '2022-09-12 23:01:58', b'1'),
(4440, 110, '2076-12-12', 1321, '281.30', '2022-09-12 23:01:58', b'1'),
(4441, 110, '2076-12-29', 1322, '281.30', '2022-09-12 23:01:58', b'1'),
(4442, 110, '2077-01-11', 1323, '281.30', '2022-09-12 23:01:58', b'1'),
(4443, 110, '2077-01-26', 1324, '281.30', '2022-09-12 23:01:58', b'1'),
(4444, 110, '2077-02-10', 1325, '281.30', '2022-09-12 23:01:58', b'1'),
(4445, 110, '2077-02-25', 1326, '281.30', '2022-09-12 23:01:58', b'1'),
(4446, 110, '2077-03-12', 1327, '281.30', '2022-09-12 23:01:58', b'1'),
(4447, 110, '2077-03-27', 1328, '281.30', '2022-09-12 23:01:58', b'1'),
(4448, 110, '2077-04-13', 1329, '281.30', '2022-09-12 23:01:59', b'1'),
(4449, 110, '2077-04-26', 1330, '281.30', '2022-09-12 23:01:59', b'1'),
(4450, 110, '2077-05-11', 1331, '281.30', '2022-09-12 23:01:59', b'1'),
(4451, 110, '2077-05-26', 1332, '281.30', '2022-09-12 23:01:59', b'1'),
(4452, 110, '2077-06-10', 1333, '281.30', '2022-09-12 23:01:59', b'1'),
(4453, 110, '2077-06-25', 1334, '281.30', '2022-09-12 23:01:59', b'1'),
(4454, 110, '2077-07-10', 1335, '281.30', '2022-09-12 23:01:59', b'1'),
(4455, 110, '2077-07-27', 1336, '281.30', '2022-09-12 23:01:59', b'1'),
(4456, 110, '2077-08-09', 1337, '281.30', '2022-09-12 23:01:59', b'1'),
(4457, 110, '2077-08-24', 1338, '281.30', '2022-09-12 23:01:59', b'1'),
(4458, 110, '2077-09-08', 1339, '281.30', '2022-09-12 23:01:59', b'1'),
(4459, 110, '2077-09-23', 1340, '281.30', '2022-09-12 23:02:00', b'1'),
(4460, 110, '2077-10-08', 1341, '281.30', '2022-09-12 23:02:00', b'1'),
(4461, 110, '2077-10-23', 1342, '281.30', '2022-09-12 23:02:00', b'1'),
(4462, 110, '2077-11-09', 1343, '281.30', '2022-09-12 23:02:00', b'1'),
(4463, 110, '2077-11-22', 1344, '281.30', '2022-09-12 23:02:00', b'1'),
(4464, 110, '2077-12-07', 1345, '281.30', '2022-09-12 23:02:00', b'1'),
(4465, 110, '2077-12-22', 1346, '281.30', '2022-09-12 23:02:00', b'1'),
(4466, 110, '2078-01-06', 1347, '281.30', '2022-09-12 23:02:00', b'1'),
(4467, 110, '2078-01-21', 1348, '281.30', '2022-09-12 23:02:00', b'1'),
(4468, 110, '2078-02-05', 1349, '281.30', '2022-09-12 23:02:00', b'1'),
(4469, 110, '2078-02-22', 1350, '281.30', '2022-09-12 23:02:00', b'1'),
(4470, 110, '2078-03-07', 1351, '281.30', '2022-09-12 23:02:01', b'1'),
(4471, 110, '2078-03-22', 1352, '281.30', '2022-09-12 23:02:01', b'1'),
(4472, 110, '2078-04-06', 1353, '281.30', '2022-09-12 23:02:01', b'1'),
(4473, 110, '2078-04-21', 1354, '281.30', '2022-09-12 23:02:01', b'1'),
(4474, 110, '2078-05-06', 1355, '281.30', '2022-09-12 23:02:01', b'1'),
(4475, 110, '2078-05-21', 1356, '281.30', '2022-09-12 23:02:01', b'1'),
(4476, 110, '2078-06-07', 1357, '281.30', '2022-09-12 23:02:01', b'1'),
(4477, 110, '2078-06-20', 1358, '281.30', '2022-09-12 23:02:01', b'1'),
(4478, 110, '2078-07-05', 1359, '281.30', '2022-09-12 23:02:01', b'1'),
(4479, 110, '2078-07-20', 1360, '281.30', '2022-09-12 23:02:01', b'1'),
(4480, 110, '2078-08-04', 1361, '281.30', '2022-09-12 23:02:01', b'1'),
(4481, 110, '2078-08-19', 1362, '281.30', '2022-09-12 23:02:02', b'1'),
(4482, 110, '2078-09-03', 1363, '281.30', '2022-09-12 23:02:02', b'1'),
(4483, 110, '2078-09-20', 1364, '281.30', '2022-09-12 23:02:02', b'1'),
(4484, 110, '2078-10-03', 1365, '281.30', '2022-09-12 23:02:02', b'1'),
(4485, 110, '2078-10-18', 1366, '281.30', '2022-09-12 23:02:02', b'1'),
(4486, 110, '2078-11-02', 1367, '281.30', '2022-09-12 23:02:02', b'1'),
(4487, 110, '2078-11-17', 1368, '281.30', '2022-09-12 23:02:02', b'1'),
(4488, 110, '2078-12-02', 1369, '281.30', '2022-09-12 23:02:02', b'1'),
(4489, 110, '2078-12-17', 1370, '281.30', '2022-09-12 23:02:02', b'1'),
(4490, 110, '2079-01-03', 1371, '281.30', '2022-09-12 23:02:02', b'1'),
(4491, 110, '2079-01-16', 1372, '281.30', '2022-09-12 23:02:02', b'1'),
(4492, 110, '2079-01-31', 1373, '281.30', '2022-09-12 23:02:02', b'1'),
(4493, 110, '2079-02-15', 1374, '281.30', '2022-09-12 23:02:03', b'1'),
(4494, 110, '2079-03-02', 1375, '281.30', '2022-09-12 23:02:03', b'1'),
(4495, 110, '2079-03-17', 1376, '281.30', '2022-09-12 23:02:03', b'1'),
(4496, 110, '2079-04-01', 1377, '281.30', '2022-09-12 23:02:03', b'1'),
(4497, 110, '2079-04-18', 1378, '281.30', '2022-09-12 23:02:03', b'1'),
(4498, 110, '2079-05-01', 1379, '281.30', '2022-09-12 23:02:03', b'1'),
(4499, 110, '2079-05-16', 1380, '281.30', '2022-09-12 23:02:03', b'1'),
(4500, 110, '2079-05-31', 1381, '281.30', '2022-09-12 23:02:03', b'1'),
(4501, 110, '2079-06-15', 1382, '281.30', '2022-09-12 23:02:04', b'1'),
(4502, 110, '2079-06-30', 1383, '281.30', '2022-09-12 23:02:04', b'1'),
(4503, 110, '2079-07-15', 1384, '281.30', '2022-09-12 23:02:04', b'1'),
(4504, 110, '2079-08-01', 1385, '281.30', '2022-09-12 23:02:04', b'1'),
(4505, 110, '2079-08-14', 1386, '281.30', '2022-09-12 23:02:04', b'1'),
(4506, 110, '2079-08-29', 1387, '281.30', '2022-09-12 23:02:04', b'1'),
(4507, 110, '2079-09-13', 1388, '281.30', '2022-09-12 23:02:04', b'1'),
(4508, 110, '2079-09-28', 1389, '281.30', '2022-09-12 23:02:05', b'1'),
(4509, 110, '2079-10-13', 1390, '281.30', '2022-09-12 23:02:05', b'1'),
(4510, 110, '2079-10-28', 1391, '281.30', '2022-09-12 23:02:05', b'1'),
(4511, 110, '2079-11-14', 1392, '281.30', '2022-09-12 23:02:05', b'1'),
(4512, 110, '2079-11-27', 1393, '281.30', '2022-09-12 23:02:05', b'1'),
(4513, 110, '2079-12-12', 1394, '281.30', '2022-09-12 23:02:05', b'1'),
(4514, 110, '2079-12-27', 1395, '281.30', '2022-09-12 23:02:05', b'1'),
(4515, 110, '2080-01-11', 1396, '281.30', '2022-09-12 23:02:05', b'1'),
(4516, 110, '2080-01-26', 1397, '281.30', '2022-09-12 23:02:05', b'1'),
(4517, 110, '2080-02-10', 1398, '281.30', '2022-09-12 23:02:05', b'1'),
(4518, 110, '2080-02-27', 1399, '281.30', '2022-09-12 23:02:05', b'1'),
(4519, 110, '2080-03-11', 1400, '281.30', '2022-09-12 23:02:05', b'1'),
(4520, 110, '2080-03-26', 1401, '281.30', '2022-09-12 23:02:05', b'1'),
(4521, 110, '2080-04-10', 1402, '281.30', '2022-09-12 23:02:05', b'1'),
(4522, 110, '2080-04-25', 1403, '281.30', '2022-09-12 23:02:05', b'1'),
(4523, 110, '2080-05-10', 1404, '281.30', '2022-09-12 23:02:06', b'1'),
(4524, 110, '2080-05-25', 1405, '281.30', '2022-09-12 23:02:06', b'1'),
(4525, 110, '2080-06-11', 1406, '281.30', '2022-09-12 23:02:06', b'1'),
(4526, 110, '2080-06-24', 1407, '281.30', '2022-09-12 23:02:06', b'1'),
(4527, 110, '2080-07-09', 1408, '281.30', '2022-09-12 23:02:06', b'1'),
(4528, 110, '2080-07-24', 1409, '281.30', '2022-09-12 23:02:06', b'1'),
(4529, 110, '2080-08-08', 1410, '281.30', '2022-09-12 23:02:06', b'1'),
(4530, 110, '2080-08-23', 1411, '281.30', '2022-09-12 23:02:06', b'1'),
(4531, 110, '2080-09-07', 1412, '281.30', '2022-09-12 23:02:06', b'1'),
(4532, 110, '2080-09-24', 1413, '281.30', '2022-09-12 23:02:06', b'1'),
(4533, 110, '2080-10-07', 1414, '281.30', '2022-09-12 23:02:06', b'1'),
(4534, 110, '2080-10-22', 1415, '281.30', '2022-09-12 23:02:06', b'1'),
(4535, 110, '2080-11-06', 1416, '281.30', '2022-09-12 23:02:07', b'1'),
(4536, 110, '2080-11-21', 1417, '281.30', '2022-09-12 23:02:07', b'1'),
(4537, 110, '2080-12-06', 1418, '281.30', '2022-09-12 23:02:07', b'1'),
(4538, 110, '2080-12-21', 1419, '281.30', '2022-09-12 23:02:07', b'1'),
(4539, 110, '2081-01-07', 1420, '281.30', '2022-09-12 23:02:07', b'1'),
(4540, 110, '2081-01-20', 1421, '281.30', '2022-09-12 23:02:07', b'1'),
(4541, 110, '2081-02-04', 1422, '281.30', '2022-09-12 23:02:07', b'1'),
(4542, 110, '2081-02-19', 1423, '281.30', '2022-09-12 23:02:07', b'1'),
(4543, 110, '2081-03-06', 1424, '281.30', '2022-09-12 23:02:07', b'1'),
(4544, 110, '2081-03-21', 1425, '281.30', '2022-09-12 23:02:07', b'1'),
(4545, 110, '2081-04-05', 1426, '281.30', '2022-09-12 23:02:07', b'1'),
(4546, 110, '2081-04-22', 1427, '281.30', '2022-09-12 23:02:07', b'1'),
(4547, 110, '2081-05-05', 1428, '281.30', '2022-09-12 23:02:08', b'1'),
(4548, 110, '2081-05-20', 1429, '281.30', '2022-09-12 23:02:08', b'1'),
(4549, 110, '2081-06-04', 1430, '281.30', '2022-09-12 23:02:08', b'1'),
(4550, 110, '2081-06-19', 1431, '281.30', '2022-09-12 23:02:08', b'1'),
(4551, 111, '2022-09-27', 1, '1140.00', '2022-09-13 02:17:07', b'0'),
(4552, 111, '2022-10-12', 2, '1140.00', '2022-09-12 23:32:59', b'1'),
(4553, 112, '2022-09-28', 1, '292.50', '2022-09-13 13:47:15', b'1'),
(4554, 112, '2022-10-13', 2, '292.50', '2022-09-13 13:47:15', b'1'),
(4555, 112, '2022-10-28', 3, '292.50', '2022-09-13 13:47:15', b'1'),
(4556, 112, '2022-11-12', 4, '292.50', '2022-09-13 13:47:15', b'1'),
(4557, 112, '2022-11-29', 5, '292.50', '2022-09-13 13:47:15', b'1'),
(4558, 112, '2022-12-12', 6, '292.50', '2022-09-13 13:47:15', b'1'),
(4559, 112, '2022-12-27', 7, '292.50', '2022-09-13 13:47:15', b'1'),
(4560, 112, '2023-01-11', 8, '292.50', '2022-09-13 13:47:15', b'1');

-- --------------------------------------------------------

--
-- Estructura de tabla para la tabla `micropayments`
--

CREATE TABLE `micropayments` (
  `id` bigint(20) NOT NULL,
  `loan_item_id` int(11) DEFAULT NULL,
  `mount` decimal(25,2) DEFAULT NULL,
  `pay_date` timestamp NULL DEFAULT NULL
) ENGINE=InnoDB DEFAULT CHARSET=utf8 COLLATE=utf8_spanish2_ci;

-- --------------------------------------------------------

--
-- Estructura de tabla para la tabla `permissions`
--

CREATE TABLE `permissions` (
  `id` int(11) NOT NULL,
  `name` varchar(50) NOT NULL DEFAULT ''
) ENGINE=InnoDB DEFAULT CHARSET=utf8;

--
-- Volcado de datos para la tabla `permissions`
--

INSERT INTO `permissions` (`id`, `name`) VALUES
(1, 'AUTHOR_CRUD'),
(2, 'PERMISSION_CREATE'),
(3, 'PERMISSION_READ'),
(4, 'PERMISSION_UPDATE'),
(5, 'PERMISSION_DELETE'),
(6, 'ROLE_PERMISION_CREATE'),
(7, 'ROLE_PERMISION_READ'),
(8, 'ROLE_PERMISION_UPDATE'),
(9, 'ROLE_PERMISION_DELETE'),
(10, 'ROLE_CREATE'),
(11, 'ROLE_READ'),
(12, 'ROLE_UPDATE'),
(13, 'ROLE_DELETE'),
(14, 'USER_ROLE_CREATE'),
(15, 'USER_ROLE_READ'),
(16, 'USER_ROLE_UPDATE'),
(17, 'USER_ROLE_DELETE'),
(18, 'USER_CREATE'),
(19, 'USER_READ'),
(20, 'USER_UPDATE'),
(21, 'USER_DELETE'),
(22, 'CUSTOMER_CREATE'),
(23, 'CUSTOMER_READ'),
(24, 'CUSTOMER_UPDATE'),
(25, 'CUSTOMER_DELETE'),
(26, 'LOAN_CREATE'),
(27, 'LOAN_READ'),
(28, 'LOAN_UPDATE'),
(29, 'LOAN_DELETE'),
(30, 'LOAN_ITEM_CREATE'),
(31, 'LOAN_ITEM_READ'),
(32, 'LOAN_ITEM_UPDATE'),
(33, 'LOAN_ITEM_DELETE'),
(34, 'GUARANTOR_CREATE'),
(35, 'GUARANTOR_READ'),
(36, 'GUARANTOR_UPDATE'),
(37, 'GUARANTOR_DELETE'),
(38, 'MICROPAIMENT_CREATE'),
(39, 'MICROPAIMENT_READ'),
(40, 'MICROPAIMENT_UPDATE'),
(41, 'MICROPAIMENT_DELETE'),
(42, 'COIN_CREATE'),
(43, 'COIN_READ'),
(44, 'COIN_UPDATE'),
(45, 'COIN_DELETE');

-- --------------------------------------------------------

--
-- Estructura de tabla para la tabla `roles`
--

CREATE TABLE `roles` (
  `id` int(11) NOT NULL,
  `name` varchar(15) DEFAULT NULL
) ENGINE=InnoDB DEFAULT CHARSET=utf8;

--
-- Volcado de datos para la tabla `roles`
--

INSERT INTO `roles` (`id`, `name`) VALUES
(1, 'ADMIN');

-- --------------------------------------------------------

--
-- Estructura de tabla para la tabla `roles_permissions`
--

CREATE TABLE `roles_permissions` (
  `id` int(11) NOT NULL,
  `role_id` int(11) DEFAULT NULL,
  `permission_id` int(11) DEFAULT NULL
) ENGINE=InnoDB DEFAULT CHARSET=utf8;

--
-- Volcado de datos para la tabla `roles_permissions`
--

INSERT INTO `roles_permissions` (`id`, `role_id`, `permission_id`) VALUES
(1, 1, 1),
(2, 1, 2),
(3, 1, 3),
(4, 1, 4),
(5, 1, 5),
(6, 1, 6),
(7, 1, 7),
(8, 1, 8),
(9, 1, 9),
(10, 1, 10),
(11, 1, 11),
(12, 1, 12),
(13, 1, 13),
(14, 1, 14),
(15, 1, 15),
(16, 1, 16),
(17, 1, 17),
(18, 1, 18),
(19, 1, 19),
(20, 1, 20),
(21, 1, 21),
(22, 1, 22),
(23, 1, 23),
(24, 1, 24),
(25, 1, 25),
(26, 1, 26),
(27, 1, 27),
(28, 1, 28),
(29, 1, 29),
(30, 1, 30),
(31, 1, 31),
(32, 1, 32),
(33, 1, 33),
(34, 1, 34),
(35, 1, 35),
(36, 1, 36),
(37, 1, 37),
(38, 1, 38),
(39, 1, 39),
(40, 1, 40),
(41, 1, 41),
(42, 1, 42),
(43, 1, 43),
(44, 1, 44),
(45, 1, 45);

-- --------------------------------------------------------

--
-- Estructura de tabla para la tabla `users`
--

CREATE TABLE `users` (
  `id` int(11) NOT NULL,
  `academic_degree` varchar(7) COLLATE utf8_spanish2_ci NOT NULL,
  `first_name` varchar(150) COLLATE utf8_spanish2_ci NOT NULL,
  `last_name` varchar(200) COLLATE utf8_spanish2_ci NOT NULL,
  `email` varchar(150) COLLATE utf8_spanish2_ci NOT NULL,
  `password` varchar(250) COLLATE utf8_spanish2_ci NOT NULL,
  `avatar` varchar(2000) COLLATE utf8_spanish2_ci NOT NULL
) ENGINE=InnoDB DEFAULT CHARSET=utf8 COLLATE=utf8_spanish2_ci;

--
-- Volcado de datos para la tabla `users`
--

INSERT INTO `users` (`id`, `academic_degree`, `first_name`, `last_name`, `email`, `password`, `avatar`) VALUES
(1, 'DR.', 'ORLANDO', 'BEJARANO FERNANDEZ', 'gerenciacredichuracasa@gmail.com', 'ad57cb3de9c53c1fc7de94665f6f1db2dfbcaaf73063769fed0b3011466eba602c2f423c4725c6dfacdc2973a518a18e0784e848ca3aabd7cadfd140df1df447', 'employee_man.png'),
(2, 'DR.', 'JERZON PABLO', 'SIHUAIROS', 'legalcredichuracasa@gmail.com', 'ad57cb3de9c53c1fc7de94665f6f1db2dfbcaaf73063769fed0b3011466eba602c2f423c4725c6dfacdc2973a518a18e0784e848ca3aabd7cadfd140df1df447', 'employee_man.png'),
(3, 'LIC.', 'GISELA', 'CARVAJAL NINAJA', 'credichuracasaadm@gmail.com', 'ad57cb3de9c53c1fc7de94665f6f1db2dfbcaaf73063769fed0b3011466eba602c2f423c4725c6dfacdc2973a518a18e0784e848ca3aabd7cadfd140df1df447', 'employee_woman.png'),
(4, 'ING.', 'RUSSETT', 'RODRIGUEZ VELIZ', 'cobrostarijacredichura@gmail.com', 'ad57cb3de9c53c1fc7de94665f6f1db2dfbcaaf73063769fed0b3011466eba602c2f423c4725c6dfacdc2973a518a18e0784e848ca3aabd7cadfd140df1df447', 'employee_woman.png'),
(5, 'LIC.', 'CRISTIAN OLIVER', 'RAMOS VELIZ', 'auxiliartjacredichuracasa@gmail.com', 'ad57cb3de9c53c1fc7de94665f6f1db2dfbcaaf73063769fed0b3011466eba602c2f423c4725c6dfacdc2973a518a18e0784e848ca3aabd7cadfd140df1df447', 'employee_man.png'),
(6, 'DRA.', 'FABIOLA', 'ARDAYA ALCAZAR', 'agenciayacuibacredichuracasa@gmail.com', 'ad57cb3de9c53c1fc7de94665f6f1db2dfbcaaf73063769fed0b3011466eba602c2f423c4725c6dfacdc2973a518a18e0784e848ca3aabd7cadfd140df1df447', 'employee_woman.png'),
(7, 'DRA.', 'ALEJANDRA', 'ZENTENO VELASCO', 'cobranzascredichuracasa@gmail.com', 'ad57cb3de9c53c1fc7de94665f6f1db2dfbcaaf73063769fed0b3011466eba602c2f423c4725c6dfacdc2973a518a18e0784e848ca3aabd7cadfd140df1df447', 'employee_woman.png');

-- --------------------------------------------------------

--
-- Estructura de tabla para la tabla `users_roles`
--

CREATE TABLE `users_roles` (
  `id` int(11) NOT NULL,
  `user_id` int(11) DEFAULT NULL,
  `role_id` int(11) DEFAULT NULL
) ENGINE=InnoDB DEFAULT CHARSET=utf8;

--
-- Volcado de datos para la tabla `users_roles`
--

INSERT INTO `users_roles` (`id`, `user_id`, `role_id`) VALUES
(1, 1, 1);

--
-- Índices para tablas volcadas
--

--
-- Indices de la tabla `coins`
--
ALTER TABLE `coins`
  ADD PRIMARY KEY (`id`);

--
-- Indices de la tabla `customers`
--
ALTER TABLE `customers`
  ADD PRIMARY KEY (`id`),
  ADD UNIQUE KEY `dni` (`dni`),
  ADD KEY `FK_customers_users` (`user_id`);

--
-- Indices de la tabla `guarantors`
--
ALTER TABLE `guarantors`
  ADD PRIMARY KEY (`id`) USING BTREE,
  ADD KEY `FK_guarantors_customers` (`customer_id`),
  ADD KEY `FK_guarantors_loans` (`loan_id`);

--
-- Indices de la tabla `loans`
--
ALTER TABLE `loans`
  ADD PRIMARY KEY (`id`),
  ADD KEY `customer_id` (`customer_id`),
  ADD KEY `coin_id` (`coin_id`);

--
-- Indices de la tabla `loan_items`
--
ALTER TABLE `loan_items`
  ADD PRIMARY KEY (`id`),
  ADD KEY `loan_id` (`loan_id`);

--
-- Indices de la tabla `micropayments`
--
ALTER TABLE `micropayments`
  ADD KEY `id` (`id`),
  ADD KEY `FK__loan_items` (`loan_item_id`);

--
-- Indices de la tabla `permissions`
--
ALTER TABLE `permissions`
  ADD PRIMARY KEY (`id`) USING BTREE;

--
-- Indices de la tabla `roles`
--
ALTER TABLE `roles`
  ADD PRIMARY KEY (`id`) USING BTREE;

--
-- Indices de la tabla `roles_permissions`
--
ALTER TABLE `roles_permissions`
  ADD PRIMARY KEY (`id`) USING BTREE,
  ADD KEY `FK__roles` (`role_id`) USING BTREE,
  ADD KEY `FK__permissions` (`permission_id`) USING BTREE;

--
-- Indices de la tabla `users`
--
ALTER TABLE `users`
  ADD PRIMARY KEY (`id`);

--
-- Indices de la tabla `users_roles`
--
ALTER TABLE `users_roles`
  ADD PRIMARY KEY (`id`) USING BTREE,
  ADD KEY `FK__users` (`user_id`) USING BTREE,
  ADD KEY `FK__roles` (`role_id`) USING BTREE;

--
-- AUTO_INCREMENT de las tablas volcadas
--

--
-- AUTO_INCREMENT de la tabla `coins`
--
ALTER TABLE `coins`
  MODIFY `id` int(11) NOT NULL AUTO_INCREMENT, AUTO_INCREMENT=3;

--
-- AUTO_INCREMENT de la tabla `customers`
--
ALTER TABLE `customers`
  MODIFY `id` int(11) NOT NULL AUTO_INCREMENT, AUTO_INCREMENT=181;

--
-- AUTO_INCREMENT de la tabla `guarantors`
--
ALTER TABLE `guarantors`
  MODIFY `id` bigint(20) NOT NULL AUTO_INCREMENT, AUTO_INCREMENT=70;

--
-- AUTO_INCREMENT de la tabla `loans`
--
ALTER TABLE `loans`
  MODIFY `id` int(11) NOT NULL AUTO_INCREMENT, AUTO_INCREMENT=113;

--
-- AUTO_INCREMENT de la tabla `loan_items`
--
ALTER TABLE `loan_items`
  MODIFY `id` int(11) NOT NULL AUTO_INCREMENT, AUTO_INCREMENT=4561;

--
-- AUTO_INCREMENT de la tabla `micropayments`
--
ALTER TABLE `micropayments`
  MODIFY `id` bigint(20) NOT NULL AUTO_INCREMENT;

--
-- AUTO_INCREMENT de la tabla `permissions`
--
ALTER TABLE `permissions`
  MODIFY `id` int(11) NOT NULL AUTO_INCREMENT, AUTO_INCREMENT=46;

--
-- AUTO_INCREMENT de la tabla `roles`
--
ALTER TABLE `roles`
  MODIFY `id` int(11) NOT NULL AUTO_INCREMENT, AUTO_INCREMENT=2;

--
-- AUTO_INCREMENT de la tabla `roles_permissions`
--
ALTER TABLE `roles_permissions`
  MODIFY `id` int(11) NOT NULL AUTO_INCREMENT, AUTO_INCREMENT=46;

--
-- AUTO_INCREMENT de la tabla `users`
--
ALTER TABLE `users`
  MODIFY `id` int(11) NOT NULL AUTO_INCREMENT, AUTO_INCREMENT=8;

--
-- AUTO_INCREMENT de la tabla `users_roles`
--
ALTER TABLE `users_roles`
  MODIFY `id` int(11) NOT NULL AUTO_INCREMENT, AUTO_INCREMENT=2;

--
-- Restricciones para tablas volcadas
--

--
-- Filtros para la tabla `customers`
--
ALTER TABLE `customers`
  ADD CONSTRAINT `FK_customers_users` FOREIGN KEY (`user_id`) REFERENCES `users` (`id`) ON DELETE CASCADE ON UPDATE CASCADE;

--
-- Filtros para la tabla `guarantors`
--
ALTER TABLE `guarantors`
  ADD CONSTRAINT `FK_guarantors_customers` FOREIGN KEY (`customer_id`) REFERENCES `customers` (`id`) ON DELETE CASCADE ON UPDATE CASCADE,
  ADD CONSTRAINT `FK_guarantors_loans` FOREIGN KEY (`loan_id`) REFERENCES `loans` (`id`) ON DELETE CASCADE ON UPDATE CASCADE;

--
-- Filtros para la tabla `loans`
--
ALTER TABLE `loans`
  ADD CONSTRAINT `loans_ibfk_1` FOREIGN KEY (`customer_id`) REFERENCES `customers` (`id`) ON DELETE CASCADE ON UPDATE CASCADE,
  ADD CONSTRAINT `loans_ibfk_2` FOREIGN KEY (`coin_id`) REFERENCES `coins` (`id`) ON DELETE CASCADE ON UPDATE CASCADE;

--
-- Filtros para la tabla `loan_items`
--
ALTER TABLE `loan_items`
  ADD CONSTRAINT `loan_items_ibfk_1` FOREIGN KEY (`loan_id`) REFERENCES `loans` (`id`) ON DELETE CASCADE ON UPDATE CASCADE;

--
-- Filtros para la tabla `micropayments`
--
ALTER TABLE `micropayments`
  ADD CONSTRAINT `FK__loan_items` FOREIGN KEY (`loan_item_id`) REFERENCES `loan_items` (`id`) ON DELETE CASCADE ON UPDATE CASCADE;

--
-- Filtros para la tabla `roles_permissions`
--
ALTER TABLE `roles_permissions`
  ADD CONSTRAINT `FK__permissions` FOREIGN KEY (`permission_id`) REFERENCES `permissions` (`id`) ON DELETE CASCADE ON UPDATE CASCADE,
  ADD CONSTRAINT `FK__roles` FOREIGN KEY (`role_id`) REFERENCES `roles` (`id`) ON DELETE CASCADE ON UPDATE CASCADE;

--
-- Filtros para la tabla `users_roles`
--
ALTER TABLE `users_roles`
  ADD CONSTRAINT `FK___roles` FOREIGN KEY (`role_id`) REFERENCES `roles` (`id`) ON DELETE CASCADE ON UPDATE CASCADE,
  ADD CONSTRAINT `FK___users` FOREIGN KEY (`user_id`) REFERENCES `users` (`id`) ON DELETE CASCADE ON UPDATE CASCADE;
COMMIT;

/*!40101 SET CHARACTER_SET_CLIENT=@OLD_CHARACTER_SET_CLIENT */;
/*!40101 SET CHARACTER_SET_RESULTS=@OLD_CHARACTER_SET_RESULTS */;
/*!40101 SET COLLATION_CONNECTION=@OLD_COLLATION_CONNECTION */;
