-- phpMyAdmin SQL Dump
-- version 5.0.2
-- https://www.phpmyadmin.net/
--
-- Servidor: 127.0.0.1
-- Tiempo de generación: 18-10-2022 a las 18:17:33
-- Versión del servidor: 10.4.11-MariaDB
-- Versión de PHP: 7.4.5

SET SQL_MODE = "NO_AUTO_VALUE_ON_ZERO";
START TRANSACTION;
SET time_zone = "+00:00";


/*!40101 SET @OLD_CHARACTER_SET_CLIENT=@@CHARACTER_SET_CLIENT */;
/*!40101 SET @OLD_CHARACTER_SET_RESULTS=@@CHARACTER_SET_RESULTS */;
/*!40101 SET @OLD_COLLATION_CONNECTION=@@COLLATION_CONNECTION */;
/*!40101 SET NAMES utf8mb4 */;

--
-- Base de datos: `admincre_db_ci_cobranza2`
--

-- --------------------------------------------------------

--
-- Estructura de tabla para la tabla `coins`
--

CREATE TABLE `coins` (
  `id` int(11) NOT NULL,
  `name` varchar(20) COLLATE utf8_spanish2_ci NOT NULL,
  `short_name` varchar(10) COLLATE utf8_spanish2_ci NOT NULL,
  `symbol` varchar(11) COLLATE utf8_spanish2_ci NOT NULL,
  `description` varchar(70) COLLATE utf8_spanish2_ci DEFAULT NULL
) ENGINE=InnoDB DEFAULT CHARSET=utf8 COLLATE=utf8_spanish2_ci;

--
-- Volcado de datos para la tabla `coins`
--

INSERT INTO `coins` (`id`, `name`, `short_name`, `symbol`, `description`) VALUES
(1, 'Bolivianos', 'Bs', 'BO', 'Moneda nacional');

-- --------------------------------------------------------

--
-- Estructura de tabla para la tabla `customers`
--

CREATE TABLE `customers` (
  `id` int(11) NOT NULL,
  `dni` varchar(20) COLLATE utf8_spanish2_ci NOT NULL COMMENT 'ci',
  `first_name` varchar(150) COLLATE utf8_spanish2_ci NOT NULL,
  `last_name` varchar(150) COLLATE utf8_spanish2_ci NOT NULL,
  `gender` enum('masculino','femenino','','') COLLATE utf8_spanish2_ci DEFAULT NULL,
  `address` varchar(160) COLLATE utf8_spanish2_ci DEFAULT NULL,
  `mobile` varchar(32) COLLATE utf8_spanish2_ci DEFAULT NULL,
  `phone` varchar(20) COLLATE utf8_spanish2_ci DEFAULT NULL,
  `business_name` varchar(100) COLLATE utf8_spanish2_ci DEFAULT NULL,
  `ruc` varchar(20) COLLATE utf8_spanish2_ci DEFAULT NULL COMMENT 'nit',
  `company` varchar(150) COLLATE utf8_spanish2_ci DEFAULT NULL,
  `loan_status` int(11) NOT NULL DEFAULT 0,
  `user_id` int(11) DEFAULT NULL COMMENT 'adviser_id'
) ENGINE=InnoDB DEFAULT CHARSET=utf8 COLLATE=utf8_spanish2_ci;

--
-- Volcado de datos para la tabla `customers`
--

INSERT INTO `customers` (`id`, `dni`, `first_name`, `last_name`, `gender`, `address`, `mobile`, `phone`, `business_name`, `ruc`, `company`, `loan_status`, `user_id`) VALUES
(1, '5817517', 'MARIA FATIMA', 'DIAZ YURQUINA', 'femenino', 'BARRIO MENDEZ ARCOS', '74408809', '76185843', '', '', '', 1, 3),
(3, '10709331', 'MARIA JULIA', 'JURADO RODRIGUEZ', 'femenino', 'BARRIO 27 DE MAYO ', '68688249', '', '', '', '', 0, 3),
(4, '5044555', 'EDULIO', 'CARI APARICIO', 'masculino', 'b/luis de fuentes', '77873321', '', 'propio', '5044555', 'taxi', 0, 4),
(5, '5039377', 'BARBARITA CRISTINA', 'ZENTENO MARISCAL', 'femenino', 'B/ SAN MARCOS C/ COLON N-173O', '72962288', '', '', '', '', 1, 2),
(6, '1052847', 'MARIA LOURDES', 'VACA RAMOS DE VELASCO', 'femenino', 'AV. SAMA', '72980734', '', '', '', '', 1, 3),
(7, '5506680', 'CARLA CAROLA', 'RODRIGUEZ SOTOMAYOR', '', 'B/ ALTO SENAC ', '71820406', '', '', '', '', 1, 2),
(9, '5815577', 'HILDA GABRIELA', 'ORTEGA MARTINEZ', 'femenino', 'B/6 DE AGOSTO', '75129912', '', '', '', 'GARANTE', 1, 5),
(11, '10718791', 'CAROL XIMENA', 'APARICIO GUTIERREZ', 'femenino', 'B/ AEROPUERTO C/ FUERZA AEREA', '68717712', '', '', '', '', 1, 2),
(12, '7109398', 'CRISTHIAN HAROLD', 'ROCHA MENDEZ', 'masculino', 'B/ MORROS BLANCOS ', '74533209', '', '', '', '', 1, 2),
(13, '7217197', 'MARIA MAYDA', 'TITIZANO JEREZ', 'femenino', 'AV. LOS CEIBOS BA/ SENAC ', '73483618', '0', '', '', '', 1, 1),
(15, '5796238', 'MARLENE', 'ROMAN BOLIVAR', 'femenino', 'BA/26 DE AGOSTO ', '', '', '', '', '', 0, 1),
(16, '7190526', 'MARCO ANTONIO', 'COLODRO', 'masculino', 'BA/NACIONAL CARAPARI ', '', '', '', '', '', 0, 1),
(17, '10625967', 'HUGO ALBARO', 'CONDORI COLQUE', 'masculino', 'B/ ALTO SENAC C/ EL CHAÑAR', '76183152', '', '', '', 'GARANTE', 0, 5),
(18, '7197800', 'CESAR ALEX', 'QUISPE LLANQUE', 'masculino', 'B/ 12 DE OCTUBRE C/ ANDALUCIA ', '65811181', '', '', '', '', 1, 2),
(19, '7211060', 'CELESTE NARELLA', 'ROCHA ALARCON', 'femenino', 'BA/ PARADA EL NORTE ', '7211060', '', '', '', 'GARANTE', 1, 5),
(20, '1886834', 'MARIO', 'SOSSA VASQUEZ', 'masculino', 'BARRIO TABLADITA C/LOS TAJIBOS', '60274489', '60274489', '', '', '', 1, 3),
(21, '7179193', 'EDUARDO LUIZ', 'ANTEZANA RAMOS', 'femenino', 'BA/ PARADA EL NORTE ', '78703409', '', '', '', '', 0, 5),
(23, '1847138', 'MARIA ZULMA', 'UGARTE VASQUEZ', 'femenino', 'BA/ SENAC ', '70229813', '6655535', '', '', '', 0, 1),
(24, '1884314', 'MIRKA', 'LARA VILCA', 'femenino', 'BARRIO LA PAMPA AV. POTOSI ', '79260489', '', '', '', '', 1, 3),
(25, '1663104', 'LUCIO', 'TOLAY', 'masculino', 'SAN GERONIMO ALTO DE LA ALIANZA ', '', '', '', '', 'GARANTE', 0, 5),
(26, '5811198', 'IVANNA SHAFID', 'VARGAS UGARTE', 'femenino', 'AV. DOMINGO PAZ ', '75138159', '', '', '', '', 0, 1),
(27, '1892800-1F', 'PABLO FLAVIO', 'ESPINDOLA SANCHEZ', 'masculino', 'BARRIO TABLADITA PJE. EL CHURQUI', '78221907', '', '', '', '', 1, 3),
(28, '1860839', 'PAOLA PATRICIA', 'CAMPERO', 'femenino', 'BARRIO MOLINO C. VIRGINIO LEMA', '', '', '', '', '', 1, 3),
(31, '7206055', 'ROBERT PABLO', 'SANCHEZ TAPIA', 'masculino', 'C. MIRAFLORES Y MEJILLONES ', '74507778', '', '', '', '', 1, 3),
(32, '5809785', 'RENE', 'COLQUECHAMBI FLORES', 'masculino', 'B. MORROS BLANCOS C. FRAY QUEBRACHO', '79255860', '', '', '', '', 1, 3),
(34, '5055299', 'RICHARD', 'ROMERO CASTILLO', 'masculino', 'B.57 VIVIENDAS PJE N-3', '6788226', '', '', '', '', 0, 3),
(35, '4120354', 'SABINO', 'CHOQUE', 'masculino', 'B.27 DE MAYO AV. SALINAS', '63789847', '', '', '', '', 1, 3),
(37, '5049517', 'SERGIO DANIEL', 'GUERRERO ARENAS', '', 'B. SAN JOSE  C. SUIPACHA ESQ. SALTA', '78239141', '', '', '', '', 1, 3),
(38, '2785290', 'EDUARDO', 'LLAMPA VIDAURRE', 'masculino', 'BA/ 12 DE OCTUBRE', '65810211', '', '', '', '', 1, 5),
(39, '1884457', 'ALBERTO', 'LLAMPA VIDAURRE', 'masculino', 'B/LOURDES ', '', '', '', '', 'GARANTE', 0, 5),
(40, '7217361', 'SILVIA LEONOR', 'AYARDE VARGAS', 'femenino', 'B. SANTA ROSA AV. GRAN CHACO', '67380388', '', '', '', '', 0, 3),
(41, '7142667', 'CRISTIAN OLIVER', 'RAMOS VELIZ', 'masculino', 'B/ AVAROA C/ CALAMA ', '76802609', '', '', '', '', 1, 2),
(42, '7106747', 'CYNTIA YOVANA', 'VELASCO VACA', 'femenino', 'B/ EL MANANTIAL AV/ SAN ANTONIO', '65833585', '', '', '', '', 1, 2),
(44, '4157689', 'DALMA DAYANA', 'ORTEGA GARNICA', 'femenino', 'B/ 4 DE JULIO C/ ECUADOR ', '4157689', '', '', '', '', 1, 2),
(45, '7109217', 'WALTER LUCAS', 'PIMENTEL LAURA', 'masculino', 'B. MENDEZ ARCOS AV. LOS MOLLES', '78701876', '', '', '', '', 1, 3),
(47, '7203812', 'DAYSI', 'CUELLAR SAGREDO', 'masculino', 'B/ AEROPUERTO', '67384763', '', '', '', '', 1, 2),
(48, '7212958', 'EMELDA', 'ARMELLA SOLIZ', 'femenino', 'B/ LUIS PIZARRO C/ PASTOR BORDA ', '68680402', '', '', '', '', 1, 2),
(49, '7259089', 'MARISOL DANIELA', 'RAMOS', 'femenino', 'ZONA SAN JACINTO ', '75128680', '', '', '', '', 1, 1),
(50, '4143978', 'MARIA DEL ROSARIO', 'RIOS VALDEZ', 'femenino', 'BA/ AVAROA CALLE CALAMA ', '73495002', '', '', '', '', 0, 1),
(51, '7238521', 'MILDRED ROCIO', 'ALBORNOZ', 'femenino', 'C/ COCHABAMBA N*179', '76199969', '', '', '', '', 1, 1),
(52, '7103441', 'JUANA ESTHER', 'MICHEL CRUZ', 'femenino', 'BA/ SAN ROQUE C/ COCHABAMBA ', '78257045', '', '', '', '', 1, 1),
(53, '7143371', 'NOEMI LILA', 'LOPEZ CANEDO', 'femenino', 'BA/ LA PAMPA AV/ POTOSI ', '67991999', '', '', '', '', 1, 1),
(54, '4134360', 'ZAIDA ANAHI', 'MIRANDA RUIZ', 'femenino', 'ZONA PALMARCITO C. JOSE ELECTO', '72992767', '', '', '', '', 1, 3),
(55, '7127438', 'PAUL MIKI', 'GARNICA MEZZA', 'masculino', 'BA/ SAN ROQUE C/ GENERAL TRIGO ', '72955787', '', '', '', '', 1, 1),
(56, '5797560', 'LIMBER RAYNARD', 'GARNICA MEZZA', 'masculino', 'BA/ ANDALUSIA C/ FINAL RUILOBA ', '', '', '', '', '', 0, 1),
(57, '10651336', 'PAOLA RAQUEL', 'PIMENTEL ROMERO', '', 'BA/ JUAN XXIII C/ GODOFREDO ARNOLD ', '77879502', '', '', '', '', 1, 1),
(58, '7229068', 'JOSE MANUEL', 'OJEDA MARTINEZ', 'masculino', 'BA/ FATIMA ', '60274386', '', '', '', '', 0, 1),
(59, '5784463', 'EVA TERESA', 'SANDOVAL', 'femenino', 'B/ ALTO SENAC ', '78225155', '', '', '', '', 1, 2),
(60, '4071301', 'WILBER ALVARO', 'GARCIA PADILLA', 'masculino', 'B/ SENAC C/ BELLA VISTA ', '78225155', '', '', '', '', 0, 2),
(61, '1893814', 'RITA MARIA', 'SANDOVAL', 'femenino', 'B/ TABLADITA', '75140184', '', '', '', '', 0, 2),
(65, '1878631', 'WISTON WILBER', 'YUCRA PALACIOS', 'femenino', 'BA/ SAN JORGE ', '72992642', '', '', '', '', 0, 1),
(66, '5787275', 'POLONIA', 'JEREZ RUEDA', 'femenino', 'BA/ AEROPUERTO ', '71332395', '', '', '', '', 1, 1),
(67, '5675379', 'ELIANA GRACIELA', 'SARAVIA CARDOZO', 'femenino', 'B/ OSCAR ALFARO ', '68703121', '', '', '', '', 1, 2),
(68, '1787751', 'ELENA', 'CARDOZO YEBARA', 'femenino', 'B/ IV CENTENARIO', '', '', '', '', '', 0, 2),
(70, '7247912', 'LISELDA MILENIA', 'ROMERO ALARCON', 'femenino', 'COMUNIDAD DE SAN DIEGO NORTE ', '72943345', '', '', '', '', 0, 1),
(71, '5684823', 'SOLEDAD DOMINGA', 'VASQUEZ FERNANDEZ', 'femenino', 'AV/ LOS CEIBOS BA SENAC ', '73484466', '', '', '', '', 1, 1),
(72, '5032867', 'JUANA ANGELICA', 'MENDIETA CARDONA', 'femenino', 'Z/ VILLA FATIMA C/ ESPAÑA ', '78244484', '', '', '', '', 0, 1),
(73, '7162716', 'SERGIO', 'ROCHA ALARCON', 'masculino', 'BA/ AVAROA C/ BALLIVIAN ', '63405477', '', '', '', '', 1, 1),
(74, '1899092', 'TATIANA', 'TRUJILLO VASQUEZ', 'femenino', 'BA/ SENAC AV/ HEROES DE LA INDEPENDENCIA ', '70211763', '', '', '', '', 1, 1),
(75, '5006333', 'GABRIELA PATRICIA', 'CASTILLO TOLABA', 'femenino', 'B/ SAN MARCOS', '78704333', '', '', '', '', 1, 2),
(76, '5021478', 'VICTOR EMERSON', 'CARTAGENA CASTRO', 'masculino', 'BA LA LOMA ', '76180448', '', '', '', '', 1, 1),
(77, '5002529', 'EVA NIEVES', 'CRUZ GUTIERREZ', 'femenino', 'C/ COCHABAMBA N|1480', '71877280', '', '', '', '', 0, 1),
(79, '1889902', 'EULOGIO RAMIRO', 'HUMACATA RIOS', 'masculino', 'ERQUIS NORTE ', '71878394', '', '', '', 'GARANTE', 0, 1),
(80, '5801048', 'IVAN NERY', 'ICHAZU SUSTACH', 'masculino', 'B/ LA PAMPA', '75121235', '', '', '', '', 1, 2),
(82, '10640681', 'JESUS GONZALO', 'CHOQUE JURADO', '', 'AV/ SALINAS C/ DOMETILA', '69315139', '', '', '', '', 1, 2),
(84, '14177626', 'JHONNY GABRIEL', 'ONTIVEROS RASGUIDO', 'masculino', 'B/ SAN ANTONIO C/ ISABEL LA CATOLICA', '76802609', '', '', '', '', 1, 2),
(85, '5808056', 'GIOVANNI BRAYAN', 'PEREZ IRAHOLA', 'masculino', 'B/ SAN JOSE ', '70211244', '', '', '', '', 0, 2),
(86, '10660835', 'LUIS FERNANDO', 'CISNEROS', 'masculino', 'ave. Panamericana y  Luis campero', '68767242', '', '', '', 'trabaja en la cascada', 0, 4),
(87, '9', 'AMISTAD', 'AMISTAD', 'masculino', '', '', '', '', '', '', 0, 4),
(88, '7197273', 'JHON WALTER', 'SALVATIERRA VACA', 'masculino', 'B/ SAN JORGE II', '77170324', '', '', '', '', 1, 2),
(92, '12849458', 'AMISTAD ALEJANDRA', 'ZELADA MARTINEZ', 'femenino', 'B/FLORIDA CALLE COLON Y 6 DE ENERO', '67632811', '', '', '', 'AMISTAD', 0, 4),
(93, '10719735', 'JORGE LUIS', 'CRUZ MENDOZA', 'masculino', 'B/ 26 DE AGOSTO', '75146451', '', '', '', '', 1, 2),
(95, '10741444', 'JUAN CARLOS', 'MAMANI CHOQUE', 'masculino', 'B/ LOMA DE TOMATITAS', '76194960', '', '', '', '', 0, 2),
(96, '4147520', 'LUCIA', 'VALLEJOS FLORES', 'femenino', 'MZ. 11 CASA Nº 5 URB. BELLA VISTA II- YACUIBA', '63776345', 'NO REGISTRA', '', '', 'YACUIBA', 1, 6),
(97, '7120125', 'KAREN ESTHER', 'CORDERO MORALES', 'femenino', 'B/ SENAC ', '68702457', '', '', '', '', 1, 2),
(98, '2637944', 'ANA MARIA', 'SARMIENTO', 'femenino', 'BA/ MIRAFLORES ', '72995775', '', '', '', '', 1, 5),
(101, '7105285', 'LUIS FERNANDO', 'NIEVES MARQUEZ', 'masculino', 'B/ NARCISO CAMPERO', '76836500', '', '', '', '', 0, 2),
(102, '10703486', 'MONICA ALEJANDRA', 'GUZMAN RAMIREZ', 'femenino', 'SAN LORENZO MATADERO MUNICIAPAL', '67632811', '', '', '', 'AMISTAD', 0, 4),
(103, '6786439', 'CAROLINA PAOLA', 'GALEAN', 'femenino', 'B/ ALTO SENAC C/ EL CHAÑAR', '76183152', '', '', '', '', 1, 5),
(104, '5056800', 'FABIOLA', 'MERCADO CAYALO', 'femenino', 'CREVAUX E/M. BARROSO Y SAN MARTIN Nº 196 B/C. NORTE YACUIBA', '71068363', 'NO REGISTRA', '', '', 'YACUIBA', 1, 6),
(105, '7155107', 'LUIS ALFREDO', 'CHOQUE REYNOSO', 'masculino', 'C/PALOS BLANCOS E/MARTIN BARROSO Y COMERCIO YACUIBA', '75174191', 'NO REGISTRA', '', '', 'YACUIBA', 1, 6),
(107, '12411923', 'KATHIA BELEN', 'RAMIREZ QUISPE', 'femenino', 'B/FLORIDA CALLE COLON Y 6 DE ENERO', '69328559', '', '', '', 'GRUPO AMISTAD TJA', 1, 4),
(108, '1898679', 'ROLANDO MANUEL', 'CRUZ PORTAL', 'masculino', 'C/BALLIVIAN E/JUAN XXIII Y SAN PEDRO YACUIBA', '75160837', 'NO REGISTRA', '', '', 'YACUIBA', 0, 6),
(109, '7221217', 'ESTHER ABIGAIL', 'BUSTOS DAVILA', 'femenino', 'BA/ MOTO MENDEZ', '65811022', '', '', '', '', 1, 5),
(110, '7180798', 'JUAN JOSE', 'CHURA ALBINO', 'masculino', 'B/ SAN BERNARDO', '', '', '', '', 'GARANTE', 1, 5),
(111, '6125302', 'FARE ISAEL', 'SANCHEZ DAVALOS', 'masculino', 'BA/ SAN ANTONIO ', '78246113', '', '', '', '', 1, 5),
(112, '14837656', 'CARLA LORENA', 'ORTEGA HUARACHI', 'femenino', 'B/ SAN ANTONIO', '', '', '', '', 'GARANTE', 0, 5),
(123, '7259747', 'GONZALO', 'ANTEZANO RAMOS', 'masculino', 'BA/ MENDEZ ARCOS', '72958255', '', '', '', '', 1, 5),
(124, '5030757', 'ANA ROSA', 'RAMOS VARGAS', 'femenino', 'BA/ MENDEZ ARCOS', '75113295', '', '', '', '', 0, 5),
(125, '7152316', 'HILDA FERNANDEZ', 'TOLABA', 'femenino', 'B/ IV CENTENARIO', '75120469', '', '', '', '', 0, 5),
(127, '7167479', 'INGRID', 'VELASQUEZ ROMERO', 'femenino', 'B/ SAN GERONIMO', '77871357', '', '', '', '', 1, 5),
(128, '5041294', 'JINMY WILSON', 'SAAVEDRA CHIPANA', 'masculino', 'AV/ MARCELO QUIROGA SANTA CRUZ B/ LUIS ESPINAL ', '68694846', '', '', '', '', 1, 5),
(130, '5787673', 'JUAN DARIO', 'VILLAROEL REYNOSO', 'masculino', 'C/ BALLIVIAN ESQ. JUAN XXIII', '71873195', '', '', '', '', 1, 5),
(133, '4141852', 'KARINA', 'CASTILLO CARDOZO', 'femenino', 'C/ LA VICTORIA BA/ TABLADITA ', '76196369', '', '', '', '', 1, 5),
(134, '6638630', 'VICTOR', 'CASTRO', 'masculino', 'B/ TABLADITA', '72980234', '', '', '', '', 0, 5),
(135, '7136623', 'LUIS EMILIO', 'SARAVIA CARDOZA', 'masculino', 'TABLADA GRANDE', '60255451', '', '', '', '', 1, 5),
(136, '1873728', 'EVA', 'LOPEZ MAMANI', 'femenino', 'C/M. BARROSO E/BOQUERON Y V. MONTES B/ LA CRUZ YACUIBA', '77197408', 'NO REGISTRA', '', '', 'YACUIBA', 1, 6),
(137, '7668170', 'FIDEL', 'FALON GALEAN', 'masculino', 'COM BELLA VISTA - GRAN CHACO - TARIJA', '71433026', '', '', '', 'YACUIBA', 1, 7),
(139, '5009688', 'JESUS', 'CASTILLO CASTRO', 'masculino', 'C/ROBLES E/SANTA CRUZ Y COMERCIO B. ATLETICO NORTE YACUIBA', '77196581', 'NO REGISTRA', '', '', 'YACUIBA', 1, 6),
(142, '7166644', 'NELSON', 'VELIZ HINOJOSA', 'masculino', 'URB. BELLA VISTA II MZ. 5 CASA Nº 10 YACUIBA', '67695215', 'NO REGISTRA', '', '', 'YACUIBA', 0, 6),
(144, '7154411', 'ROSMERY', 'ARANCIBIA SERRUDO', 'femenino', 'MZ. 5 CASA Nº 8 URB. BELLA VISTA II- YACUIBA', '71879853', 'NO REGISTRA', '', '', 'YACUIBA', 0, 6),
(145, '8064094', 'BERTHA', 'CUEVAS FLORES', 'femenino', 'C/COCHABAMBAFINALS/N B/ ASERRADERO - YACUIBA', '76813559', '', '', '', 'GM EL PORVENIR YACUIBA', 1, 7),
(146, '5046558', 'SELENE', 'URZAGASTE ARECO', 'femenino', 'COM. COLONIA PRODUCTIVA FISCAL EL PALMAR - GRAN CHACO - TARIJA', '75176886', '', '', '', 'GM EL PORVENIR YACUIBA', 0, 7),
(147, '8166058', 'EMILSE', 'SALVATIERRA TEJERINA', 'femenino', 'AV. LIBERTADORES ESQ. URUNDELES B. EL PORVENIR - YACUIBA', '60298806', '', '', '', 'GM. EL PORVENIR YACUIBA', 0, 7),
(148, '7104384', 'MARYBEL', 'GARECA VARGAS', 'femenino', 'PROLONGACION LAS DELICIAS - B/ASERRADERO - YACUIBA', '67389464', '', '', '', 'GM. EL PORVENIR YACUIBA', 0, 7),
(150, '5813347', 'FLORENTINO', 'SEGUNDO CUELLAR', 'masculino', 'MZ. X BARRIO EL CHAQUEÑITO YACUIBA', '71892533', 'NO REGISTRA', '', '', 'YACUIBA', 0, 6),
(151, '10722293', 'MARIA VICTORIA', 'PARADA', 'femenino', 'AV. LIBERTADORES E/JACINTO DELFINYCOLON - YACUIBA', '75168164', '', '', '', 'GM. EL PORVENIR YACUIBA', 0, 7),
(152, '5810149', 'SANDRA VALERIA', 'CONDORI OSINAGA', 'femenino', 'C/BENEMERITOS E/M BARROSO Y AV. S. MARTIN - YACUIBA ', '68016484', '', '', '', 'GM. EL PORVENIR YACUIBA', 0, 7),
(153, '5816465', 'AGAPITO', 'SORUCO ORTIZ', 'masculino', 'C/URUGUAY E/LIBERTAD Y ECUADOR B/EL PRADO YACUIBA', '68901933', 'NO REGISTRA', '', '', 'YACUIBA', 1, 6),
(154, '4155405', 'WILBER', 'GONZALES', 'masculino', 'C/F. CAMPO VIA E/T. MANCHEGO Y E. RUIZ B.S. GERONIMO YACUIBA', '', 'NO REGISTRA', '', '', 'YACUIBA', 0, 6),
(155, '2854534', 'IRMA FABIOLA', 'GUTIERREZ SUAREZ', 'femenino', 'C/DANIEL CAMPOS ESQ.  AV.  LIBERTADORES B/OBRERO - YACUIBA', '', '', '', '', 'GM. EL PORVENIR YACUIBA', 0, 7),
(156, '9707908', 'JORGE CORNELIO', 'CUEVAS FLORES', 'masculino', 'RES. EN YACUIBA', '76821126', '', '', '', 'GM EL PORVENIR YACUIBA', 0, 7),
(157, '2926863', 'GRACIELA', 'GONZALES VALLE VDA. DE ELIAS', 'femenino', 'C/JUAN XXIII ESQ. CORNELIO RIOS YACUIBA', '71378316', 'NO REGISTRA', '', '', 'YACUIBA', 1, 6),
(158, '1836015', 'LOURDES', 'PADILLA', 'femenino', 'C/CORNELIO RIOS E/JUAN XXIII Y JACINTO DELFIN YACUIBA', '73458576', 'NO REGISTRA', '', '', 'YACUIBA', 1, 6),
(159, '7245064', 'MARCO ANTONIO', 'LOPEZ ZARATE', 'masculino', 'C/TUPIZA E/AV. TARIJA Y CHUQUISACA S/N S.J. DE POCITOS', '76824296', 'NO REGISTRA', '', '', 'YACUIBA', 1, 6),
(160, '1817258', 'ADOLFO', 'ARROYO SAINS', 'femenino', 'COM. OJO DEL AGUA GRAN CHACO ', '76824296', 'NO REGISTRA', '', '', 'YACUIBA', 0, 6),
(161, '5802105', 'RONY', 'ORTIZ CAMACHO', 'masculino', 'C/BOLIVAR E/21 DE ENERO Y E. MENDEZ B/SAN FRANCISCO YACUIBA', '63793218', 'NO REGISTRA', '', '', 'YACUIBA', 1, 6),
(162, '5790037', 'JORGE ALEJANDRO', 'CUELLAR MENDOZA', 'masculino', 'C/PARAGUAY E/C MORENO Y 15 DE ABRIL B/MUNICIPAL YACUIBA', '71336226', 'NO REGISTRA', '', '', 'YACUIBA', 1, 6),
(163, '10632600', 'ROLANDO', 'HERRERA', 'masculino', 'COM. CAMPO LARGO GRAN CHACO TARIJA', '', 'NO REGISTRA', '', '', 'YACUIBA', 0, 6),
(164, '10635688', 'MARIANA NOEMI', 'RIOS MENDOZA', 'femenino', 'H. SALAZAR ESQ. DELICIAS S/N B/LAS DELICIAS YACUIBA', '76805789', 'NO REGISTRA', '', '', 'YACUIBA', 1, 6),
(165, '5014304', 'MARIA', 'MENDOZA ALVAREZ', 'femenino', 'C/HUGO SALAZAR ESQ. LAS DELICIAS B/FRANZ QUEBRACHO YACUIBA', '75165883', 'NO REGISTRA', '', '', 'YACUIBA', 0, 6),
(166, '12381291', 'KEYCLIN KATHERIN', 'CASTILLO CABRERA', 'femenino', 'C/CORNELIO RIOS E/CEBILES Y CHAÑARES', '75160051', 'NO REGISTRA', '', '', 'YACUIBA', 1, 6),
(167, '7210596', 'MARISOL', 'CABRERA', 'femenino', 'C/C. RIOS E/CHAÑARES Y CEVILES B/FERROVIARIO YACUIBA', '77192387', 'NO REGISTRA', '', '', 'YACUIBA', 0, 6),
(168, '1884070', 'HILDA ELVA', 'CASTRILLO PIZARRO VDA. DE GAMBARTE', 'femenino', 'AV. LAS DELICIAS E/CAMPERO S/N B. LA PLAYA YACUIBA', '67695857', 'NO REGISTRA', '', '', 'YACUIBA', 1, 6),
(169, '7145480', 'LARITZA', 'GAMBARTE CASTRILLO', 'femenino', 'C/SAN PEDRO E/AV. DELICIAS Y 15 DE ABRIL B/LA PLAYA YACUIBA', '', 'NO REGISTRA', '', '', 'YACUIBA', 0, 6),
(170, '5816019', 'PATRICIA ISABEL', 'GALARZA VALLE', 'femenino', 'C/QUEBRACHOS E/M BARROSOYC. RIOS - B. FERROVIARIO - YBA', '77199507', '', '', '', 'GM. LAS DIVINAS YACUIBA', 1, 7),
(171, '5780197', 'PRIMITIVA', 'GALARZA VALLE', 'femenino', 'C/M BARROSO E/CREVAUX Y SUCRE B. CENTRONORTE - YACUIBA', '77893215', '', '', '', 'GM. LAS DIVINAS YACUIBA', 0, 7),
(172, '1885720', 'MARGARITA', 'AMPUERO BARJA DE GONZALES', 'femenino', 'C/CORNELIO RIOSESQ.QUEBRACHOS-B/FERRROVIARIO-YACUIBA', '75162401', '', '', '', 'GM. LAS DIVINAS YACUIBA', 0, 7),
(173, '7125466', 'SONIA', 'ARTEAGA MOYE', 'femenino', 'B/15 DE AGOSTO - COM. LAPACHAL ALTO - YBA G. CHACO-TJA', '68718144', '', '', '', 'GM. LAS DIVINAS YACUIBA', 0, 7),
(175, '5050637', 'BRIGIDAMARGOTH', 'BATALLANOS DE ROCA', 'femenino', 'C/DELFIN E/BENI YBOLIVAR - B/S J. OBRERO - YACUIBA', '74509635', '', '', '', 'GM. NUEVA ESPERANZA YACUIBA', 1, 7),
(176, '5009809', 'JUAN CARLOS', 'NUÑEZ ARANCIBIA', 'masculino', 'C/ROBLES ESQ. AVAROA II S/N B/SANTACANDELARIA', '76815064', '', '', '', 'GM. NUEVA ESPERANZA YACUIBA', 0, 7),
(177, '5050743', 'AIDA LUZ', 'VALLEJOS QUISPE', 'femenino', 'B. LAS DELICIAS C/ JUAN XXIII - YACUIBA', '69349473', '', '', '', 'GM. NUEVA ESPERANZA YACUIBA', 0, 7),
(178, '10711135', 'MARIELA', 'SAAVEDRA FORES', 'femenino', 'FINAL C/INDEPENDENCIA S/N B. SAN FRANCISCO YACUIBA', '75185989', '', '', '', 'GM. NUEVA ESPERANZA YACUIBA', 0, 7),
(179, '1848994', 'FEDERICO ANTONIO', 'FLORES', 'masculino', 'Zona Central C/Colon N°882', '75125557', '', '', '', '', 1, 1),
(180, '7238010', 'FIDEL FABIAN', 'GARECA ACOSTA', 'masculino', 'B. MOTO MENDEZ BLOQ.M-22', '', '', '', '', '', 1, 1),
(185, '7175626', 'JUAN GABRIEL', 'MARTINEZ ANACHURI', 'masculino', '', '', '', '', '', '', 0, 1),
(188, '5784526', 'PAMELA JUANA', 'RIVERA FLORES', 'femenino', 'B. AEROPUERTO AV. H DEL CHACO', '69325911', '', '', '', '', 1, 1),
(189, '1899950', 'MARY DOLORES', 'MEJIA BARCA DE CASTILLO', 'femenino', 'C/ROBLES E/SANTA CRUZ Y COMERCIO B. ATLETICO NORTE YACUIBA', '60297883', 'NO REGISTRA', '', '', 'YACUIBA', 1, 6),
(190, '4137855', 'ANA LIA', 'GARCIA MEDRANO', 'femenino', 'C/D CAMPOS E/BALLIVIAN Y F. TAMAYO-B.S. JOSE OBRERO-YBA', '75376011', '', '', '', 'GM. LOS AMIGOS YACUIBA', 1, 7),
(191, '5998229', 'RODO CELSO', 'VALDEZ MORALES', 'masculino', 'C, UNION No.170Z.VILLA COPACABANA', '74526638', '', '', '', 'GM. LOS AMIGOS YACUIBA', 0, 7),
(192, '7236324-1Q', 'MARIA  ALEJANDRA', 'REYES GARCIA', 'femenino', 'C/H.SALAZAR E/COMERCIOY MARTIN BARROSO B. JUAN XXIII-YBA', '', '', '', '', 'GM. LOS AMIGOS YACUIBA', 0, 7),
(193, '7230537', 'NELVA', 'GUERRERO MERCADO', 'femenino', 'MZ.6 CASA No19 URB. BELLA VISTAII-YACUIBA', '72959344', '', '', '', 'GM. LOS AMIGOS YACUIBA', 0, 7),
(196, '4147929', 'MARIA LUISA', 'RAMIRES PIZARRO', 'femenino', 'C/10 DE MAYO BA/ MORROS BLANCOS ', '72981207', '', '', '', 'GM MORROS BLANCOS ', 0, 1),
(197, '10665289', 'IRMA ALONDRA', 'ARIAS RAMIRES', 'femenino', 'C/ 10 DE MAYO N* 204 BA/ MORROS BLANCOS ', '72966990', '', '', '', 'GM MORROS BLANCOS ', 0, 1),
(198, '7249109', 'MARIA ESTELA', 'ARAMAYO PIZARRO', 'femenino', 'PAMPA GALANA CAMINO A EMAT ', '67566938', '', '', '', 'GM MORROS BLANCOS ', 0, 1),
(199, '1711610', 'SIRLENE', 'ARIAS RAMIRES', 'femenino', 'C/ 10 DE MAYO BA/ MORROS BLANCOS ', '73494301', '', '', '', 'G', 0, 1),
(200, '7118244', 'JHOVANA ANGELICA', 'RUEDA MARTINEZ', 'femenino', 'C/ LINO MORALES BA/ ANDALUSIA ', '67380168', '', '', '', 'GM. CREDIMERCADO ', 1, 1),
(201, '5783738', 'ALICIA', 'GARECA ARROYO', 'femenino', 'BA/ LAS PASCUAS C/ KILOMETRO 7', '69323015', '', '', '', 'GM CREDIMERCADO', 0, 1),
(202, '7118623', 'MARIA ANGELICA', 'RUEDA MARTINEZ', 'femenino', 'BA/ MENDEZ ARCOS ', '72900544', '', '', '', '', 0, 1),
(203, '1891279', 'MARISOL', 'RUIZ', 'femenino', 'C/HUGO SALAZAR E/AV. LAS DELICIAS Y AV. BOLIVIA YACUIBA', '75182975', 'NO REGISTRA', '', '', 'YACUIBA', 1, 6),
(204, '10629985', 'MARIA JOSE', 'FLORES TORREZ', 'femenino', 'C/13 E/103 Y 104 BARRIO NUEVO YACUIBA', '75182954', 'NO REGISTRA', '', '', 'YACUIBA', 1, 6),
(205, '2990265-1M', 'ROXANA', 'POINTA TORREZ SANCHEZ', 'femenino', 'C/13 E/103 Y 104 BARRIO NUEVO YACUIBA', '75182954', 'NO REGISTRA', '', '', '', 0, 6),
(210, '7172461', 'AMADO ARMANDO', 'PORTAL CABEZAS', 'masculino', 'BA/ MORROS BLANCOS ', '75132172', '', '', '', 'GM MORROS BLANCOS MECANICOS ', 0, 1),
(211, '12593400', 'RONALD HETSON', 'YEVARA', 'masculino', 'BA/ MORROS BLANCOS C/ 10 DE MAYO ', '75132172', '', '', '', 'GM MORROS BLANCOS MECANICOS ', 0, 1),
(212, '7172458', 'SHIRLEY RAQUEL', 'ARIAS RAMIREZ', 'femenino', 'BA/ MORROS BLANCOS C/ 10 DE MAYO ', '75132172', '', '', '', 'GM MORROS BLANCOS MECANICOS ', 0, 1),
(213, '7172350', 'LUIS EYBER', 'CASTILLO MIRANDA', 'femenino', 'BA/ MORROS BLANCOS C/ 10 DE MAYO ', '75132172', '', '', '', 'GM MORROS BLANCOS MECANICOS ', 0, 1),
(214, '7112068', 'WILSON', 'ARIAS RAMIREZ', 'femenino', 'BA/ MORROS BLANCOS C/ 10 DE MAYO ', '', '', '', '', 'GM MORROS BLANCOS MECANICOS ', 0, 1),
(215, '4124277', 'SANDRA LUPE', 'ROMERO FARFAN', 'femenino', 'BA/ MENDEZ ARCOS ', '69316946', '', '', '', 'GM MENDEZ ARCOS', 0, 1),
(216, '7112058', 'LUCIA ISABEL', 'ROMERO FARFAN', 'femenino', 'BA/ MENDEZ ARCOS AV/ LOS MOLLES ', '78235516', '', '', '', 'GM MENDEZ ARCOS', 1, 1),
(217, '5797816', 'SIRLEY VANEZA', 'SEGOVIA', 'femenino', 'BA/ TURUMAYO ', '73455249', '', '', '', 'GM MENDEZ ARCOS', 0, 1),
(218, '4147492', 'NESTOR PEPE', 'ROMERO FARFAN', 'masculino', 'LOCALIDAD TURUMAYO ', '73453223', '', '', '', 'GM MENDEZ ARCOS', 0, 1),
(219, '5006571', 'RUTH MARIBEL', 'ANDRADE ZAPATA', 'femenino', 'BA/ CATEDRAL AV/ PRICIPAL ', '75115587', '', '', '', 'GM CATEDRAL ', 1, 1),
(224, '2704334', 'ESCOLASTICA', 'ZAPATA LUQUE', 'femenino', 'BA/ CATEDRAL BLOQUE B ', '', '', '', '', 'GM CATEDRAL ', 0, 1),
(226, '9225242', 'BRYAN', 'CHAMBI MEJILLON', 'masculino', 'BA/ CATEDRAL ', '67085590', '', '', '', 'GM CATEDRAL ', 0, 1),
(229, '7235277-1D', 'YANIRA REINA', 'ROSAS PRUDENCIO', 'femenino', 'BA/ SAN GERONIMO ', '75119355', '', '', '', 'GM LUIS DE FUENTES ', 0, 1),
(230, '10716612-1F', 'OMAR GRABIEL', 'LIMA', 'masculino', 'BA/ 4 DE JULIO ESQ PERU ', '', '', '', '', 'GM LUIS DE FUENTES ', 0, 1),
(231, '5001461', 'NESTOR JOSE', 'ANDRADE ZAPATA', 'femenino', 'BA/ LUIS DE FUENTES ', '', '', '', '', 'GM LUIS DE FUENTES ', 1, 1),
(234, '5054070', 'RICHARD JHONNY', 'ZEBALLOS TEJERINA', 'masculino', 'B/LOURDES ', '63788071', '', '', '', '', 1, 5),
(235, '7254095', 'ROLY ALEJANDRO', 'VELASCO VACA', 'masculino', 'AV/ SAMA C/ CHAPAQUITA ', '75142596', '72980734', '', '', '', 1, 1),
(236, '7148877', 'SANTOS RODOLFO', 'FERNANDEZ CHAUQUE', 'masculino', 'b/warnes', '75147408', '69330463', 'propio', '', '', 1, 4),
(237, '7219114', 'SANDRA', 'LOPEZ CANEDO', 'femenino', 'b/WARNES', '69330463', '', '', '', '', 0, 4),
(238, '5004813', 'BEATRIZ LIA', 'VALDA ARAGON', 'femenino', 'C/COLON E/RENE MORENO Y BALLIVIAN B/OBRERO YACUIBA', '62898000', 'NO REGISTRA', '', '', 'YACUIBA', 1, 6),
(239, '5021393', 'MARIA DEL CARMEN', 'VALDA ARAGON', 'femenino', 'URB. PERIODISTA MZ. 7 CASA 12 YACUIBA', '69347286', 'NO REGISTRA', '', '', 'YACUIBA', 0, 6),
(240, '5806511', 'JUAN', 'ROMERO IRALA', 'masculino', 'C/INDEPENDENCIA ESQ. SANTA CRUZ YACUIBA', '75162363', 'NO REGISTRA', '', '', 'YACUIBA', 1, 6),
(241, '9761706', 'MILTON', 'ARAUZ CUVA', 'masculino', 'C/LOMA ALTA E/CHOROLQUE B. LA CRUZ YACUIBA', '75162363', 'NO REGISTRA', '', '', 'YACUIBA', 0, 6),
(246, '7572912', 'ESPERANZA', 'VICENTE SALAS', 'femenino', 'C/P. CONTRERAS E/CREVAUX Y COCHABAMBA B/ LA PLAYA YACUIBA', '76832320', 'NO REGISTRA', '', '', 'YACUIBA', 0, 6),
(247, '7166477', 'ELIZABETH ROMINA', 'TORRICO DE LA VEGA', 'femenino', 'C. SANTA CRUZ ESQ. BENEMERITOS YACUIBA', '61977367', 'NO REGISTRA', '', '', 'GM. LAS CHURITAS DEL CENTRAL YACUIBA', 1, 6),
(248, '14574834', 'MARIANA PAOLA', 'PORTILLO PALAVECINO', 'femenino', 'C/FINAL COLON E/BOLIVAR B/SAN JOSE OBRERO', '70239475', 'NO REGISTRA', '', '', 'GM, LAS CHURITAS DEL CENTRAL YACUIBA', 0, 6),
(249, '5045686', 'MARIA LUISA', 'ZENTENO PANTOJA', 'femenino', 'C/COLON E/SANTA CRUZ Y BALLIVIAN B/OBRERO YACUIBA', '67699434', 'NO REGISTRA', '', '', 'GM. LAS CHURITAS DEL CENTRAL YACUIBA', 0, 6),
(250, '3215047', 'ISABEL', 'PANTOJA SUAREZ', 'femenino', 'C/COLON E/BALLIVIAN Y SANTA CRUZ B. SAN JOSE OBRERO', '75174426', 'NO REGISTRA', '', '', 'GM. LAS CHURITAS DEL CENTRAL YACUIBA', 0, 6),
(251, '5037553', 'LILIANA', 'TORRICO ROMERO DE CONDORI', 'femenino', 'C/M. BARROSO E/J. TASSAKIS S/N B. LOURDES', '72957191', 'NO REGISTRA', '', '', 'GM. ALMITA DESCONOCIDA YACUIBA', 1, 6),
(252, '4087164', 'MARTHA', 'SALAZAR URQUIZU', 'femenino', 'B/MUNICIPAL YACUIBA', '61670171', 'NO REGISTRA', '', '', 'GM. ALMITA DESCONOCIDA YACUIBA', 0, 6),
(253, '1092163', 'MARCELINO', 'MELO MENDEZ', 'masculino', 'C/BOQUERON E/GASODUCTO Y 15 DE ABRIL B. MUNICIPAL YACUIBA', '72957191', 'NO REGISTRA', '', '', 'GM. ALMITA DESCONOCIDA YACUIBA', 0, 6),
(254, '10686356', 'SANDRA YOVANA', 'AVILA PEREIRA', 'femenino', 'C/PARAGUAY ESQ. LOMA ALTA B/LA CRUZ YACUIBA', '76814733', 'NO REGISTRA', '', '', 'GM. ALMITA DESCONOCIDA YACUIBA', 0, 6),
(255, '5052427', 'CLAUDIA ELIZABETH', 'FLORES ESTRADA', 'femenino', 'C/COMERCIO NRO. 7 E/10 Y 11 B. PETROLERO', '77896116', 'NO REGISTRA', '', '', 'GM. EMPRENDEDORES YACUIBA', 1, 6),
(256, '7135989', 'MARLENE ROSIO', 'MAMANI CONDORI', 'femenino', 'C/H. SILES E/AV. GASODUCTO Y 15 DE ABRIL B. MUNICIPAL YACUIBA', '76402300', 'NO REGISTRA', '', '', 'GM. EMPRENDEDORES YACUIBA', 0, 6),
(257, '10635510', 'SONIA JHENNY', 'VICTORIO MEJIA', 'femenino', 'C/C. RIOS E/VILLAMONTES Y BOQUERON YACUIBA', '76829957', 'NO REGISTRA', '', '', 'GM. EMPRENDEDORES YACUIBA', 0, 6),
(258, '7149173', 'MARIA TEREZA', 'FLORES SANCHES', 'femenino', 'C/ROBERTO CARRASCO B/HEROES DEL CHACO YACUIBA', '69345322', 'NO REGISTRA', '', '', 'GM. EMPRENDEDORES YACUIBA', 0, 6),
(259, '1841118', 'EMILIANO', 'VILLCA RODRIGUEZ', 'masculino', 'AV. PERIMETRAL B/SAN JUAN YACUIBA', '71891973', 'NO REGISTRA', '', '', 'GM. EMPRENDEDORES YACUIBA', 0, 6),
(260, '14081410', 'MIGUEL ANTONIO', 'FLORES SANCHEZ', 'masculino', 'C/FROILAN TEJERINA E/G. DURAN Y B. BILBAO', '75184524', 'NO REGISTRA', '', '', 'GM. EMPRENDEDORES YACUIBA', 0, 6),
(261, '10644416', 'NELSON RICARDO', 'AGUERO ROJAS', 'masculino', 'AV, PRINCIPAL B. LOS CHAPACOS', '', '', '', '', 'MICROCREDITO', 1, 3),
(262, '7117514', 'MAXIMA', 'BANEGAS ENCINAS', 'femenino', 'AV. SAN MARTIN E/CHAÑARES B. FERROVIARIO YACUIBA', '69523153', 'NO REGISTRA', '', '', 'GM. LAS CHURAS COMERCIANTES YACUIBA', 1, 6),
(263, '7186787', 'MARIELA', 'RAMOS ENCINAS', 'femenino', 'C/BALLIVIAN ESQ. COLON B SAN JOSE OBRERO YACUIBA', '67695794', 'NO REGISTRA', '', '', 'GM. LAS CHURAS COMERCIANTES YACUIBA', 0, 6),
(264, '5810494', 'ROSA', 'BANEGAS ENCINAS', 'femenino', 'C/JACINTO DELFIN E/BALLIVIAN Y AVAROA YACUIBA', '64345993', 'NO REGISTRA', '', '', 'GM. LAS CHURAS COMERCIANTES YACUIBA', 0, 6),
(265, '7214099', 'LAURA BELEN', 'VISCARRA BANEGAS', 'femenino', 'AV. SAN MARTIN E/CHAÑARES B. FERROVIARIO YACUIBA', '74532579', 'NO REGISTRA', '', '', 'GM. LAS CHURAS COMERCIANTES YACUIBA', 0, 6),
(266, '3829606-1V', 'JOSE', 'SANCHEZ ORTUSTE', 'masculino', 'C/BALLIVIAN E/DANIEL CAMPOS Y PARAGUAY YACUIBA', '76813265', 'NO REGISTRA', '', '', 'GM. LAS CHURAS COMERCIANTES YACUIBA', 0, 6),
(267, '1881788', 'DANIEL ORLANDO', 'FLORES COSSIO', 'masculino', 'C/CORNELIO RIOS ESQ. CHOROLQUE B. LA CRUZ YACUIBA', '76807595', 'NO REGISTRA', '', '', 'GM. LAS CHURAS COMERCIANTES YACUIBA', 0, 6),
(268, '5010631', 'WILFREDO', 'CHURA CORONADO', 'masculino', 'C/C. RIOS E/21 DE ENERO Y E. MENDEZ B. FERROVIARIO YACUIBA', '75167687', 'NO REGISTRA', '', '', 'GM. LAS CHURAS COMERCIANTES YACUIBA', 0, 6),
(269, '10636372', 'ALEJANDRO', 'VILLARROEL CRESPO', 'masculino', 'AV. GASODUCTO S/N B. MONTE REDONDO YACUIBA', '67865033', 'NO REGISTRA', '', '', 'GM. LAS CHURAS COMERCIANTES YACUIBA', 0, 6),
(270, '10628171', 'SORAYA ESMERALDA', 'ESPINOZA SAGREDO', 'femenino', 'B. CENTRAL PADCAYA', '', '', '', '', 'INDIVIDUAL-TJA', 1, 3),
(271, '7113724', 'YESSICA PAMELA', 'TRIGO RUIZ', 'femenino', 'B. SAN ROQUE CALLE CAMPERO N°1057', '', '', '', '', 'INDIVIDUAL-TJA', 0, 3),
(272, '7105231', 'EDGAR', 'TOLAY MOLINA', 'masculino', 'B. SAN GERONIMO AV. ALTO DE LA ALIANZA ', '', '', '', '', 'NOTARIADO-TJA', 1, 3),
(273, '5001200', 'YOLANDA', 'FLORES AYARDE', 'femenino', 'ERQUIZ NORTE', '72940770', '', '', '', 'INDIVIDUAL-TJA', 1, 5),
(278, '5232977', 'PALMIRA', 'BUTRON TABOADA', 'femenino', 'C/27 DE MAYO E/C RIOS', '68697100', '', '', '', 'GM. NEGOCIANTES X SIEMPRE YACUIBA', 1, 7),
(279, '4916196', 'ELIZABETH JANNETH', 'MEDRANO', 'femenino', 'C/SAN PEDROY CORNELIORIOS S/N YACUIBA', '77199658', '', '', '', 'GM. NEGOCIANTES X SIEMPRE YACUIBA', 0, 7),
(281, '7132652', 'JAIME', 'GALLARDO ALVAREZ', 'masculino', 'COM.VILLA PRIMAVERA-GRAN CHACO - TARIJA', '75166115', '', '', '', 'GM. NEGOCIANTES X SIEMPRE YACUIBA', 0, 7),
(282, '5010752', 'BENJAMIN', 'CONDORI CARABALLO', 'masculino', 'B/24 DE AGOSTO-Z. CAMPO FERIAL - YACUIBA', '74544332', '', '', '', 'GM. NEGOCIANTES X SIEMPRE YACUIBA', 0, 7),
(283, '7167619', 'ROLY ADAN', 'CARY MANPAZO', 'masculino', 'B. SIMON BOLIVAR S/N', '', '', '', '', 'NOTARIADO-TJA', 1, 3),
(284, '10639263', 'MARIBEL', 'CASTILLO MELA', 'femenino', 'C/HUGO SALAZAR E/15 DE ABRIL Y C/MORENOS B/LAS DELICIAS ', '75163877', 'NO REGISTRA', '', '', 'MICROCREDITO YACUIBA', 1, 6),
(285, '12350358', 'ROSA ELENA', 'GARECA ACOSTA', 'femenino', 'B/ MOTO MENDEZ', '75117228', '', '', '', 'MICROCREDITO', 1, 5),
(286, '5548367', 'ELMAN MEZIAS', 'ANZE EYZAGUIRRE', 'masculino', 'b/san luis ', '60257419', '60852840', 'comercio minorista', '6382346015', 'PERSONAL TJA', 1, 4),
(287, '7141330', 'IVER MAURICIO', 'VELASCO VACA', 'masculino', 'BA/ ALTO SENAC', '75133624', '', '', '', '', 1, 5),
(288, '5805990', 'YOSHIMAR', 'MENDIETA ROCA', 'masculino', 'B/ AEROPUERTO', '72970426', '67965054', '', '', 'PERSONAL TJA', 1, 4),
(289, '7177540', 'JAQUELINE TEODORA', 'MAULLCU CONDORI', 'femenino', '', '63240354', '69314669', 'PROPIO', '7177540013', 'PERSONAL TJA', 1, 4),
(292, '5055561', 'IRMA', 'APARICIO GUTIERREZ', 'femenino', 'B/MENDEZ ARCOS', '67389579', '', 'MANCOMUNADO', '', 'G.M.NUEVO AMANECER ', 0, 4),
(293, '10676951', 'WENDY ROMINA', 'MORA CORAITE', 'femenino', 'B/MENDEZ ARCOS', '75122155', '', 'MANCOMUNADO', '', 'G.M.NUEVO AMANECER ', 0, 4),
(294, '7198308', 'ANA PAOLA', 'AGUILERA DURAN', 'femenino', 'B/MENDEZ ARCOS', '72982769', '', 'MANCOMUNADO', '', 'G.M.NUEVO AMANECER ', 0, 4),
(295, '10703741', 'SERGIO DANIEL', 'HOYOS CUELLAR', 'femenino', 'B/MENDEZ ARCOS', '68681487', '', 'MANCOMUNADO', '', 'G.M.NUEVO AMANECER ', 0, 4),
(296, '000', 'PRUEBA2', 'PRUEBAS', 'masculino', 'teleferico', '12321323', '123213233', 'sadsdddd', '12321323', 'asdsadasdasd', 1, 8),
(297, '0000000000', 'PRUEBAS 3', 'PRUEBAS', 'masculino', 'ASDFASDSAD', '343245324', '123123213', 'SADASDSAD', '12324234', 'SDFSAFSDF', 0, 8),
(298, '5008907', 'LEONOR', 'ARENAS TOLABA', 'femenino', 'B/MENDEZ ARCOS', '70212600', '', 'MANCOMUNADO', '', 'G.M.NUEVO AMANECER ', 1, 4),
(299, '7179436', 'LILI', 'DURAN BATALLANOS', 'femenino', 'B/MENDEZ ARCOS', '', '', 'MANCOMUNADO', '', 'G.M.NUEVO AMANECER ', 0, 4),
(300, '1881474', 'ANA MARIA', 'CORAITE', 'femenino', 'B/MENDEZ ARCOS', '', '', 'MANCOMUNADO', '', 'G.M.NUEVO AMANECER ', 0, 4),
(301, '4902968', 'ELIANA ELIZABETH', 'PACHECO CHOQUE', 'femenino', 'Z. LAS BARRANCAS B/NUEVA ESPERANZA', '72555987', '', '', '', 'GRUPO COSTURERAS- TJA', 1, 3),
(302, '7177438', 'MARIA EUGENIA', 'COLQUE GAITE', 'femenino', 'C/EMAUZ B/JUAN PABLO 2', '71194547', '', '', '', 'GRUPO COSTURERAS- TJA', 0, 3),
(303, '10724694', 'RAFAEL LEONARDO', 'REGUERIN PACHECO', 'masculino', 'B/NUEVA ESPERANZA ', '75766153', '', '', '', 'GRUPO COSTURERAS- TJA', 0, 3),
(304, '5001768', 'ALIPIA ALICIA', 'SANDOVAL SEGOBIA', 'femenino', 'AV. HERNANDO SILES B/VILLA BUSH', '72993046', '', '', '', 'GRUPO COSTURERAS- TJA', 0, 3),
(305, '1663298', 'EPIFANIA MATILDE', 'GAITE ROJAS', 'femenino', 'B/JUAN PABLO 2 C/EMAUS ESQ. INTEGRACION', '72951953', '', '', '', 'GRUPO COSTURERAS- TJA', 0, 3),
(306, '5040707', 'CATALINO WILSON', 'FLORES PIMENTEL', 'masculino', '', '', '', '', '', 'GRUPO COSTURERAS- TJA', 0, 3),
(307, '4152097', 'MARINA VICTORIA', 'VAQUILLA SERRANO', 'femenino', '', '', '', '', '', 'GRUPO COSTURERAS- TJA', 0, 3),
(308, '7203440', 'WILLANSOR FRANCLIN', 'QUISPE GOMEZ', 'masculino', 'BA 12 DE OCTUBRE ', '60600106', '75144450', '', '', '', 1, 1),
(309, '1878048', 'SANDRA TRICIA', 'ACOSTA TAPIA', 'femenino', 'B/ MOTO MENDEZ', '74511513', '', '', '', '', 1, 5);

-- --------------------------------------------------------

--
-- Estructura de tabla para la tabla `document_payments`
--

CREATE TABLE `document_payments` (
  `id` bigint(20) NOT NULL,
  `user_id` int(11) DEFAULT NULL,
  `pay_date` datetime DEFAULT NULL
) ENGINE=InnoDB DEFAULT CHARSET=utf32 COLLATE=utf32_spanish_ci;

--
-- Volcado de datos para la tabla `document_payments`
--

INSERT INTO `document_payments` (`id`, `user_id`, `pay_date`) VALUES
(27, 8, '2022-10-07 07:36:17'),
(28, 8, '2022-10-08 10:17:39'),
(29, 8, '2022-10-08 10:17:58'),
(30, 8, '2022-10-08 10:19:15'),
(31, 3, '2022-10-13 06:07:45'),
(32, 3, '2022-10-13 06:21:03'),
(33, 3, '2022-10-13 06:21:26'),
(34, 3, '2022-10-14 01:01:51'),
(35, 3, '2022-10-17 06:47:42'),
(36, 3, '2022-10-17 07:59:03'),
(37, 3, '2022-10-17 08:00:23'),
(38, 3, '2022-10-17 09:19:34'),
(39, 3, '2022-10-17 09:27:22'),
(40, 3, '2022-10-17 09:27:46'),
(41, 3, '2022-10-17 09:28:29'),
(42, 3, '2022-10-17 09:28:53'),
(43, 3, '2022-10-17 09:47:04'),
(44, 3, '2022-10-18 08:55:16'),
(45, 3, '2022-10-18 08:59:14'),
(46, 3, '2022-10-18 12:00:22');

-- --------------------------------------------------------

--
-- Estructura de tabla para la tabla `guarantors`
--

CREATE TABLE `guarantors` (
  `id` bigint(20) NOT NULL,
  `loan_id` int(11) NOT NULL,
  `customer_id` int(11) NOT NULL
) ENGINE=InnoDB DEFAULT CHARSET=utf8 COLLATE=utf8_spanish2_ci;

--
-- Volcado de datos para la tabla `guarantors`
--

INSERT INTO `guarantors` (`id`, `loan_id`, `customer_id`) VALUES
(1, 8, 12),
(2, 9, 11),
(3, 10, 15),
(4, 10, 16),
(5, 34, 52),
(6, 37, 48),
(8, 40, 56),
(9, 41, 58),
(10, 42, 60),
(11, 42, 61),
(14, 45, 13),
(15, 45, 65),
(16, 46, 21),
(18, 48, 72),
(19, 50, 68),
(20, 51, 23),
(21, 53, 77),
(23, 58, 85),
(25, 61, 39),
(26, 66, 9),
(27, 69, 96),
(29, 71, 17),
(31, 73, 110),
(32, 74, 112),
(33, 75, 124),
(34, 76, 98),
(35, 79, 134),
(36, 81, 108),
(39, 85, 144),
(41, 87, 154),
(42, 88, 158),
(43, 89, 160),
(44, 90, 162),
(45, 91, 163),
(46, 92, 165),
(47, 93, 167),
(48, 94, 169),
(49, 95, 146),
(50, 95, 147),
(51, 95, 148),
(52, 95, 151),
(53, 95, 152),
(54, 95, 155),
(55, 95, 156),
(56, 96, 171),
(57, 96, 172),
(58, 96, 173),
(59, 98, 176),
(60, 98, 177),
(61, 98, 178),
(62, 106, 139),
(63, 107, 191),
(64, 107, 192),
(65, 107, 193),
(66, 108, 196),
(67, 108, 197),
(68, 108, 199),
(69, 109, 201),
(70, 109, 202),
(71, 110, 158),
(72, 111, 205),
(73, 113, 210),
(74, 113, 211),
(75, 113, 213),
(76, 113, 214),
(77, 114, 215),
(78, 114, 217),
(79, 114, 218),
(81, 115, 224),
(82, 115, 226),
(83, 116, 229),
(84, 116, 230),
(85, 117, 86),
(86, 117, 92),
(87, 117, 102),
(88, 121, 237),
(89, 123, 239),
(90, 124, 241),
(91, 125, 246),
(92, 126, 248),
(93, 126, 249),
(94, 126, 250),
(95, 129, 252),
(96, 129, 253),
(97, 129, 254),
(98, 130, 256),
(99, 130, 257),
(100, 130, 258),
(101, 130, 259),
(102, 130, 260),
(103, 131, 12),
(104, 132, 11),
(105, 137, 263),
(106, 137, 264),
(107, 137, 265),
(108, 137, 266),
(109, 137, 267),
(110, 137, 268),
(111, 137, 269),
(112, 142, 279),
(113, 142, 281),
(114, 142, 282),
(121, 155, 292),
(122, 155, 293),
(123, 155, 294),
(124, 155, 295),
(125, 155, 299),
(126, 155, 300),
(127, 156, 302),
(128, 156, 303),
(129, 156, 304),
(130, 156, 305),
(131, 156, 306),
(132, 156, 307),
(133, 161, 77),
(134, 165, 297);

-- --------------------------------------------------------

--
-- Estructura de tabla para la tabla `loans`
--

CREATE TABLE `loans` (
  `id` int(11) NOT NULL,
  `customer_id` int(11) NOT NULL,
  `credit_amount` decimal(15,2) NOT NULL,
  `interest_amount` decimal(15,2) NOT NULL COMMENT 'interest_rate',
  `num_fee` int(3) NOT NULL,
  `fee_amount` decimal(10,2) NOT NULL,
  `payment_m` varchar(15) COLLATE utf8_spanish2_ci NOT NULL,
  `coin_id` int(11) NOT NULL,
  `date` date NOT NULL,
  `status` bit(1) NOT NULL DEFAULT b'1'
) ENGINE=InnoDB DEFAULT CHARSET=utf8 COLLATE=utf8_spanish2_ci;

--
-- Volcado de datos para la tabla `loans`
--

INSERT INTO `loans` (`id`, `customer_id`, `credit_amount`, `interest_amount`, `num_fee`, `fee_amount`, `payment_m`, `coin_id`, `date`, `status`) VALUES
(2, 1, '1000.00', '18.00', 4, '340.00', 'quincenal', 1, '2022-08-11', b'1'),
(3, 3, '2000.00', '18.00', 12, '256.70', 'semanal', 1, '2022-07-23', b'0'),
(4, 5, '1800.00', '18.00', 6, '462.00', 'quincenal', 1, '2022-07-16', b'1'),
(5, 6, '1500.00', '18.00', 4, '510.00', 'quincenal', 1, '2022-05-16', b'0'),
(6, 7, '1000.00', '18.00', 6, '256.70', 'quincenal', 1, '2022-08-16', b'1'),
(8, 11, '2500.00', '18.00', 4, '850.00', 'quincenal', 1, '2022-07-14', b'0'),
(9, 12, '2500.00', '18.00', 4, '850.00', 'quincenal', 1, '2022-07-14', b'0'),
(10, 13, '5000.00', '18.00', 10, '950.00', 'quincenal', 1, '2022-02-16', b'1'),
(11, 18, '2000.00', '18.00', 4, '680.00', 'quincenal', 1, '2022-08-24', b'1'),
(12, 20, '1500.00', '16.00', 6, '370.00', 'quincenal', 1, '2022-08-16', b'1'),
(13, 24, '1500.00', '18.00', 4, '510.00', 'quincenal', 1, '2022-08-25', b'0'),
(14, 27, '1500.00', '18.00', 8, '255.00', 'semanal', 1, '2022-08-16', b'0'),
(15, 28, '2096.00', '18.00', 12, '269.00', 'semanal', 1, '2022-05-21', b'1'),
(18, 31, '2500.00', '18.00', 4, '850.00', 'quincenal', 1, '2022-04-16', b'1'),
(19, 32, '1000.00', '16.00', 2, '580.00', 'quincenal', 1, '2022-07-22', b'0'),
(21, 34, '4000.00', '18.00', 3, '2053.30', 'mensual', 1, '2022-07-14', b'0'),
(22, 35, '2000.00', '17.00', 4, '670.00', 'quincenal', 1, '2022-07-21', b'1'),
(24, 37, '2000.00', '18.00', 4, '680.00', 'quincenal', 1, '2022-08-22', b'1'),
(25, 40, '1302.00', '18.00', 4, '442.70', 'quincenal', 1, '2022-04-28', b'0'),
(26, 41, '500.00', '15.00', 6, '120.80', 'quincenal', 1, '2022-06-18', b'1'),
(27, 42, '1500.00', '18.00', 6, '385.00', 'quincenal', 1, '2022-05-17', b'0'),
(29, 45, '1500.00', '18.00', 6, '385.00', 'quincenal', 1, '2022-07-25', b'1'),
(31, 44, '3500.00', '18.00', 10, '665.00', 'quincenal', 1, '2022-02-08', b'1'),
(32, 49, '3710.00', '18.00', 6, '952.20', 'quincenal', 1, '2022-06-13', b'1'),
(33, 50, '4000.00', '15.00', 10, '700.00', 'quincenal', 1, '2022-05-05', b'0'),
(34, 51, '5000.00', '18.00', 6, '1283.30', 'quincenal', 1, '2022-08-03', b'1'),
(35, 53, '3000.00', '18.00', 6, '770.00', 'quincenal', 1, '2022-04-21', b'1'),
(36, 54, '2000.00', '18.00', 8, '340.00', 'semanal', 1, '2022-07-21', b'1'),
(37, 47, '1826.00', '18.00', 6, '468.70', 'quincenal', 1, '2022-06-22', b'1'),
(38, 48, '1900.00', '18.00', 6, '487.70', 'quincenal', 1, '2022-06-28', b'1'),
(40, 55, '3500.00', '18.00', 6, '898.30', 'quincenal', 1, '2022-05-10', b'1'),
(41, 57, '3500.00', '18.00', 10, '665.00', 'quincenal', 1, '2022-03-17', b'1'),
(42, 59, '2000.00', '17.00', 4, '670.00', 'quincenal', 1, '2022-06-22', b'1'),
(45, 66, '10638.00', '18.00', 20, '1010.60', 'semanal', 1, '2022-07-16', b'1'),
(46, 19, '9395.00', '18.00', 20, '892.50', 'semanal', 1, '2022-07-14', b'1'),
(48, 71, '3500.00', '18.00', 10, '665.00', 'quincenal', 1, '2022-07-16', b'1'),
(49, 73, '6500.00', '18.00', 10, '1235.00', 'quincenal', 1, '2022-04-18', b'1'),
(50, 67, '4170.00', '18.00', 5, '1584.60', 'mensual', 1, '2022-01-05', b'1'),
(51, 74, '3000.00', '18.00', 6, '770.00', 'quincenal', 1, '2022-08-17', b'1'),
(52, 75, '1500.00', '18.00', 4, '510.00', 'quincenal', 1, '2022-05-16', b'0'),
(53, 76, '3500.00', '18.00', 2, '2065.00', 'quincenal', 1, '2022-08-16', b'0'),
(55, 80, '1000.00', '16.00', 2, '580.00', 'quincenal', 1, '2022-08-08', b'1'),
(57, 82, '1500.00', '18.00', 8, '322.50', 'quincenal', 1, '2022-06-07', b'1'),
(58, 84, '1500.00', '18.00', 6, '385.00', 'quincenal', 1, '2022-05-17', b'1'),
(60, 88, '1000.00', '18.00', 2, '590.00', 'quincenal', 1, '2022-07-28', b'1'),
(61, 38, '2280.00', '18.00', 12, '292.60', 'semanal', 1, '2022-04-25', b'1'),
(62, 93, '2000.00', '18.00', 4, '680.00', 'quincenal', 1, '2022-07-22', b'0'),
(63, 95, '1000.00', '18.00', 4, '340.00', 'quincenal', 1, '2022-08-16', b'0'),
(64, 97, '800.00', '16.00', 4, '264.00', 'quincenal', 1, '2022-08-22', b'1'),
(66, 98, '1397.00', '18.00', 4, '475.00', 'quincenal', 1, '2022-07-11', b'1'),
(67, 96, '1542.00', '15.00', 8, '250.60', 'semanal', 1, '2022-07-19', b'1'),
(68, 101, '3749.00', '17.00', 4, '1255.90', 'quincenal', 1, '2022-08-09', b'0'),
(69, 104, '3500.00', '18.00', 12, '449.20', 'semanal', 1, '2022-02-04', b'1'),
(70, 105, '2000.00', '18.00', 12, '256.70', 'semanal', 1, '2022-05-10', b'1'),
(71, 103, '4593.00', '18.00', 8, '987.50', 'quincenal', 1, '2022-07-05', b'1'),
(73, 109, '2000.00', '18.00', 6, '513.30', 'quincenal', 1, '2022-03-17', b'1'),
(74, 111, '3500.00', '18.00', 20, '332.50', 'semanal', 1, '2021-12-27', b'1'),
(75, 123, '4000.00', '18.00', 12, '513.30', 'semanal', 1, '2022-05-10', b'1'),
(76, 9, '2500.00', '18.00', 10, '475.00', 'quincenal', 1, '2022-01-29', b'1'),
(77, 127, '2112.00', '18.00', 8, '359.00', 'semanal', 1, '2022-05-11', b'0'),
(78, 128, '2500.00', '18.00', 8, '537.50', 'quincenal', 1, '2022-06-10', b'1'),
(79, 133, '3000.00', '18.00', 10, '570.00', 'quincenal', 1, '2022-07-26', b'1'),
(80, 135, '3000.00', '18.00', 6, '770.00', 'quincenal', 1, '2022-08-17', b'1'),
(81, 136, '2696.00', '18.00', 6, '692.00', 'quincenal', 1, '2022-08-16', b'1'),
(82, 137, '2000.00', '16.00', 6, '493.30', 'quincenal', 1, '2022-08-05', b'1'),
(84, 139, '10000.00', '15.00', 20, '875.00', 'semanal', 1, '2022-06-08', b'1'),
(85, 142, '3500.00', '18.00', 12, '449.20', 'semanal', 1, '2022-07-13', b'0'),
(87, 153, '2500.00', '18.00', 12, '320.80', 'semanal', 1, '2022-07-20', b'1'),
(88, 157, '3500.00', '18.00', 6, '898.30', 'quincenal', 1, '2022-07-25', b'1'),
(89, 159, '2000.00', '18.00', 6, '513.30', 'quincenal', 1, '2022-07-28', b'1'),
(90, 161, '6000.00', '15.00', 6, '1450.00', 'quincenal', 1, '2022-08-03', b'1'),
(91, 162, '3500.00', '18.00', 6, '898.30', 'quincenal', 1, '2022-08-03', b'1'),
(92, 164, '3500.00', '18.00', 6, '898.30', 'quincenal', 1, '2022-08-13', b'1'),
(93, 166, '3500.00', '18.00', 6, '898.30', 'quincenal', 1, '2022-08-15', b'1'),
(94, 168, '2500.00', '18.00', 6, '641.70', 'quincenal', 1, '2022-08-18', b'1'),
(95, 145, '13000.00', '16.00', 6, '3206.70', 'quincenal', 1, '2022-07-19', b'1'),
(96, 170, '5500.00', '16.00', 6, '1356.70', 'quincenal', 1, '2022-07-22', b'1'),
(98, 175, '7000.00', '16.00', 6, '1726.70', 'quincenal', 1, '2022-08-02', b'1'),
(99, 179, '1000.00', '16.00', 1, '1160.00', 'mensual', 1, '2022-09-10', b'0'),
(100, 180, '500.00', '20.00', 4, '150.00', 'semanal', 1, '2022-09-13', b'0'),
(101, 52, '5000.00', '18.00', 6, '1283.30', 'quincenal', 1, '2022-07-14', b'1'),
(102, 130, '3500.00', '18.00', 4, '1190.00', 'quincenal', 1, '2022-03-26', b'1'),
(103, 110, '3500.00', '18.00', 4, '1190.00', 'quincenal', 1, '2022-02-09', b'1'),
(104, 188, '3881.00', '18.00', 12, '498.10', 'semanal', 1, '2022-03-16', b'1'),
(105, 179, '2000.00', '18.00', 2, '1180.00', 'quincenal', 1, '2022-09-15', b'1'),
(106, 189, '1700.00', '18.00', 8, '289.00', 'semanal', 1, '2022-09-02', b'1'),
(107, 190, '8000.00', '16.00', 6, '1973.30', 'quincenal', 1, '2022-08-05', b'1'),
(108, 198, '8000.00', '16.00', 6, '1973.30', 'quincenal', 1, '2022-06-17', b'0'),
(109, 200, '6000.00', '16.00', 4, '1980.00', 'quincenal', 1, '2022-06-22', b'1'),
(110, 203, '2500.00', '18.00', 6, '641.70', 'quincenal', 1, '2022-08-20', b'1'),
(111, 204, '1000.00', '18.00', 4, '340.00', 'quincenal', 1, '2022-08-20', b'1'),
(113, 212, '10000.00', '16.00', 4, '3300.00', 'quincenal', 1, '2022-07-11', b'0'),
(114, 216, '6000.00', '16.00', 4, '1980.00', 'quincenal', 1, '2022-07-13', b'1'),
(115, 219, '8000.00', '16.00', 6, '1973.30', 'quincenal', 1, '2022-07-23', b'1'),
(116, 231, '8000.00', '16.00', 12, '986.70', 'semanal', 1, '2022-08-05', b'1'),
(117, 107, '7000.00', '16.00', 6, '1726.70', 'quincenal', 1, '2022-08-25', b'1'),
(118, 234, '500.00', '20.00', 4, '150.00', 'semanal', 1, '2022-09-19', b'1'),
(119, 235, '2057.00', '16.00', 20, '185.10', 'semanal', 1, '2022-09-19', b'1'),
(121, 236, '2513.00', '17.00', 6, '632.40', 'quincenal', 1, '2022-09-20', b'1'),
(123, 238, '3500.00', '18.00', 6, '898.30', 'quincenal', 1, '2022-08-23', b'1'),
(124, 240, '2000.00', '18.00', 8, '340.00', 'semanal', 1, '2022-08-22', b'1'),
(125, 158, '2000.00', '18.00', 6, '513.30', 'quincenal', 1, '2022-09-14', b'1'),
(126, 247, '8000.00', '16.00', 6, '1973.30', 'quincenal', 1, '2022-09-20', b'1'),
(127, 24, '2000.00', '18.00', 6, '513.30', 'quincenal', 1, '2022-09-20', b'1'),
(128, 6, '1346.00', '16.00', 16, '138.00', 'semanal', 1, '2022-09-20', b'1'),
(129, 251, '6500.00', '16.00', 6, '1603.30', 'quincenal', 1, '2022-08-16', b'1'),
(130, 255, '6000.00', '16.00', 6, '1480.00', 'quincenal', 1, '2022-08-26', b'1'),
(131, 11, '2400.00', '18.00', 2, '1416.00', 'quincenal', 1, '2022-09-13', b'1'),
(132, 12, '2400.00', '18.00', 2, '1416.00', 'quincenal', 1, '2022-09-13', b'1'),
(133, 42, '1000.00', '18.00', 4, '340.00', 'quincenal', 1, '2022-09-15', b'1'),
(134, 75, '1550.00', '18.00', 8, '263.50', 'semanal', 1, '2022-09-15', b'1'),
(135, 261, '300.00', '20.00', 2, '180.00', 'quincenal', 1, '2022-09-13', b'1'),
(136, 32, '2500.00', '15.00', 4, '812.50', 'quincenal', 1, '2022-09-06', b'1'),
(137, 262, '10000.00', '16.00', 6, '2466.70', 'quincenal', 1, '2022-09-09', b'1'),
(138, 270, '1000.00', '18.00', 4, '340.00', 'quincenal', 1, '2022-04-08', b'1'),
(139, 271, '600.00', '18.00', 2, '354.00', 'quincenal', 1, '2022-08-15', b'0'),
(140, 272, '3965.00', '18.00', 12, '508.80', 'semanal', 1, '2022-03-22', b'1'),
(141, 273, '2500.00', '18.00', 6, '641.70', 'quincenal', 1, '2022-08-23', b'1'),
(142, 278, '7000.00', '16.00', 6, '1726.70', 'quincenal', 1, '2022-09-16', b'1'),
(144, 283, '1675.00', '18.00', 8, '284.80', 'semanal', 1, '2022-01-29', b'1'),
(145, 284, '500.00', '20.00', 4, '150.00', 'semanal', 1, '2022-08-17', b'1'),
(146, 285, '500.00', '20.00', 2, '300.00', 'quincenal', 1, '2022-09-22', b'1'),
(148, 287, '1500.00', '18.00', 6, '385.00', 'quincenal', 1, '2022-08-02', b'1'),
(149, 286, '2000.00', '18.00', 2, '1180.00', 'quincenal', 1, '2022-09-23', b'1'),
(150, 288, '1500.00', '18.00', 4, '510.00', 'quincenal', 1, '2022-09-23', b'1'),
(151, 289, '1500.00', '18.00', 4, '510.00', 'quincenal', 1, '2022-09-23', b'1'),
(155, 298, '14000.00', '16.00', 8, '2310.00', 'semanal', 1, '2022-09-27', b'1'),
(156, 301, '13000.00', '16.00', 6, '3206.70', 'quincenal', 1, '2022-07-16', b'1'),
(157, 308, '1000.00', '18.00', 2, '590.00', 'quincenal', 1, '2022-09-28', b'1'),
(158, 93, '2000.00', '18.00', 2, '1180.00', 'quincenal', 1, '2022-09-23', b'1'),
(160, 309, '300.00', '20.00', 4, '90.00', 'semanal', 1, '2022-10-01', b'1'),
(161, 76, '2065.00', '18.00', 1, '2436.70', 'mensual', 1, '2022-09-15', b'1'),
(162, 27, '1070.00', '18.00', 4, '363.80', 'quincenal', 1, '2022-10-06', b'1'),
(163, 127, '2000.00', '10.00', 6, '533.30', 'mensual', 1, '2022-08-05', b'1'),
(164, 180, '500.00', '20.00', 4, '150.00', 'semanal', 1, '2022-10-07', b'1'),
(165, 296, '1500.00', '14.00', 2, '855.00', 'quincenal', 1, '2022-10-11', b'1');

-- --------------------------------------------------------

--
-- Estructura de tabla para la tabla `loan_items`
--

CREATE TABLE `loan_items` (
  `id` bigint(20) NOT NULL,
  `loan_id` int(11) NOT NULL,
  `date` date NOT NULL,
  `num_quota` int(11) NOT NULL,
  `fee_amount` decimal(25,2) NOT NULL,
  `pay_date` timestamp NOT NULL DEFAULT current_timestamp() ON UPDATE current_timestamp(),
  `status` bit(1) NOT NULL DEFAULT b'1'
) ENGINE=InnoDB DEFAULT CHARSET=utf8 COLLATE=utf8_spanish2_ci;

--
-- Volcado de datos para la tabla `loan_items`
--

INSERT INTO `loan_items` (`id`, `loan_id`, `date`, `num_quota`, `fee_amount`, `pay_date`, `status`) VALUES
(5, 2, '2022-08-26', 1, '340.00', '2022-10-17 22:47:42', b'0'),
(6, 2, '2022-09-10', 2, '340.00', '2022-10-17 22:47:42', b'0'),
(7, 2, '2022-09-27', 3, '340.00', '2022-08-31 19:31:44', b'1'),
(8, 2, '2022-10-10', 4, '340.00', '2022-08-31 19:31:44', b'1'),
(9, 3, '2022-07-30', 1, '256.70', '2022-09-02 15:40:35', b'0'),
(10, 3, '2022-08-06', 2, '256.70', '2022-09-02 15:40:35', b'0'),
(11, 3, '2022-08-13', 3, '256.70', '2022-09-26 13:21:15', b'0'),
(12, 3, '2022-08-20', 4, '256.70', '2022-10-09 02:19:15', b'0'),
(13, 3, '2022-08-27', 5, '256.70', '2022-10-09 02:19:15', b'0'),
(14, 3, '2022-09-03', 6, '256.70', '2022-10-09 02:19:15', b'0'),
(15, 3, '2022-09-10', 7, '256.70', '2022-10-09 02:19:15', b'0'),
(16, 3, '2022-09-17', 8, '256.70', '2022-10-09 02:19:15', b'0'),
(17, 3, '2022-09-24', 9, '256.70', '2022-10-09 02:19:15', b'0'),
(18, 3, '2022-10-01', 10, '256.70', '2022-10-18 00:00:23', b'0'),
(19, 3, '2022-10-08', 11, '256.70', '2022-10-18 01:27:46', b'0'),
(20, 3, '2022-10-15', 12, '256.70', '2022-10-18 01:28:53', b'0'),
(21, 4, '2022-08-02', 1, '462.00', '2022-09-14 14:35:21', b'0'),
(22, 4, '2022-08-15', 2, '462.00', '2022-09-14 14:35:21', b'0'),
(23, 4, '2022-08-30', 3, '462.00', '2022-09-22 21:24:22', b'0'),
(24, 4, '2022-09-14', 4, '462.00', '2022-08-31 20:12:47', b'1'),
(25, 4, '2022-09-29', 5, '462.00', '2022-08-31 20:12:47', b'1'),
(26, 4, '2022-10-14', 6, '462.00', '2022-08-31 20:12:47', b'1'),
(27, 5, '2022-05-31', 1, '510.00', '2022-09-02 15:41:41', b'0'),
(28, 5, '2022-06-15', 2, '510.00', '2022-09-02 15:41:41', b'0'),
(29, 5, '2022-06-30', 3, '510.00', '2022-09-20 21:31:13', b'0'),
(30, 5, '2022-07-15', 4, '510.00', '2022-09-20 21:31:13', b'0'),
(31, 6, '2022-08-31', 1, '256.70', '2022-09-14 14:32:57', b'0'),
(32, 6, '2022-09-15', 2, '256.70', '2022-09-21 20:45:31', b'0'),
(33, 6, '2022-09-30', 3, '256.70', '2022-08-31 20:16:55', b'1'),
(34, 6, '2022-10-15', 4, '256.70', '2022-08-31 20:16:55', b'1'),
(35, 6, '2022-11-01', 5, '256.70', '2022-08-31 20:16:55', b'1'),
(36, 6, '2022-11-14', 6, '256.70', '2022-08-31 20:16:55', b'1'),
(45, 8, '2022-07-29', 1, '850.00', '2022-09-14 14:36:19', b'0'),
(46, 8, '2022-08-13', 2, '850.00', '2022-09-20 22:06:34', b'0'),
(47, 8, '2022-08-30', 3, '850.00', '2022-09-20 22:06:34', b'0'),
(48, 8, '2022-09-12', 4, '850.00', '2022-09-20 22:06:34', b'0'),
(49, 9, '2022-07-29', 1, '850.00', '2022-09-14 14:36:35', b'0'),
(50, 9, '2022-08-13', 2, '850.00', '2022-09-20 22:06:50', b'0'),
(51, 9, '2022-08-30', 3, '850.00', '2022-09-20 22:06:50', b'0'),
(52, 9, '2022-09-12', 4, '850.00', '2022-09-20 22:06:50', b'0'),
(53, 10, '2022-03-03', 1, '950.00', '2022-09-15 13:48:20', b'0'),
(54, 10, '2022-03-18', 2, '950.00', '2022-09-15 13:48:20', b'0'),
(55, 10, '2022-04-02', 3, '950.00', '2022-09-15 13:48:20', b'0'),
(56, 10, '2022-04-19', 4, '950.00', '2022-09-15 13:48:20', b'0'),
(57, 10, '2022-05-02', 5, '950.00', '2022-08-31 20:34:21', b'1'),
(58, 10, '2022-05-17', 6, '950.00', '2022-08-31 20:34:21', b'1'),
(59, 10, '2022-06-01', 7, '950.00', '2022-08-31 20:34:21', b'1'),
(60, 10, '2022-06-16', 8, '950.00', '2022-08-31 20:34:21', b'1'),
(61, 10, '2022-07-01', 9, '950.00', '2022-08-31 20:34:21', b'1'),
(62, 10, '2022-07-16', 10, '950.00', '2022-08-31 20:34:21', b'1'),
(63, 11, '2022-09-08', 1, '680.00', '2022-08-31 20:35:46', b'1'),
(64, 11, '2022-09-23', 2, '680.00', '2022-08-31 20:35:46', b'1'),
(65, 11, '2022-10-08', 3, '680.00', '2022-08-31 20:35:46', b'1'),
(66, 11, '2022-10-25', 4, '680.00', '2022-08-31 20:35:46', b'1'),
(67, 12, '2022-08-31', 1, '370.00', '2022-09-02 15:44:11', b'0'),
(68, 12, '2022-09-15', 2, '370.00', '2022-09-19 20:30:40', b'0'),
(69, 12, '2022-09-30', 3, '370.00', '2022-09-30 13:56:39', b'0'),
(70, 12, '2022-10-15', 4, '370.00', '2022-08-31 20:38:59', b'1'),
(71, 12, '2022-11-01', 5, '370.00', '2022-08-31 20:38:59', b'1'),
(72, 12, '2022-11-14', 6, '370.00', '2022-08-31 20:38:59', b'1'),
(73, 13, '2022-09-09', 1, '510.00', '2022-09-14 15:37:33', b'0'),
(74, 13, '2022-09-24', 2, '510.00', '2022-09-20 20:38:06', b'0'),
(75, 13, '2022-10-11', 3, '510.00', '2022-09-20 20:38:06', b'0'),
(76, 13, '2022-10-24', 4, '510.00', '2022-09-20 20:38:06', b'0'),
(77, 14, '2022-08-23', 1, '255.00', '2022-09-02 15:44:41', b'0'),
(78, 14, '2022-08-30', 2, '255.00', '2022-09-14 15:38:02', b'0'),
(79, 14, '2022-09-06', 3, '255.00', '2022-09-21 14:08:56', b'0'),
(80, 14, '2022-09-13', 4, '255.00', '2022-09-21 14:08:56', b'0'),
(81, 14, '2022-09-20', 5, '255.00', '2022-09-22 20:44:09', b'0'),
(82, 14, '2022-09-27', 6, '255.00', '2022-09-28 22:36:25', b'0'),
(83, 14, '2022-10-04', 7, '255.00', '2022-10-06 20:13:49', b'0'),
(84, 14, '2022-10-11', 8, '255.00', '2022-10-06 20:13:49', b'0'),
(85, 15, '2022-05-28', 1, '269.00', '2022-09-02 15:48:22', b'0'),
(86, 15, '2022-06-04', 2, '269.00', '2022-09-02 15:48:22', b'0'),
(87, 15, '2022-06-11', 3, '269.00', '2022-09-02 15:48:22', b'0'),
(88, 15, '2022-06-18', 4, '269.00', '2022-09-02 15:48:22', b'0'),
(89, 15, '2022-06-25', 5, '269.00', '2022-09-14 15:41:07', b'0'),
(90, 15, '2022-07-02', 6, '269.00', '2022-08-31 20:59:23', b'1'),
(91, 15, '2022-07-09', 7, '269.00', '2022-08-31 20:59:23', b'1'),
(92, 15, '2022-07-16', 8, '269.00', '2022-08-31 20:59:23', b'1'),
(93, 15, '2022-07-23', 9, '269.00', '2022-08-31 20:59:23', b'1'),
(94, 15, '2022-07-30', 10, '269.00', '2022-08-31 20:59:23', b'1'),
(95, 15, '2022-08-06', 11, '269.00', '2022-08-31 20:59:23', b'1'),
(96, 15, '2022-08-13', 12, '269.00', '2022-08-31 20:59:23', b'1'),
(103, 18, '2022-05-03', 1, '850.00', '2022-09-02 15:50:36', b'0'),
(104, 18, '2022-05-16', 2, '850.00', '2022-08-31 21:39:29', b'1'),
(105, 18, '2022-05-31', 3, '850.00', '2022-08-31 21:39:29', b'1'),
(106, 18, '2022-06-15', 4, '850.00', '2022-08-31 21:39:29', b'1'),
(107, 19, '2022-08-06', 1, '580.00', '2022-09-21 14:32:36', b'0'),
(108, 19, '2022-08-23', 2, '580.00', '2022-09-21 14:32:36', b'0'),
(117, 21, '2022-08-16', 1, '2053.30', '2022-09-21 14:38:24', b'0'),
(118, 21, '2022-09-14', 2, '2053.30', '2022-09-21 14:38:24', b'0'),
(119, 21, '2022-10-14', 3, '2053.30', '2022-09-21 14:38:24', b'0'),
(120, 22, '2022-08-05', 1, '670.00', '2022-08-31 22:18:17', b'1'),
(121, 22, '2022-08-20', 2, '670.00', '2022-08-31 22:18:17', b'1'),
(122, 22, '2022-09-06', 3, '670.00', '2022-08-31 22:18:17', b'1'),
(123, 22, '2022-09-19', 4, '670.00', '2022-08-31 22:18:17', b'1'),
(130, 24, '2022-09-06', 1, '680.00', '2022-08-31 22:32:23', b'1'),
(131, 24, '2022-09-21', 2, '680.00', '2022-08-31 22:32:23', b'1'),
(132, 24, '2022-10-06', 3, '680.00', '2022-08-31 22:32:23', b'1'),
(133, 24, '2022-10-21', 4, '680.00', '2022-08-31 22:32:23', b'1'),
(134, 25, '2022-05-13', 1, '442.70', '2022-09-21 19:30:45', b'0'),
(135, 25, '2022-05-28', 2, '442.70', '2022-09-21 19:30:45', b'0'),
(136, 25, '2022-06-14', 3, '442.70', '2022-09-21 19:30:45', b'0'),
(137, 25, '2022-06-27', 4, '442.70', '2022-09-21 19:30:45', b'0'),
(138, 26, '2022-07-05', 1, '120.80', '2022-09-14 14:38:26', b'0'),
(139, 26, '2022-07-18', 2, '120.80', '2022-09-01 13:15:31', b'1'),
(140, 26, '2022-08-02', 3, '120.80', '2022-09-01 13:15:31', b'1'),
(141, 26, '2022-08-17', 4, '120.80', '2022-09-01 13:15:31', b'1'),
(142, 26, '2022-09-01', 5, '120.80', '2022-09-01 13:15:31', b'1'),
(143, 26, '2022-09-16', 6, '120.80', '2022-09-01 13:15:31', b'1'),
(144, 27, '2022-06-01', 1, '385.00', '2022-09-14 14:39:22', b'0'),
(145, 27, '2022-06-16', 2, '385.00', '2022-09-14 14:39:22', b'0'),
(146, 27, '2022-07-01', 3, '385.00', '2022-09-14 14:39:22', b'0'),
(147, 27, '2022-07-16', 4, '385.00', '2022-09-20 22:22:00', b'0'),
(148, 27, '2022-08-02', 5, '385.00', '2022-09-20 22:22:00', b'0'),
(149, 27, '2022-08-15', 6, '385.00', '2022-09-20 22:22:00', b'0'),
(152, 29, '2022-08-09', 1, '385.00', '2022-09-14 15:45:41', b'0'),
(153, 29, '2022-08-24', 2, '385.00', '2022-10-09 02:17:39', b'0'),
(154, 29, '2022-09-08', 3, '385.00', '2022-10-09 02:17:39', b'0'),
(155, 29, '2022-09-23', 4, '385.00', '2022-10-09 02:17:39', b'0'),
(156, 29, '2022-10-08', 5, '385.00', '2022-09-01 13:28:58', b'1'),
(157, 29, '2022-10-25', 6, '385.00', '2022-09-01 13:28:58', b'1'),
(166, 31, '2022-02-23', 1, '665.00', '2022-09-14 14:41:46', b'0'),
(167, 31, '2022-03-10', 2, '665.00', '2022-09-14 14:41:46', b'0'),
(168, 31, '2022-03-25', 3, '665.00', '2022-09-14 14:41:46', b'0'),
(169, 31, '2022-04-09', 4, '665.00', '2022-09-14 14:41:46', b'0'),
(170, 31, '2022-04-26', 5, '665.00', '2022-09-14 14:41:46', b'0'),
(171, 31, '2022-05-09', 6, '665.00', '2022-09-20 22:29:32', b'0'),
(172, 31, '2022-05-24', 7, '665.00', '2022-09-20 22:29:32', b'0'),
(173, 31, '2022-06-08', 8, '665.00', '2022-09-20 22:29:32', b'0'),
(174, 31, '2022-06-23', 9, '665.00', '2022-09-20 22:29:32', b'0'),
(175, 31, '2022-07-08', 10, '665.00', '2022-09-01 13:38:58', b'1'),
(176, 32, '2022-06-28', 1, '952.20', '2022-09-01 14:01:52', b'1'),
(177, 32, '2022-07-13', 2, '952.20', '2022-09-01 14:01:52', b'1'),
(178, 32, '2022-07-28', 3, '952.20', '2022-09-01 14:01:52', b'1'),
(179, 32, '2022-08-12', 4, '952.20', '2022-09-01 14:01:52', b'1'),
(180, 32, '2022-08-27', 5, '952.20', '2022-09-01 14:01:52', b'1'),
(181, 32, '2022-09-13', 6, '952.20', '2022-09-01 14:01:52', b'1'),
(182, 33, '2022-05-20', 1, '700.00', '2022-09-15 14:04:24', b'0'),
(183, 33, '2022-06-04', 2, '700.00', '2022-09-15 14:04:24', b'0'),
(184, 33, '2022-06-21', 3, '700.00', '2022-09-15 14:04:24', b'0'),
(185, 33, '2022-07-04', 4, '700.00', '2022-10-04 21:44:19', b'0'),
(186, 33, '2022-07-19', 5, '700.00', '2022-10-06 21:57:48', b'0'),
(187, 33, '2022-08-03', 6, '700.00', '2022-10-06 22:10:16', b'0'),
(188, 33, '2022-08-18', 7, '700.00', '2022-10-06 22:10:16', b'0'),
(189, 33, '2022-09-02', 8, '700.00', '2022-10-06 22:10:16', b'0'),
(190, 33, '2022-09-17', 9, '700.00', '2022-10-06 22:10:16', b'0'),
(191, 33, '2022-10-04', 10, '700.00', '2022-10-06 22:10:16', b'0'),
(192, 34, '2022-08-18', 1, '1283.30', '2022-09-15 14:05:44', b'0'),
(193, 34, '2022-09-02', 2, '1283.30', '2022-09-15 14:05:44', b'0'),
(194, 34, '2022-09-17', 3, '1283.30', '2022-09-19 12:56:05', b'0'),
(195, 34, '2022-10-04', 4, '1283.30', '2022-10-04 13:26:25', b'0'),
(196, 34, '2022-10-17', 5, '1283.30', '2022-09-01 14:11:59', b'1'),
(197, 34, '2022-11-01', 6, '1283.30', '2022-09-01 14:11:59', b'1'),
(198, 35, '2022-05-06', 1, '770.00', '2022-09-15 14:07:49', b'0'),
(199, 35, '2022-05-21', 2, '770.00', '2022-09-15 14:07:49', b'0'),
(200, 35, '2022-06-07', 3, '770.00', '2022-09-15 14:07:49', b'0'),
(201, 35, '2022-06-20', 4, '770.00', '2022-10-04 21:42:37', b'0'),
(202, 35, '2022-07-05', 5, '770.00', '2022-09-01 14:15:42', b'1'),
(203, 35, '2022-07-20', 6, '770.00', '2022-09-01 14:15:42', b'1'),
(204, 36, '2022-07-28', 1, '340.00', '2022-09-14 15:46:32', b'0'),
(205, 36, '2022-08-04', 2, '340.00', '2022-09-14 15:46:32', b'0'),
(206, 36, '2022-08-11', 3, '340.00', '2022-09-14 15:46:32', b'0'),
(207, 36, '2022-08-18', 4, '340.00', '2022-09-21 21:19:48', b'0'),
(208, 36, '2022-08-25', 5, '340.00', '2022-09-26 15:08:29', b'0'),
(209, 36, '2022-09-01', 6, '340.00', '2022-09-29 13:47:41', b'0'),
(210, 36, '2022-09-08', 7, '340.00', '2022-09-01 14:18:16', b'1'),
(211, 36, '2022-09-15', 8, '340.00', '2022-09-01 14:18:16', b'1'),
(212, 37, '2022-07-07', 1, '468.70', '2022-09-20 22:32:39', b'0'),
(213, 37, '2022-07-22', 2, '468.70', '2022-09-01 14:23:47', b'1'),
(214, 37, '2022-08-06', 3, '468.70', '2022-09-01 14:23:47', b'1'),
(215, 37, '2022-08-23', 4, '468.70', '2022-09-01 14:23:47', b'1'),
(216, 37, '2022-09-05', 5, '468.70', '2022-09-01 14:23:47', b'1'),
(217, 37, '2022-09-20', 6, '468.70', '2022-09-01 14:23:47', b'1'),
(218, 38, '2022-07-13', 1, '487.70', '2022-09-14 14:42:31', b'0'),
(219, 38, '2022-07-28', 2, '487.70', '2022-09-20 22:33:27', b'0'),
(220, 38, '2022-08-12', 3, '487.70', '2022-09-01 14:42:40', b'1'),
(221, 38, '2022-08-27', 4, '487.70', '2022-09-01 14:42:40', b'1'),
(222, 38, '2022-09-13', 5, '487.70', '2022-09-01 14:42:40', b'1'),
(223, 38, '2022-09-26', 6, '487.70', '2022-09-01 14:42:40', b'1'),
(226, 40, '2022-05-25', 1, '898.30', '2022-09-15 15:56:48', b'0'),
(227, 40, '2022-06-09', 2, '898.30', '2022-09-01 14:46:50', b'1'),
(228, 40, '2022-06-24', 3, '898.30', '2022-09-01 14:46:50', b'1'),
(229, 40, '2022-07-09', 4, '898.30', '2022-09-01 14:46:50', b'1'),
(230, 40, '2022-07-26', 5, '898.30', '2022-09-01 14:46:50', b'1'),
(231, 40, '2022-08-08', 6, '898.30', '2022-09-01 14:46:50', b'1'),
(232, 41, '2022-04-01', 1, '665.00', '2022-09-15 15:57:55', b'0'),
(233, 41, '2022-04-16', 2, '665.00', '2022-09-15 15:57:55', b'0'),
(234, 41, '2022-05-03', 3, '665.00', '2022-09-01 14:57:14', b'1'),
(235, 41, '2022-05-16', 4, '665.00', '2022-09-01 14:57:14', b'1'),
(236, 41, '2022-05-31', 5, '665.00', '2022-09-01 14:57:14', b'1'),
(237, 41, '2022-06-15', 6, '665.00', '2022-09-01 14:57:14', b'1'),
(238, 41, '2022-06-30', 7, '665.00', '2022-09-01 14:57:14', b'1'),
(239, 41, '2022-07-15', 8, '665.00', '2022-09-01 14:57:14', b'1'),
(240, 41, '2022-07-30', 9, '665.00', '2022-09-01 14:57:14', b'1'),
(241, 41, '2022-08-16', 10, '665.00', '2022-09-01 14:57:14', b'1'),
(242, 42, '2022-07-07', 1, '670.00', '2022-09-01 15:00:03', b'1'),
(243, 42, '2022-07-22', 2, '670.00', '2022-09-01 15:00:03', b'1'),
(244, 42, '2022-08-06', 3, '670.00', '2022-09-01 15:00:03', b'1'),
(245, 42, '2022-08-23', 4, '670.00', '2022-09-01 15:00:03', b'1'),
(262, 45, '2022-07-23', 1, '1010.60', '2022-09-15 16:10:53', b'0'),
(263, 45, '2022-07-30', 2, '1010.60', '2022-09-01 15:20:04', b'1'),
(264, 45, '2022-08-06', 3, '1010.60', '2022-09-01 15:20:04', b'1'),
(265, 45, '2022-08-13', 4, '1010.60', '2022-09-01 15:20:04', b'1'),
(266, 45, '2022-08-20', 5, '1010.60', '2022-09-01 15:20:04', b'1'),
(267, 45, '2022-08-27', 6, '1010.60', '2022-09-01 15:20:04', b'1'),
(268, 45, '2022-09-03', 7, '1010.60', '2022-09-01 15:20:04', b'1'),
(269, 45, '2022-09-10', 8, '1010.60', '2022-09-01 15:20:04', b'1'),
(270, 45, '2022-09-17', 9, '1010.60', '2022-09-01 15:20:04', b'1'),
(271, 45, '2022-09-24', 10, '1010.60', '2022-09-01 15:20:04', b'1'),
(272, 45, '2022-10-01', 11, '1010.60', '2022-09-01 15:20:04', b'1'),
(273, 45, '2022-10-08', 12, '1010.60', '2022-09-01 15:20:04', b'1'),
(274, 45, '2022-10-15', 13, '1010.60', '2022-09-01 15:20:04', b'1'),
(275, 45, '2022-10-22', 14, '1010.60', '2022-09-01 15:20:04', b'1'),
(276, 45, '2022-10-29', 15, '1010.60', '2022-09-01 15:20:04', b'1'),
(277, 45, '2022-11-05', 16, '1010.60', '2022-09-01 15:20:04', b'1'),
(278, 45, '2022-11-12', 17, '1010.60', '2022-09-01 15:20:04', b'1'),
(279, 45, '2022-11-19', 18, '1010.60', '2022-09-01 15:20:04', b'1'),
(280, 45, '2022-11-26', 19, '1010.60', '2022-09-01 15:20:04', b'1'),
(281, 45, '2022-12-03', 20, '1010.60', '2022-09-01 15:20:04', b'1'),
(282, 46, '2022-07-21', 1, '892.50', '2022-09-01 15:23:26', b'1'),
(283, 46, '2022-07-28', 2, '892.50', '2022-09-01 15:23:26', b'1'),
(284, 46, '2022-08-04', 3, '892.50', '2022-09-01 15:23:26', b'1'),
(285, 46, '2022-08-11', 4, '892.50', '2022-09-01 15:23:26', b'1'),
(286, 46, '2022-08-18', 5, '892.50', '2022-09-01 15:23:26', b'1'),
(287, 46, '2022-08-25', 6, '892.50', '2022-09-01 15:23:26', b'1'),
(288, 46, '2022-09-01', 7, '892.50', '2022-09-01 15:23:26', b'1'),
(289, 46, '2022-09-08', 8, '892.50', '2022-09-01 15:23:26', b'1'),
(290, 46, '2022-09-15', 9, '892.50', '2022-09-01 15:23:26', b'1'),
(291, 46, '2022-09-22', 10, '892.50', '2022-09-01 15:23:26', b'1'),
(292, 46, '2022-09-29', 11, '892.50', '2022-09-01 15:23:26', b'1'),
(293, 46, '2022-10-06', 12, '892.50', '2022-09-01 15:23:26', b'1'),
(294, 46, '2022-10-13', 13, '892.50', '2022-09-01 15:23:26', b'1'),
(295, 46, '2022-10-20', 14, '892.50', '2022-09-01 15:23:26', b'1'),
(296, 46, '2022-10-27', 15, '892.50', '2022-09-01 15:23:26', b'1'),
(297, 46, '2022-11-03', 16, '892.50', '2022-09-01 15:23:26', b'1'),
(298, 46, '2022-11-10', 17, '892.50', '2022-09-01 15:23:26', b'1'),
(299, 46, '2022-11-17', 18, '892.50', '2022-09-01 15:23:26', b'1'),
(300, 46, '2022-11-24', 19, '892.50', '2022-09-01 15:23:26', b'1'),
(301, 46, '2022-12-01', 20, '892.50', '2022-09-01 15:23:26', b'1'),
(310, 48, '2022-08-02', 1, '665.00', '2022-09-15 20:26:56', b'0'),
(311, 48, '2022-08-15', 2, '665.00', '2022-09-15 20:26:56', b'0'),
(312, 48, '2022-08-30', 3, '665.00', '2022-10-01 15:08:01', b'0'),
(313, 48, '2022-09-14', 4, '665.00', '2022-10-01 15:08:01', b'0'),
(314, 48, '2022-09-29', 5, '665.00', '2022-09-01 15:41:35', b'1'),
(315, 48, '2022-10-14', 6, '665.00', '2022-09-01 15:41:35', b'1'),
(316, 48, '2022-10-29', 7, '665.00', '2022-09-01 15:41:35', b'1'),
(317, 48, '2022-11-15', 8, '665.00', '2022-09-01 15:41:35', b'1'),
(318, 48, '2022-11-28', 9, '665.00', '2022-09-01 15:41:35', b'1'),
(319, 48, '2022-12-13', 10, '665.00', '2022-09-01 15:41:35', b'1'),
(320, 49, '2022-05-03', 1, '1235.00', '2022-09-01 15:47:28', b'1'),
(321, 49, '2022-05-18', 2, '1235.00', '2022-09-01 15:47:28', b'1'),
(322, 49, '2022-06-02', 3, '1235.00', '2022-09-01 15:47:28', b'1'),
(323, 49, '2022-06-17', 4, '1235.00', '2022-09-01 15:47:28', b'1'),
(324, 49, '2022-07-02', 5, '1235.00', '2022-09-01 15:47:28', b'1'),
(325, 49, '2022-07-19', 6, '1235.00', '2022-09-01 15:47:28', b'1'),
(326, 49, '2022-08-01', 7, '1235.00', '2022-09-01 15:47:28', b'1'),
(327, 49, '2022-08-16', 8, '1235.00', '2022-09-01 15:47:28', b'1'),
(328, 49, '2022-08-31', 9, '1235.00', '2022-09-01 15:47:28', b'1'),
(329, 49, '2022-09-15', 10, '1235.00', '2022-09-01 15:47:28', b'1'),
(330, 50, '2022-02-05', 1, '1584.60', '2022-09-14 14:45:48', b'0'),
(331, 50, '2022-03-05', 2, '1584.60', '2022-09-01 15:47:37', b'1'),
(332, 50, '2022-04-05', 3, '1584.60', '2022-09-01 15:47:37', b'1'),
(333, 50, '2022-05-05', 4, '1584.60', '2022-09-01 15:47:37', b'1'),
(334, 50, '2022-06-07', 5, '1584.60', '2022-09-01 15:47:37', b'1'),
(335, 51, '2022-09-01', 1, '770.00', '2022-09-15 20:27:31', b'0'),
(336, 51, '2022-09-16', 2, '770.00', '2022-10-06 19:40:41', b'0'),
(337, 51, '2022-10-01', 3, '770.00', '2022-09-01 15:51:40', b'1'),
(338, 51, '2022-10-18', 4, '770.00', '2022-09-01 15:51:40', b'1'),
(339, 51, '2022-10-31', 5, '770.00', '2022-09-01 15:51:40', b'1'),
(340, 51, '2022-11-15', 6, '770.00', '2022-09-01 15:51:40', b'1'),
(341, 52, '2022-05-31', 1, '510.00', '2022-09-14 15:01:46', b'0'),
(342, 52, '2022-06-15', 2, '510.00', '2022-09-21 13:29:10', b'0'),
(343, 52, '2022-06-30', 3, '510.00', '2022-09-21 13:29:10', b'0'),
(344, 52, '2022-07-15', 4, '510.00', '2022-09-21 13:29:10', b'0'),
(345, 53, '2022-08-31', 1, '2065.00', '2022-09-27 22:19:03', b'0'),
(346, 53, '2022-09-15', 2, '2065.00', '2022-10-05 21:09:16', b'0'),
(353, 55, '2022-08-23', 1, '580.00', '2022-09-01 19:18:50', b'1'),
(354, 55, '2022-09-07', 2, '580.00', '2022-09-01 19:18:50', b'1'),
(361, 57, '2022-06-22', 1, '322.50', '2022-09-14 15:21:25', b'0'),
(362, 57, '2022-07-07', 2, '322.50', '2022-09-14 15:21:25', b'0'),
(363, 57, '2022-07-22', 3, '322.50', '2022-09-14 15:21:25', b'0'),
(364, 57, '2022-08-06', 4, '322.50', '2022-09-14 15:21:25', b'0'),
(365, 57, '2022-08-23', 5, '322.50', '2022-09-14 15:21:25', b'0'),
(366, 57, '2022-09-05', 6, '322.50', '2022-09-14 15:21:25', b'0'),
(367, 57, '2022-09-20', 7, '322.50', '2022-09-26 15:02:11', b'0'),
(368, 57, '2022-10-05', 8, '322.50', '2022-09-01 19:32:52', b'1'),
(369, 58, '2022-06-01', 1, '385.00', '2022-09-14 15:22:51', b'0'),
(370, 58, '2022-06-16', 2, '385.00', '2022-09-01 19:42:18', b'1'),
(371, 58, '2022-07-01', 3, '385.00', '2022-09-01 19:42:18', b'1'),
(372, 58, '2022-07-16', 4, '385.00', '2022-09-01 19:42:18', b'1'),
(373, 58, '2022-08-02', 5, '385.00', '2022-09-01 19:42:18', b'1'),
(374, 58, '2022-08-15', 6, '385.00', '2022-09-01 19:42:18', b'1'),
(387, 60, '2022-08-12', 1, '590.00', '2022-09-14 15:23:13', b'0'),
(388, 60, '2022-08-27', 2, '590.00', '2022-09-01 19:47:33', b'1'),
(389, 61, '2022-05-02', 1, '292.60', '2022-09-14 16:06:21', b'0'),
(390, 61, '2022-05-09', 2, '292.60', '2022-09-14 16:06:21', b'0'),
(391, 61, '2022-05-16', 3, '292.60', '2022-09-14 16:06:21', b'0'),
(392, 61, '2022-05-23', 4, '292.60', '2022-09-01 19:54:00', b'1'),
(393, 61, '2022-05-30', 5, '292.60', '2022-09-01 19:54:00', b'1'),
(394, 61, '2022-06-06', 6, '292.60', '2022-09-01 19:54:00', b'1'),
(395, 61, '2022-06-13', 7, '292.60', '2022-09-01 19:54:00', b'1'),
(396, 61, '2022-06-20', 8, '292.60', '2022-09-01 19:54:00', b'1'),
(397, 61, '2022-06-27', 9, '292.60', '2022-09-01 19:54:00', b'1'),
(398, 61, '2022-07-04', 10, '292.60', '2022-09-01 19:54:00', b'1'),
(399, 61, '2022-07-11', 11, '292.60', '2022-09-01 19:54:00', b'1'),
(400, 61, '2022-07-18', 12, '292.60', '2022-09-01 19:54:00', b'1'),
(401, 62, '2022-08-06', 1, '680.00', '2022-09-15 19:32:30', b'0'),
(402, 62, '2022-08-23', 2, '680.00', '2022-09-29 13:46:55', b'0'),
(403, 62, '2022-09-05', 3, '680.00', '2022-09-29 13:46:55', b'0'),
(404, 62, '2022-09-20', 4, '680.00', '2022-09-29 13:46:55', b'0'),
(405, 63, '2022-08-31', 1, '340.00', '2022-09-24 16:36:42', b'0'),
(406, 63, '2022-09-15', 2, '340.00', '2022-09-24 16:36:42', b'0'),
(407, 63, '2022-09-30', 3, '340.00', '2022-09-24 16:36:42', b'0'),
(408, 63, '2022-10-15', 4, '340.00', '2022-09-24 16:36:42', b'0'),
(409, 64, '2022-09-06', 1, '264.00', '2022-09-14 15:24:08', b'0'),
(410, 64, '2022-09-21', 2, '264.00', '2022-09-27 15:31:56', b'0'),
(411, 64, '2022-10-06', 3, '264.00', '2022-09-01 20:12:15', b'1'),
(412, 64, '2022-10-21', 4, '264.00', '2022-09-01 20:12:15', b'1'),
(417, 66, '2022-07-26', 1, '475.00', '2022-09-01 20:22:49', b'1'),
(418, 66, '2022-08-10', 2, '475.00', '2022-09-01 20:22:49', b'1'),
(419, 66, '2022-08-25', 3, '475.00', '2022-09-01 20:22:49', b'1'),
(420, 66, '2022-09-09', 4, '475.00', '2022-09-01 20:22:49', b'1'),
(421, 67, '2022-07-26', 1, '250.60', '2022-09-01 20:24:41', b'0'),
(422, 67, '2022-08-02', 2, '250.60', '2022-09-01 20:25:08', b'0'),
(423, 67, '2022-08-09', 3, '250.60', '2022-09-01 20:25:30', b'0'),
(424, 67, '2022-08-16', 4, '250.60', '2022-09-01 20:22:54', b'1'),
(425, 67, '2022-08-23', 5, '250.60', '2022-09-01 20:22:54', b'1'),
(426, 67, '2022-08-30', 6, '250.60', '2022-09-01 20:22:54', b'1'),
(427, 67, '2022-09-06', 7, '250.60', '2022-09-01 20:22:54', b'1'),
(428, 67, '2022-09-13', 8, '250.60', '2022-09-01 20:22:54', b'1'),
(429, 68, '2022-08-24', 1, '1255.90', '2022-09-22 19:58:03', b'0'),
(430, 68, '2022-09-08', 2, '1255.90', '2022-09-22 19:58:03', b'0'),
(431, 68, '2022-09-23', 3, '1255.90', '2022-09-22 19:58:03', b'0'),
(432, 68, '2022-10-08', 4, '1255.90', '2022-09-22 19:58:03', b'0'),
(433, 69, '2022-02-11', 1, '449.20', '2022-09-01 20:30:37', b'0'),
(434, 69, '2022-02-18', 2, '449.20', '2022-09-01 20:30:51', b'0'),
(435, 69, '2022-02-25', 3, '449.20', '2022-09-01 20:31:10', b'0'),
(436, 69, '2022-03-04', 4, '449.20', '2022-09-01 20:31:22', b'0'),
(437, 69, '2022-03-11', 5, '449.20', '2022-09-01 20:31:35', b'0'),
(438, 69, '2022-03-18', 6, '449.20', '2022-09-01 20:32:01', b'0'),
(439, 69, '2022-03-25', 7, '449.20', '2022-09-01 20:32:19', b'0'),
(440, 69, '2022-04-01', 8, '449.20', '2022-09-01 20:30:03', b'1'),
(441, 69, '2022-04-08', 9, '449.20', '2022-09-01 20:30:03', b'1'),
(442, 69, '2022-04-15', 10, '449.20', '2022-09-01 20:30:03', b'1'),
(443, 69, '2022-04-22', 11, '449.20', '2022-09-01 20:30:03', b'1'),
(444, 69, '2022-04-29', 12, '449.20', '2022-09-01 20:30:03', b'1'),
(445, 70, '2022-05-17', 1, '256.70', '2022-09-01 20:39:05', b'0'),
(446, 70, '2022-05-24', 2, '256.70', '2022-09-01 20:39:17', b'0'),
(447, 70, '2022-05-31', 3, '256.70', '2022-09-01 20:39:27', b'0'),
(448, 70, '2022-06-07', 4, '256.70', '2022-09-01 20:39:40', b'0'),
(449, 70, '2022-06-14', 5, '256.70', '2022-09-01 20:40:22', b'0'),
(450, 70, '2022-06-21', 6, '256.70', '2022-09-01 20:40:34', b'0'),
(451, 70, '2022-06-28', 7, '256.70', '2022-09-01 20:38:28', b'1'),
(452, 70, '2022-07-05', 8, '256.70', '2022-09-01 20:38:28', b'1'),
(453, 70, '2022-07-12', 9, '256.70', '2022-09-01 20:38:28', b'1'),
(454, 70, '2022-07-19', 10, '256.70', '2022-09-01 20:38:28', b'1'),
(455, 70, '2022-07-26', 11, '256.70', '2022-09-01 20:38:28', b'1'),
(456, 70, '2022-08-02', 12, '256.70', '2022-09-01 20:38:28', b'1'),
(457, 71, '2022-07-20', 1, '987.50', '2022-09-01 20:39:15', b'1'),
(458, 71, '2022-08-04', 2, '987.50', '2022-09-01 20:39:15', b'1'),
(459, 71, '2022-08-19', 3, '987.50', '2022-09-01 20:39:15', b'1'),
(460, 71, '2022-09-03', 4, '987.50', '2022-09-01 20:39:15', b'1'),
(461, 71, '2022-09-20', 5, '987.50', '2022-09-01 20:39:15', b'1'),
(462, 71, '2022-10-03', 6, '987.50', '2022-09-01 20:39:15', b'1'),
(463, 71, '2022-10-18', 7, '987.50', '2022-09-01 20:39:15', b'1'),
(464, 71, '2022-11-02', 8, '987.50', '2022-09-01 20:39:15', b'1'),
(471, 73, '2022-04-01', 1, '513.30', '2022-09-14 16:07:45', b'0'),
(472, 73, '2022-04-16', 2, '513.30', '2022-09-14 16:07:45', b'0'),
(473, 73, '2022-05-03', 3, '513.30', '2022-09-14 16:07:45', b'0'),
(474, 73, '2022-05-16', 4, '513.30', '2022-09-01 21:07:19', b'1'),
(475, 73, '2022-05-31', 5, '513.30', '2022-09-01 21:07:19', b'1'),
(476, 73, '2022-06-15', 6, '513.30', '2022-09-01 21:07:19', b'1'),
(477, 74, '2022-01-03', 1, '332.50', '2022-09-14 16:11:29', b'0'),
(478, 74, '2022-01-10', 2, '332.50', '2022-09-14 16:11:29', b'0'),
(479, 74, '2022-01-17', 3, '332.50', '2022-09-14 16:11:29', b'0'),
(480, 74, '2022-01-24', 4, '332.50', '2022-10-09 02:17:58', b'0'),
(481, 74, '2022-01-31', 5, '332.50', '2022-10-09 02:17:58', b'0'),
(482, 74, '2022-02-07', 6, '332.50', '2022-10-09 02:17:58', b'0'),
(483, 74, '2022-02-14', 7, '332.50', '2022-09-01 21:15:55', b'1'),
(484, 74, '2022-02-21', 8, '332.50', '2022-09-01 21:15:55', b'1'),
(485, 74, '2022-02-28', 9, '332.50', '2022-09-01 21:15:55', b'1'),
(486, 74, '2022-03-07', 10, '332.50', '2022-09-01 21:15:55', b'1'),
(487, 74, '2022-03-14', 11, '332.50', '2022-09-01 21:15:55', b'1'),
(488, 74, '2022-03-21', 12, '332.50', '2022-09-01 21:15:55', b'1'),
(489, 74, '2022-03-28', 13, '332.50', '2022-09-01 21:15:55', b'1'),
(490, 74, '2022-04-04', 14, '332.50', '2022-09-01 21:15:55', b'1'),
(491, 74, '2022-04-11', 15, '332.50', '2022-09-01 21:15:55', b'1'),
(492, 74, '2022-04-18', 16, '332.50', '2022-09-01 21:15:55', b'1'),
(493, 74, '2022-04-25', 17, '332.50', '2022-09-01 21:15:55', b'1'),
(494, 74, '2022-05-02', 18, '332.50', '2022-09-01 21:15:55', b'1'),
(495, 74, '2022-05-09', 19, '332.50', '2022-09-01 21:15:55', b'1'),
(496, 74, '2022-05-16', 20, '332.50', '2022-09-01 21:15:55', b'1'),
(497, 75, '2022-05-17', 1, '513.30', '2022-09-02 13:00:56', b'1'),
(498, 75, '2022-05-24', 2, '513.30', '2022-09-02 13:00:56', b'1'),
(499, 75, '2022-05-31', 3, '513.30', '2022-09-02 13:00:56', b'1'),
(500, 75, '2022-06-07', 4, '513.30', '2022-09-02 13:00:56', b'1'),
(501, 75, '2022-06-14', 5, '513.30', '2022-09-02 13:00:56', b'1'),
(502, 75, '2022-06-21', 6, '513.30', '2022-09-02 13:00:56', b'1'),
(503, 75, '2022-06-28', 7, '513.30', '2022-09-02 13:00:56', b'1'),
(504, 75, '2022-07-05', 8, '513.30', '2022-09-02 13:00:56', b'1'),
(505, 75, '2022-07-12', 9, '513.30', '2022-09-02 13:00:56', b'1'),
(506, 75, '2022-07-19', 10, '513.30', '2022-09-02 13:00:56', b'1'),
(507, 75, '2022-07-26', 11, '513.30', '2022-09-02 13:00:56', b'1'),
(508, 75, '2022-08-02', 12, '513.30', '2022-09-02 13:00:56', b'1'),
(509, 76, '2022-02-15', 1, '475.00', '2022-09-14 20:00:49', b'0'),
(510, 76, '2022-02-28', 2, '475.00', '2022-09-14 20:00:49', b'0'),
(511, 76, '2022-03-15', 3, '475.00', '2022-09-14 20:00:49', b'0'),
(512, 76, '2022-03-30', 4, '475.00', '2022-09-26 20:28:30', b'0'),
(513, 76, '2022-04-14', 5, '475.00', '2022-09-02 13:25:22', b'1'),
(514, 76, '2022-04-29', 6, '475.00', '2022-09-02 13:25:22', b'1'),
(515, 76, '2022-05-14', 7, '475.00', '2022-09-02 13:25:22', b'1'),
(516, 76, '2022-05-31', 8, '475.00', '2022-09-02 13:25:22', b'1'),
(517, 76, '2022-06-13', 9, '475.00', '2022-09-02 13:25:22', b'1'),
(518, 76, '2022-06-28', 10, '475.00', '2022-09-02 13:25:22', b'1'),
(519, 77, '2022-05-18', 1, '359.00', '2022-09-14 20:02:14', b'0'),
(520, 77, '2022-05-25', 2, '359.00', '2022-10-07 13:29:00', b'0'),
(521, 77, '2022-06-01', 3, '359.00', '2022-10-07 13:29:00', b'0'),
(522, 77, '2022-06-08', 4, '359.00', '2022-10-07 13:29:00', b'0'),
(523, 77, '2022-06-15', 5, '359.00', '2022-10-07 13:29:00', b'0'),
(524, 77, '2022-06-22', 6, '359.00', '2022-10-07 13:29:00', b'0'),
(525, 77, '2022-06-29', 7, '359.00', '2022-10-07 13:29:00', b'0'),
(526, 77, '2022-07-06', 8, '359.00', '2022-10-07 13:29:00', b'0'),
(527, 78, '2022-06-25', 1, '537.50', '2022-09-14 20:07:05', b'0'),
(528, 78, '2022-07-12', 2, '537.50', '2022-09-14 20:07:05', b'0'),
(529, 78, '2022-07-25', 3, '537.50', '2022-09-14 20:07:05', b'0'),
(530, 78, '2022-08-09', 4, '537.50', '2022-09-14 20:07:05', b'0'),
(531, 78, '2022-08-24', 5, '537.50', '2022-09-14 20:07:05', b'0'),
(532, 78, '2022-09-08', 6, '537.50', '2022-09-23 20:47:14', b'0'),
(533, 78, '2022-09-23', 7, '537.50', '2022-09-23 20:47:14', b'0'),
(534, 78, '2022-10-08', 8, '537.50', '2022-09-02 13:43:19', b'1'),
(535, 79, '2022-08-10', 1, '570.00', '2022-09-14 21:40:48', b'0'),
(536, 79, '2022-08-25', 2, '570.00', '2022-09-14 21:40:48', b'0'),
(537, 79, '2022-09-09', 3, '570.00', '2022-09-02 14:17:56', b'1'),
(538, 79, '2022-09-24', 4, '570.00', '2022-09-02 14:17:56', b'1'),
(539, 79, '2022-10-11', 5, '570.00', '2022-09-02 14:17:56', b'1'),
(540, 79, '2022-10-24', 6, '570.00', '2022-09-02 14:17:56', b'1'),
(541, 79, '2022-11-08', 7, '570.00', '2022-09-02 14:17:56', b'1'),
(542, 79, '2022-11-23', 8, '570.00', '2022-09-02 14:17:56', b'1'),
(543, 79, '2022-12-08', 9, '570.00', '2022-09-02 14:17:56', b'1'),
(544, 79, '2022-12-23', 10, '570.00', '2022-09-02 14:17:56', b'1'),
(545, 80, '2022-09-01', 1, '770.00', '2022-09-20 14:50:12', b'0'),
(546, 80, '2022-09-16', 2, '770.00', '2022-09-20 14:50:12', b'0'),
(547, 80, '2022-10-01', 3, '770.00', '2022-09-02 14:29:24', b'1'),
(548, 80, '2022-10-18', 4, '770.00', '2022-09-02 14:29:24', b'1'),
(549, 80, '2022-10-31', 5, '770.00', '2022-09-02 14:29:24', b'1'),
(550, 80, '2022-11-15', 6, '770.00', '2022-09-02 14:29:24', b'1'),
(551, 81, '2022-08-31', 1, '692.00', '2022-09-02 14:54:37', b'1'),
(552, 81, '2022-09-15', 2, '692.00', '2022-09-02 14:54:37', b'1'),
(553, 81, '2022-09-30', 3, '692.00', '2022-09-02 14:54:37', b'1'),
(554, 81, '2022-10-15', 4, '692.00', '2022-09-02 14:54:37', b'1'),
(555, 81, '2022-11-01', 5, '692.00', '2022-09-02 14:54:37', b'1'),
(556, 81, '2022-11-14', 6, '692.00', '2022-09-02 14:54:37', b'1'),
(557, 82, '2022-08-20', 1, '493.30', '2022-09-23 19:20:56', b'0'),
(558, 82, '2022-09-06', 2, '493.30', '2022-09-02 14:54:50', b'1'),
(559, 82, '2022-09-19', 3, '493.30', '2022-09-02 14:54:50', b'1'),
(560, 82, '2022-10-04', 4, '493.30', '2022-09-02 14:54:50', b'1'),
(561, 82, '2022-10-19', 5, '493.30', '2022-09-02 14:54:50', b'1'),
(562, 82, '2022-11-03', 6, '493.30', '2022-09-02 14:54:50', b'1'),
(575, 84, '2022-06-15', 1, '875.00', '2022-09-02 15:09:17', b'0'),
(576, 84, '2022-06-22', 2, '875.00', '2022-09-02 15:09:29', b'0'),
(577, 84, '2022-06-29', 3, '875.00', '2022-09-02 15:08:36', b'1'),
(578, 84, '2022-07-06', 4, '875.00', '2022-09-02 15:08:36', b'1'),
(579, 84, '2022-07-13', 5, '875.00', '2022-09-02 15:08:36', b'1'),
(580, 84, '2022-07-20', 6, '875.00', '2022-09-02 15:08:36', b'1'),
(581, 84, '2022-07-27', 7, '875.00', '2022-09-02 15:08:36', b'1'),
(582, 84, '2022-08-03', 8, '875.00', '2022-09-02 15:08:36', b'1'),
(583, 84, '2022-08-10', 9, '875.00', '2022-09-02 15:08:36', b'1'),
(584, 84, '2022-08-17', 10, '875.00', '2022-09-02 15:08:36', b'1'),
(585, 84, '2022-08-24', 11, '875.00', '2022-09-02 15:08:36', b'1'),
(586, 84, '2022-08-31', 12, '875.00', '2022-09-02 15:08:36', b'1'),
(587, 84, '2022-09-07', 13, '875.00', '2022-09-02 15:08:36', b'1'),
(588, 84, '2022-09-14', 14, '875.00', '2022-09-02 15:08:36', b'1'),
(589, 84, '2022-09-21', 15, '875.00', '2022-09-02 15:08:36', b'1'),
(590, 84, '2022-09-28', 16, '875.00', '2022-09-02 15:08:36', b'1'),
(591, 84, '2022-10-05', 17, '875.00', '2022-09-02 15:08:36', b'1'),
(592, 84, '2022-10-12', 18, '875.00', '2022-09-02 15:08:36', b'1'),
(593, 84, '2022-10-19', 19, '875.00', '2022-09-02 15:08:36', b'1'),
(594, 84, '2022-10-26', 20, '875.00', '2022-09-02 15:08:36', b'1'),
(595, 85, '2022-07-20', 1, '449.20', '2022-09-02 15:19:16', b'0'),
(596, 85, '2022-07-27', 2, '449.20', '2022-09-02 15:20:19', b'0'),
(597, 85, '2022-08-03', 3, '449.20', '2022-09-02 15:20:31', b'0'),
(598, 85, '2022-08-10', 4, '449.20', '2022-09-02 15:20:46', b'0'),
(599, 85, '2022-08-17', 5, '449.20', '2022-09-02 15:25:00', b'0'),
(600, 85, '2022-08-24', 6, '449.20', '2022-10-04 14:50:06', b'0'),
(601, 85, '2022-08-31', 7, '449.20', '2022-10-04 14:50:33', b'0'),
(602, 85, '2022-09-07', 8, '449.20', '2022-10-04 14:50:33', b'0'),
(603, 85, '2022-09-14', 9, '449.20', '2022-10-04 14:50:33', b'0'),
(604, 85, '2022-09-21', 10, '449.20', '2022-10-04 14:50:33', b'0'),
(605, 85, '2022-09-28', 11, '449.20', '2022-10-04 14:50:33', b'0'),
(606, 85, '2022-10-05', 12, '449.20', '2022-10-04 14:50:33', b'0'),
(619, 87, '2022-07-27', 1, '320.80', '2022-09-02 16:00:43', b'0'),
(620, 87, '2022-08-03', 2, '320.80', '2022-09-02 16:00:56', b'0'),
(621, 87, '2022-08-10', 3, '320.80', '2022-09-02 16:01:08', b'0'),
(622, 87, '2022-08-17', 4, '320.80', '2022-09-02 16:01:19', b'0'),
(623, 87, '2022-08-24', 5, '320.80', '2022-09-02 16:01:32', b'0'),
(624, 87, '2022-08-31', 6, '320.80', '2022-09-15 20:09:51', b'0'),
(625, 87, '2022-09-07', 7, '320.80', '2022-09-15 20:10:12', b'0'),
(626, 87, '2022-09-14', 8, '320.80', '2022-09-19 15:43:32', b'0'),
(627, 87, '2022-09-21', 9, '320.80', '2022-10-04 22:06:11', b'0'),
(628, 87, '2022-09-28', 10, '320.80', '2022-10-04 22:06:11', b'0'),
(629, 87, '2022-10-05', 11, '320.80', '2022-10-07 21:02:27', b'0'),
(630, 87, '2022-10-12', 12, '320.80', '2022-09-02 15:59:51', b'1'),
(631, 88, '2022-08-09', 1, '898.30', '2022-09-02 18:48:40', b'0'),
(632, 88, '2022-08-24', 2, '898.30', '2022-09-02 18:49:20', b'0'),
(633, 88, '2022-09-08', 3, '898.30', '2022-09-15 20:11:38', b'0'),
(634, 88, '2022-09-23', 4, '898.30', '2022-09-23 19:49:01', b'0'),
(635, 88, '2022-10-08', 5, '898.30', '2022-10-07 13:18:48', b'0'),
(636, 88, '2022-10-25', 6, '898.30', '2022-09-02 18:48:07', b'1'),
(637, 89, '2022-08-12', 1, '513.30', '2022-09-02 18:55:23', b'0'),
(638, 89, '2022-08-27', 2, '513.30', '2022-09-02 18:55:36', b'0'),
(639, 89, '2022-09-13', 3, '513.30', '2022-09-15 20:13:01', b'0'),
(640, 89, '2022-09-26', 4, '513.30', '2022-09-26 20:52:29', b'0'),
(641, 89, '2022-10-11', 5, '513.30', '2022-10-05 14:09:42', b'0'),
(642, 89, '2022-10-26', 6, '513.30', '2022-09-02 18:54:18', b'1'),
(643, 90, '2022-08-18', 1, '1450.00', '2022-09-02 19:01:42', b'0'),
(644, 90, '2022-09-02', 2, '1450.00', '2022-09-15 20:14:54', b'0'),
(645, 90, '2022-09-17', 3, '1450.00', '2022-10-06 20:22:47', b'0'),
(646, 90, '2022-10-04', 4, '1450.00', '2022-10-06 20:23:04', b'0'),
(647, 90, '2022-10-17', 5, '1450.00', '2022-09-02 19:01:26', b'1'),
(648, 90, '2022-11-01', 6, '1450.00', '2022-09-02 19:01:26', b'1'),
(649, 91, '2022-08-18', 1, '898.30', '2022-09-02 19:05:10', b'0'),
(650, 91, '2022-09-02', 2, '898.30', '2022-09-15 20:16:06', b'0'),
(651, 91, '2022-09-17', 3, '898.30', '2022-10-06 20:23:20', b'0'),
(652, 91, '2022-10-04', 4, '898.30', '2022-10-06 20:23:20', b'0'),
(653, 91, '2022-10-17', 5, '898.30', '2022-09-02 19:04:53', b'1'),
(654, 91, '2022-11-01', 6, '898.30', '2022-09-02 19:04:53', b'1'),
(655, 92, '2022-08-30', 1, '898.30', '2022-09-02 19:13:22', b'0'),
(656, 92, '2022-09-12', 2, '898.30', '2022-09-15 21:31:09', b'0'),
(657, 92, '2022-09-27', 3, '898.30', '2022-09-27 16:12:47', b'0'),
(658, 92, '2022-10-12', 4, '898.30', '2022-09-02 19:12:46', b'1'),
(659, 92, '2022-10-27', 5, '898.30', '2022-09-02 19:12:46', b'1'),
(660, 92, '2022-11-11', 6, '898.30', '2022-09-02 19:12:46', b'1'),
(661, 93, '2022-08-30', 1, '898.30', '2022-09-02 19:20:49', b'1'),
(662, 93, '2022-09-14', 2, '898.30', '2022-09-02 19:20:49', b'1'),
(663, 93, '2022-09-29', 3, '898.30', '2022-09-02 19:20:49', b'1'),
(664, 93, '2022-10-14', 4, '898.30', '2022-09-02 19:20:49', b'1'),
(665, 93, '2022-10-29', 5, '898.30', '2022-09-02 19:20:49', b'1'),
(666, 93, '2022-11-15', 6, '898.30', '2022-09-02 19:20:49', b'1'),
(667, 94, '2022-09-02', 1, '641.70', '2022-09-15 22:13:23', b'0'),
(668, 94, '2022-09-17', 2, '641.70', '2022-09-19 21:48:19', b'0'),
(669, 94, '2022-10-04', 3, '641.70', '2022-10-07 20:01:06', b'0'),
(670, 94, '2022-10-17', 4, '641.70', '2022-09-02 19:25:18', b'1'),
(671, 94, '2022-11-01', 5, '641.70', '2022-09-02 19:25:18', b'1'),
(672, 94, '2022-11-16', 6, '641.70', '2022-09-02 19:25:18', b'1'),
(673, 95, '2022-08-03', 1, '3206.70', '2022-09-02 19:37:15', b'0'),
(674, 95, '2022-08-18', 2, '3206.70', '2022-09-02 19:37:15', b'0'),
(675, 95, '2022-09-02', 3, '3206.70', '2022-09-20 20:56:02', b'0'),
(676, 95, '2022-09-17', 4, '3206.70', '2022-09-20 20:56:59', b'0'),
(677, 95, '2022-10-04', 5, '3206.70', '2022-09-02 19:25:39', b'1'),
(678, 95, '2022-10-17', 6, '3206.70', '2022-09-02 19:25:39', b'1'),
(679, 96, '2022-08-06', 1, '1356.70', '2022-09-02 21:57:00', b'0'),
(680, 96, '2022-08-23', 2, '1356.70', '2022-09-02 21:57:00', b'0'),
(681, 96, '2022-09-05', 3, '1356.70', '2022-09-20 21:00:37', b'0'),
(682, 96, '2022-09-20', 4, '1356.70', '2022-09-23 18:54:49', b'0'),
(683, 96, '2022-10-05', 5, '1356.70', '2022-09-02 21:55:20', b'1'),
(684, 96, '2022-10-20', 6, '1356.70', '2022-09-02 21:55:20', b'1'),
(689, 98, '2022-08-17', 1, '1726.70', '2022-09-02 22:33:03', b'0'),
(690, 98, '2022-09-01', 2, '1726.70', '2022-09-20 21:02:12', b'0'),
(691, 98, '2022-09-16', 3, '1726.70', '2022-09-20 21:02:50', b'0'),
(692, 98, '2022-10-01', 4, '1726.70', '2022-10-01 16:51:09', b'0'),
(693, 98, '2022-10-18', 5, '1726.70', '2022-09-02 22:27:22', b'1'),
(694, 98, '2022-10-31', 6, '1726.70', '2022-09-02 22:27:22', b'1'),
(695, 99, '2022-10-10', 1, '1160.00', '2022-09-15 16:18:55', b'0'),
(696, 100, '2022-09-20', 1, '150.00', '2022-09-22 15:24:08', b'0'),
(697, 100, '2022-09-27', 2, '150.00', '2022-09-29 12:57:42', b'0'),
(698, 100, '2022-10-04', 3, '150.00', '2022-10-04 14:19:08', b'0'),
(699, 100, '2022-10-11', 4, '150.00', '2022-10-04 14:19:08', b'0'),
(700, 101, '2022-07-29', 1, '1283.30', '2022-09-14 20:39:08', b'0'),
(701, 101, '2022-08-13', 2, '1283.30', '2022-09-14 20:39:08', b'0'),
(702, 101, '2022-08-30', 3, '1283.30', '2022-09-14 22:17:00', b'0'),
(703, 101, '2022-09-12', 4, '1283.30', '2022-10-05 21:01:59', b'0'),
(704, 101, '2022-09-27', 5, '1283.30', '2022-10-05 21:01:59', b'0'),
(705, 101, '2022-10-12', 6, '1283.30', '2022-09-14 20:38:39', b'1'),
(706, 102, '2022-04-12', 1, '1190.00', '2022-09-14 21:25:53', b'0'),
(707, 102, '2022-04-25', 2, '1190.00', '2022-09-14 21:25:35', b'1'),
(708, 102, '2022-05-10', 3, '1190.00', '2022-09-14 21:25:35', b'1'),
(709, 102, '2022-05-25', 4, '1190.00', '2022-09-14 21:25:35', b'1'),
(710, 103, '2022-02-24', 1, '1190.00', '2022-09-14 21:39:26', b'0'),
(711, 103, '2022-03-11', 2, '1190.00', '2022-09-14 21:39:26', b'0'),
(712, 103, '2022-03-26', 3, '1190.00', '2022-09-14 21:39:26', b'0'),
(713, 103, '2022-04-12', 4, '1190.00', '2022-09-14 21:29:37', b'1'),
(714, 104, '2022-03-23', 1, '498.10', '2022-09-15 16:07:15', b'0'),
(715, 104, '2022-03-30', 2, '498.10', '2022-10-18 12:55:16', b'0'),
(716, 104, '2022-04-06', 3, '498.10', '2022-10-18 12:55:16', b'0'),
(717, 104, '2022-04-13', 4, '498.10', '2022-10-18 12:55:16', b'0'),
(718, 104, '2022-04-20', 5, '498.10', '2022-10-18 12:59:14', b'0'),
(719, 104, '2022-04-27', 6, '498.10', '2022-09-15 16:06:35', b'1'),
(720, 104, '2022-05-04', 7, '498.10', '2022-09-15 16:06:35', b'1'),
(721, 104, '2022-05-11', 8, '498.10', '2022-09-15 16:06:35', b'1'),
(722, 104, '2022-05-18', 9, '498.10', '2022-09-15 16:06:35', b'1'),
(723, 104, '2022-05-25', 10, '498.10', '2022-09-15 16:06:35', b'1'),
(724, 104, '2022-06-01', 11, '498.10', '2022-09-15 16:06:35', b'1'),
(725, 104, '2022-06-08', 12, '498.10', '2022-09-15 16:06:35', b'1'),
(726, 105, '2022-09-30', 1, '1180.00', '2022-10-06 13:43:25', b'0'),
(727, 105, '2022-10-15', 2, '1180.00', '2022-09-15 16:20:43', b'1'),
(728, 106, '2022-09-09', 1, '289.00', '2022-09-15 19:36:21', b'1'),
(729, 106, '2022-09-16', 2, '289.00', '2022-09-15 19:36:21', b'1'),
(730, 106, '2022-09-23', 3, '289.00', '2022-09-15 19:36:21', b'1'),
(731, 106, '2022-09-30', 4, '289.00', '2022-09-15 19:36:21', b'1'),
(732, 106, '2022-10-07', 5, '289.00', '2022-09-15 19:36:21', b'1'),
(733, 106, '2022-10-14', 6, '289.00', '2022-09-15 19:36:21', b'1'),
(734, 106, '2022-10-21', 7, '289.00', '2022-09-15 19:36:21', b'1'),
(735, 106, '2022-10-28', 8, '289.00', '2022-09-15 19:36:21', b'1'),
(736, 107, '2022-08-20', 1, '1973.30', '2022-09-15 20:10:38', b'1'),
(737, 107, '2022-09-06', 2, '1973.30', '2022-09-15 20:10:38', b'1'),
(738, 107, '2022-09-19', 3, '1973.30', '2022-09-15 20:10:38', b'1'),
(739, 107, '2022-10-04', 4, '1973.30', '2022-09-15 20:10:38', b'1'),
(740, 107, '2022-10-19', 5, '1973.30', '2022-09-15 20:10:38', b'1'),
(741, 107, '2022-11-03', 6, '1973.30', '2022-09-15 20:10:38', b'1'),
(742, 108, '2022-07-02', 1, '1973.30', '2022-09-22 13:38:48', b'0'),
(743, 108, '2022-07-19', 2, '1973.30', '2022-09-22 13:38:48', b'0'),
(744, 108, '2022-08-01', 3, '1973.30', '2022-09-22 13:38:48', b'0'),
(745, 108, '2022-08-16', 4, '1973.30', '2022-09-22 13:38:48', b'0'),
(746, 108, '2022-08-31', 5, '1973.30', '2022-09-22 13:38:48', b'0'),
(747, 108, '2022-09-15', 6, '1973.30', '2022-09-27 13:30:45', b'0'),
(748, 109, '2022-07-07', 1, '1980.00', '2022-09-22 13:34:15', b'0'),
(749, 109, '2022-07-22', 2, '1980.00', '2022-09-22 13:34:15', b'0'),
(750, 109, '2022-08-06', 3, '1980.00', '2022-09-15 21:08:51', b'1'),
(751, 109, '2022-08-23', 4, '1980.00', '2022-09-15 21:08:51', b'1'),
(752, 110, '2022-09-06', 1, '641.70', '2022-09-15 22:18:08', b'0'),
(753, 110, '2022-09-19', 2, '641.70', '2022-09-19 15:45:17', b'0'),
(754, 110, '2022-10-04', 3, '641.70', '2022-10-03 20:23:41', b'0'),
(755, 110, '2022-10-19', 4, '641.70', '2022-09-15 22:17:42', b'1'),
(756, 110, '2022-11-03', 5, '641.70', '2022-09-15 22:17:42', b'1'),
(757, 110, '2022-11-18', 6, '641.70', '2022-09-15 22:17:42', b'1'),
(758, 111, '2022-09-06', 1, '340.00', '2022-09-19 21:50:06', b'0'),
(759, 111, '2022-09-19', 2, '340.00', '2022-09-19 21:50:23', b'0'),
(760, 111, '2022-10-04', 3, '340.00', '2022-09-15 22:26:57', b'1'),
(761, 111, '2022-10-19', 4, '340.00', '2022-09-15 22:26:57', b'1'),
(766, 113, '2022-07-26', 1, '3300.00', '2022-09-22 13:32:56', b'0'),
(767, 113, '2022-08-10', 2, '3300.00', '2022-09-22 13:32:56', b'0'),
(768, 113, '2022-08-25', 3, '3300.00', '2022-09-22 13:32:56', b'0'),
(769, 113, '2022-09-09', 4, '3300.00', '2022-09-23 15:26:52', b'0'),
(770, 114, '2022-07-28', 1, '1980.00', '2022-09-22 13:32:05', b'0'),
(771, 114, '2022-08-12', 2, '1980.00', '2022-09-22 13:32:05', b'0'),
(772, 114, '2022-08-27', 3, '1980.00', '2022-09-22 13:32:05', b'0'),
(773, 114, '2022-09-13', 4, '1980.00', '2022-09-17 14:39:02', b'1'),
(774, 115, '2022-08-09', 1, '1973.30', '2022-09-20 14:06:51', b'0'),
(775, 115, '2022-08-22', 2, '1973.30', '2022-09-20 14:06:51', b'0'),
(776, 115, '2022-09-06', 3, '1973.30', '2022-09-20 14:06:51', b'0'),
(777, 115, '2022-09-21', 4, '1973.30', '2022-09-20 14:06:51', b'0'),
(778, 115, '2022-10-06', 5, '1973.30', '2022-09-17 15:01:58', b'1'),
(779, 115, '2022-10-21', 6, '1973.30', '2022-09-17 15:01:58', b'1'),
(780, 116, '2022-08-12', 1, '986.70', '2022-09-17 15:26:48', b'0'),
(781, 116, '2022-08-19', 2, '986.70', '2022-09-17 15:26:48', b'0'),
(782, 116, '2022-08-26', 3, '986.70', '2022-09-17 15:26:48', b'0'),
(783, 116, '2022-09-02', 4, '986.70', '2022-09-17 15:26:48', b'0'),
(784, 116, '2022-09-09', 5, '986.70', '2022-09-17 15:26:48', b'0'),
(785, 116, '2022-09-16', 6, '986.70', '2022-09-22 13:24:45', b'0'),
(786, 116, '2022-09-23', 7, '986.70', '2022-10-05 20:41:42', b'0'),
(787, 116, '2022-09-30', 8, '986.70', '2022-10-05 20:41:42', b'0'),
(788, 116, '2022-10-07', 9, '986.70', '2022-09-17 15:18:13', b'1'),
(789, 116, '2022-10-14', 10, '986.70', '2022-09-17 15:18:13', b'1'),
(790, 116, '2022-10-21', 11, '986.70', '2022-09-17 15:18:13', b'1'),
(791, 116, '2022-10-28', 12, '986.70', '2022-09-17 15:18:13', b'1'),
(792, 117, '2022-09-09', 1, '1726.70', '2022-09-19 13:15:26', b'0'),
(793, 117, '2022-09-24', 2, '1726.70', '2022-09-17 15:38:57', b'1'),
(794, 117, '2022-10-11', 3, '1726.70', '2022-09-17 15:38:57', b'1'),
(795, 117, '2022-10-24', 4, '1726.70', '2022-09-17 15:38:57', b'1'),
(796, 117, '2022-11-08', 5, '1726.70', '2022-09-17 15:38:57', b'1'),
(797, 117, '2022-11-23', 6, '1726.70', '2022-09-17 15:38:57', b'1'),
(798, 118, '2022-09-26', 1, '150.00', '2022-09-19 19:44:21', b'1'),
(799, 118, '2022-10-03', 2, '150.00', '2022-09-19 19:44:21', b'1'),
(800, 118, '2022-10-10', 3, '150.00', '2022-09-19 19:44:21', b'1'),
(801, 118, '2022-10-17', 4, '150.00', '2022-09-19 19:44:21', b'1'),
(802, 119, '2022-09-26', 1, '185.10', '2022-09-19 20:59:45', b'1'),
(803, 119, '2022-10-03', 2, '185.10', '2022-09-19 20:59:45', b'1'),
(804, 119, '2022-10-10', 3, '185.10', '2022-09-19 20:59:45', b'1'),
(805, 119, '2022-10-17', 4, '185.10', '2022-09-19 20:59:45', b'1'),
(806, 119, '2022-10-24', 5, '185.10', '2022-09-19 20:59:45', b'1'),
(807, 119, '2022-10-31', 6, '185.10', '2022-09-19 20:59:45', b'1'),
(808, 119, '2022-11-07', 7, '185.10', '2022-09-19 20:59:45', b'1'),
(809, 119, '2022-11-14', 8, '185.10', '2022-09-19 20:59:45', b'1'),
(810, 119, '2022-11-21', 9, '185.10', '2022-09-19 20:59:45', b'1'),
(811, 119, '2022-11-28', 10, '185.10', '2022-09-19 20:59:45', b'1'),
(812, 119, '2022-12-05', 11, '185.10', '2022-09-19 20:59:45', b'1'),
(813, 119, '2022-12-12', 12, '185.10', '2022-09-19 20:59:45', b'1'),
(814, 119, '2022-12-19', 13, '185.10', '2022-09-19 20:59:45', b'1'),
(815, 119, '2022-12-26', 14, '185.10', '2022-09-19 20:59:45', b'1'),
(816, 119, '2023-01-02', 15, '185.10', '2022-09-19 20:59:45', b'1'),
(817, 119, '2023-01-09', 16, '185.10', '2022-09-19 20:59:45', b'1'),
(818, 119, '2023-01-16', 17, '185.10', '2022-09-19 20:59:45', b'1'),
(819, 119, '2023-01-23', 18, '185.10', '2022-09-19 20:59:45', b'1'),
(820, 119, '2023-01-30', 19, '185.10', '2022-09-19 20:59:45', b'1'),
(821, 119, '2023-02-06', 20, '185.10', '2022-09-19 20:59:45', b'1'),
(826, 121, '2022-10-05', 1, '632.40', '2022-10-05 19:41:49', b'0'),
(827, 121, '2022-10-20', 2, '632.40', '2022-09-20 13:42:31', b'1'),
(828, 121, '2022-11-04', 3, '632.40', '2022-09-20 13:42:31', b'1'),
(829, 121, '2022-11-19', 4, '632.40', '2022-09-20 13:42:31', b'1'),
(830, 121, '2022-12-06', 5, '632.40', '2022-09-20 13:42:31', b'1'),
(831, 121, '2022-12-19', 6, '632.40', '2022-09-20 13:42:31', b'1'),
(838, 123, '2022-09-07', 1, '898.30', '2022-09-20 14:25:03', b'0'),
(839, 123, '2022-09-22', 2, '898.30', '2022-09-22 19:53:01', b'0'),
(840, 123, '2022-10-07', 3, '898.30', '2022-10-07 21:05:18', b'0'),
(841, 123, '2022-10-22', 4, '898.30', '2022-09-20 14:24:09', b'1'),
(842, 123, '2022-11-08', 5, '898.30', '2022-09-20 14:24:09', b'1'),
(843, 123, '2022-11-21', 6, '898.30', '2022-09-20 14:24:09', b'1'),
(844, 124, '2022-08-29', 1, '340.00', '2022-09-20 14:37:08', b'0'),
(845, 124, '2022-09-05', 2, '340.00', '2022-09-20 14:37:23', b'0'),
(846, 124, '2022-09-12', 3, '340.00', '2022-09-20 14:37:42', b'0'),
(847, 124, '2022-09-19', 4, '340.00', '2022-09-20 14:38:09', b'0'),
(848, 124, '2022-09-26', 5, '340.00', '2022-09-26 14:16:06', b'0'),
(849, 124, '2022-10-03', 6, '340.00', '2022-10-03 13:51:45', b'0'),
(850, 124, '2022-10-10', 7, '340.00', '2022-09-20 14:35:15', b'1'),
(851, 124, '2022-10-17', 8, '340.00', '2022-09-20 14:35:15', b'1'),
(852, 125, '2022-09-29', 1, '513.30', '2022-09-29 19:17:28', b'0'),
(853, 125, '2022-10-14', 2, '513.30', '2022-09-20 15:14:07', b'1'),
(854, 125, '2022-10-29', 3, '513.30', '2022-09-20 15:14:07', b'1'),
(855, 125, '2022-11-15', 4, '513.30', '2022-09-20 15:14:07', b'1'),
(856, 125, '2022-11-28', 5, '513.30', '2022-09-20 15:14:07', b'1'),
(857, 125, '2022-12-13', 6, '513.30', '2022-09-20 15:14:07', b'1'),
(858, 126, '2022-10-05', 1, '1973.30', '2022-10-05 15:04:21', b'0'),
(859, 126, '2022-10-20', 2, '1973.30', '2022-09-20 16:00:28', b'1'),
(860, 126, '2022-11-04', 3, '1973.30', '2022-09-20 16:00:28', b'1'),
(861, 126, '2022-11-19', 4, '1973.30', '2022-09-20 16:00:28', b'1'),
(862, 126, '2022-12-06', 5, '1973.30', '2022-09-20 16:00:28', b'1'),
(863, 126, '2022-12-19', 6, '1973.30', '2022-09-20 16:00:28', b'1'),
(864, 127, '2022-10-05', 1, '513.30', '2022-10-06 14:00:59', b'0'),
(865, 127, '2022-10-20', 2, '513.30', '2022-09-20 20:39:46', b'1'),
(866, 127, '2022-11-04', 3, '513.30', '2022-09-20 20:39:46', b'1'),
(867, 127, '2022-11-19', 4, '513.30', '2022-09-20 20:39:46', b'1'),
(868, 127, '2022-12-06', 5, '513.30', '2022-09-20 20:39:46', b'1'),
(869, 127, '2022-12-19', 6, '513.30', '2022-09-20 20:39:46', b'1'),
(870, 128, '2022-09-27', 1, '138.00', '2022-10-18 01:47:04', b'0'),
(871, 128, '2022-10-04', 2, '138.00', '2022-10-18 01:47:04', b'0'),
(872, 128, '2022-10-11', 3, '138.00', '2022-09-20 21:39:12', b'1'),
(873, 128, '2022-10-18', 4, '138.00', '2022-09-20 21:39:12', b'1'),
(874, 128, '2022-10-25', 5, '138.00', '2022-09-20 21:39:12', b'1'),
(875, 128, '2022-11-01', 6, '138.00', '2022-09-20 21:39:12', b'1'),
(876, 128, '2022-11-08', 7, '138.00', '2022-09-20 21:39:12', b'1'),
(877, 128, '2022-11-15', 8, '138.00', '2022-09-20 21:39:12', b'1'),
(878, 128, '2022-11-22', 9, '138.00', '2022-09-20 21:39:12', b'1'),
(879, 128, '2022-11-29', 10, '138.00', '2022-09-20 21:39:12', b'1'),
(880, 128, '2022-12-06', 11, '138.00', '2022-09-20 21:39:12', b'1'),
(881, 128, '2022-12-13', 12, '138.00', '2022-09-20 21:39:12', b'1'),
(882, 128, '2022-12-20', 13, '138.00', '2022-09-20 21:39:12', b'1'),
(883, 128, '2022-12-27', 14, '138.00', '2022-09-20 21:39:12', b'1'),
(884, 128, '2023-01-03', 15, '138.00', '2022-09-20 21:39:12', b'1'),
(885, 128, '2023-01-10', 16, '138.00', '2022-09-20 21:39:12', b'1'),
(886, 129, '2022-08-31', 1, '1603.30', '2022-09-20 21:54:36', b'0'),
(887, 129, '2022-09-15', 2, '1603.30', '2022-09-20 21:53:07', b'1'),
(888, 129, '2022-09-30', 3, '1603.30', '2022-09-20 21:53:07', b'1'),
(889, 129, '2022-10-15', 4, '1603.30', '2022-09-20 21:53:07', b'1'),
(890, 129, '2022-11-01', 5, '1603.30', '2022-09-20 21:53:07', b'1'),
(891, 129, '2022-11-14', 6, '1603.30', '2022-09-20 21:53:07', b'1'),
(892, 130, '2022-09-10', 1, '1480.00', '2022-09-20 22:16:03', b'0'),
(893, 130, '2022-09-27', 2, '1480.00', '2022-09-26 14:15:14', b'0'),
(894, 130, '2022-10-10', 3, '1480.00', '2022-09-20 22:14:50', b'1'),
(895, 130, '2022-10-25', 4, '1480.00', '2022-09-20 22:14:50', b'1'),
(896, 130, '2022-11-09', 5, '1480.00', '2022-09-20 22:14:50', b'1'),
(897, 130, '2022-11-24', 6, '1480.00', '2022-09-20 22:14:50', b'1'),
(898, 131, '2022-09-28', 1, '1416.00', '2022-09-20 22:19:00', b'1'),
(899, 131, '2022-10-13', 2, '1416.00', '2022-09-20 22:19:00', b'1'),
(900, 132, '2022-09-28', 1, '1416.00', '2022-09-20 22:19:32', b'1'),
(901, 132, '2022-10-13', 2, '1416.00', '2022-09-20 22:19:32', b'1'),
(902, 133, '2022-09-30', 1, '340.00', '2022-09-20 22:23:53', b'1'),
(903, 133, '2022-10-15', 2, '340.00', '2022-09-20 22:23:53', b'1'),
(904, 133, '2022-11-01', 3, '340.00', '2022-09-20 22:23:53', b'1'),
(905, 133, '2022-11-14', 4, '340.00', '2022-09-20 22:23:53', b'1'),
(906, 134, '2022-09-22', 1, '263.50', '2022-09-21 13:32:40', b'1');
INSERT INTO `loan_items` (`id`, `loan_id`, `date`, `num_quota`, `fee_amount`, `pay_date`, `status`) VALUES
(907, 134, '2022-09-29', 2, '263.50', '2022-09-21 13:32:40', b'1'),
(908, 134, '2022-10-06', 3, '263.50', '2022-09-21 13:32:40', b'1'),
(909, 134, '2022-10-13', 4, '263.50', '2022-09-21 13:32:40', b'1'),
(910, 134, '2022-10-20', 5, '263.50', '2022-09-21 13:32:40', b'1'),
(911, 134, '2022-10-27', 6, '263.50', '2022-09-21 13:32:40', b'1'),
(912, 134, '2022-11-03', 7, '263.50', '2022-09-21 13:32:40', b'1'),
(913, 134, '2022-11-10', 8, '263.50', '2022-09-21 13:32:40', b'1'),
(914, 135, '2022-09-28', 1, '180.00', '2022-09-28 22:36:05', b'0'),
(915, 135, '2022-10-13', 2, '180.00', '2022-09-21 14:06:01', b'1'),
(916, 136, '2022-09-21', 1, '812.50', '2022-09-21 14:35:55', b'1'),
(917, 136, '2022-10-06', 2, '812.50', '2022-09-21 14:35:55', b'1'),
(918, 136, '2022-10-21', 3, '812.50', '2022-09-21 14:35:55', b'1'),
(919, 136, '2022-11-05', 4, '812.50', '2022-09-21 14:35:55', b'1'),
(920, 137, '2022-09-24', 1, '2466.70', '2022-09-24 16:13:36', b'0'),
(921, 137, '2022-10-11', 2, '2466.70', '2022-09-21 14:39:26', b'1'),
(922, 137, '2022-10-24', 3, '2466.70', '2022-09-21 14:39:26', b'1'),
(923, 137, '2022-11-08', 4, '2466.70', '2022-09-21 14:39:26', b'1'),
(924, 137, '2022-11-23', 5, '2466.70', '2022-09-21 14:39:26', b'1'),
(925, 137, '2022-12-08', 6, '2466.70', '2022-09-21 14:39:26', b'1'),
(926, 138, '2022-04-23', 1, '340.00', '2022-09-21 15:10:23', b'1'),
(927, 138, '2022-05-10', 2, '340.00', '2022-09-21 15:10:23', b'1'),
(928, 138, '2022-05-23', 3, '340.00', '2022-09-21 15:10:23', b'1'),
(929, 138, '2022-06-07', 4, '340.00', '2022-09-21 15:10:23', b'1'),
(930, 139, '2022-08-30', 1, '354.00', '2022-09-23 15:23:42', b'0'),
(931, 139, '2022-09-14', 2, '354.00', '2022-09-23 15:23:42', b'0'),
(932, 140, '2022-03-29', 1, '508.80', '2022-09-21 15:44:12', b'1'),
(933, 140, '2022-04-05', 2, '508.80', '2022-09-21 15:44:12', b'1'),
(934, 140, '2022-04-12', 3, '508.80', '2022-09-21 15:44:12', b'1'),
(935, 140, '2022-04-19', 4, '508.80', '2022-09-21 15:44:12', b'1'),
(936, 140, '2022-04-26', 5, '508.80', '2022-09-21 15:44:12', b'1'),
(937, 140, '2022-05-03', 6, '508.80', '2022-09-21 15:44:12', b'1'),
(938, 140, '2022-05-10', 7, '508.80', '2022-09-21 15:44:12', b'1'),
(939, 140, '2022-05-17', 8, '508.80', '2022-09-21 15:44:12', b'1'),
(940, 140, '2022-05-24', 9, '508.80', '2022-09-21 15:44:12', b'1'),
(941, 140, '2022-05-31', 10, '508.80', '2022-09-21 15:44:12', b'1'),
(942, 140, '2022-06-07', 11, '508.80', '2022-09-21 15:44:12', b'1'),
(943, 140, '2022-06-14', 12, '508.80', '2022-09-21 15:44:12', b'1'),
(944, 141, '2022-09-07', 1, '641.70', '2022-09-21 20:08:57', b'0'),
(945, 141, '2022-09-22', 2, '641.70', '2022-09-24 16:19:15', b'0'),
(946, 141, '2022-10-07', 3, '641.70', '2022-10-07 23:36:17', b'0'),
(947, 141, '2022-10-22', 4, '641.70', '2022-09-21 19:54:28', b'1'),
(948, 141, '2022-11-08', 5, '641.70', '2022-09-21 19:54:28', b'1'),
(949, 141, '2022-11-21', 6, '641.70', '2022-09-21 19:54:28', b'1'),
(950, 142, '2022-10-01', 1, '1726.70', '2022-10-01 15:37:02', b'0'),
(951, 142, '2022-10-18', 2, '1726.70', '2022-09-21 20:43:35', b'1'),
(952, 142, '2022-10-31', 3, '1726.70', '2022-09-21 20:43:35', b'1'),
(953, 142, '2022-11-15', 4, '1726.70', '2022-09-21 20:43:35', b'1'),
(954, 142, '2022-11-30', 5, '1726.70', '2022-09-21 20:43:35', b'1'),
(955, 142, '2022-12-15', 6, '1726.70', '2022-09-21 20:43:35', b'1'),
(964, 144, '2022-02-05', 1, '284.80', '2022-09-21 21:06:04', b'0'),
(965, 144, '2022-02-12', 2, '284.80', '2022-09-21 21:06:04', b'0'),
(966, 144, '2022-02-19', 3, '284.80', '2022-09-21 21:06:04', b'0'),
(967, 144, '2022-02-26', 4, '284.80', '2022-09-21 21:06:04', b'0'),
(968, 144, '2022-03-05', 5, '284.80', '2022-09-21 21:06:04', b'0'),
(969, 144, '2022-03-12', 6, '284.80', '2022-09-21 20:57:57', b'1'),
(970, 144, '2022-03-19', 7, '284.80', '2022-09-21 20:57:57', b'1'),
(971, 144, '2022-03-26', 8, '284.80', '2022-09-21 20:57:57', b'1'),
(972, 145, '2022-08-24', 1, '150.00', '2022-09-22 20:52:47', b'0'),
(973, 145, '2022-08-31', 2, '150.00', '2022-09-22 20:53:10', b'0'),
(974, 145, '2022-09-07', 3, '150.00', '2022-09-22 20:53:24', b'0'),
(975, 145, '2022-09-14', 4, '150.00', '2022-09-22 20:52:03', b'1'),
(976, 146, '2022-10-07', 1, '300.00', '2022-09-22 21:40:36', b'1'),
(977, 146, '2022-10-22', 2, '300.00', '2022-09-22 21:40:36', b'1'),
(986, 148, '2022-08-17', 1, '385.00', '2022-09-28 13:59:00', b'0'),
(987, 148, '2022-09-01', 2, '385.00', '2022-09-23 14:06:50', b'1'),
(988, 148, '2022-09-16', 3, '385.00', '2022-09-23 14:06:50', b'1'),
(989, 148, '2022-10-01', 4, '385.00', '2022-09-23 14:06:50', b'1'),
(990, 148, '2022-10-18', 5, '385.00', '2022-09-23 14:06:50', b'1'),
(991, 148, '2022-10-31', 6, '385.00', '2022-09-23 14:06:50', b'1'),
(992, 149, '2022-10-08', 1, '1180.00', '2022-09-23 14:20:04', b'1'),
(993, 149, '2022-10-25', 2, '1180.00', '2022-09-23 14:20:04', b'1'),
(994, 150, '2022-10-08', 1, '510.00', '2022-09-23 14:57:19', b'1'),
(995, 150, '2022-10-25', 2, '510.00', '2022-09-23 14:57:19', b'1'),
(996, 150, '2022-11-07', 3, '510.00', '2022-09-23 14:57:19', b'1'),
(997, 150, '2022-11-22', 4, '510.00', '2022-09-23 14:57:19', b'1'),
(998, 151, '2022-10-08', 1, '510.00', '2022-09-23 19:48:03', b'1'),
(999, 151, '2022-10-25', 2, '510.00', '2022-09-23 19:48:03', b'1'),
(1000, 151, '2022-11-07', 3, '510.00', '2022-09-23 19:48:03', b'1'),
(1001, 151, '2022-11-22', 4, '510.00', '2022-09-23 19:48:03', b'1'),
(1015, 155, '2022-10-04', 1, '2310.00', '2022-10-04 19:58:38', b'0'),
(1016, 155, '2022-10-11', 2, '2310.00', '2022-09-26 19:40:01', b'1'),
(1017, 155, '2022-10-18', 3, '2310.00', '2022-09-26 19:40:01', b'1'),
(1018, 155, '2022-10-25', 4, '2310.00', '2022-09-26 19:40:01', b'1'),
(1019, 155, '2022-11-01', 5, '2310.00', '2022-09-26 19:40:01', b'1'),
(1020, 155, '2022-11-08', 6, '2310.00', '2022-09-26 19:40:01', b'1'),
(1021, 155, '2022-11-15', 7, '2310.00', '2022-09-26 19:40:01', b'1'),
(1022, 155, '2022-11-22', 8, '2310.00', '2022-09-26 19:40:01', b'1'),
(1023, 156, '2022-08-02', 1, '3206.70', '2022-09-27 14:36:10', b'1'),
(1024, 156, '2022-08-15', 2, '3206.70', '2022-09-27 14:36:10', b'1'),
(1025, 156, '2022-08-30', 3, '3206.70', '2022-09-27 14:36:10', b'1'),
(1026, 156, '2022-09-14', 4, '3206.70', '2022-09-27 14:36:10', b'1'),
(1027, 156, '2022-09-29', 5, '3206.70', '2022-09-27 14:36:10', b'1'),
(1028, 156, '2022-10-14', 6, '3206.70', '2022-09-27 14:36:10', b'1'),
(1029, 157, '2022-10-13', 1, '590.00', '2022-09-28 20:03:03', b'1'),
(1030, 157, '2022-10-28', 2, '590.00', '2022-09-28 20:03:03', b'1'),
(1031, 158, '2022-10-08', 1, '1180.00', '2022-09-29 13:49:47', b'1'),
(1032, 158, '2022-10-25', 2, '1180.00', '2022-09-29 13:49:47', b'1'),
(1037, 160, '2022-10-08', 1, '90.00', '2022-10-01 13:37:00', b'1'),
(1038, 160, '2022-10-15', 2, '90.00', '2022-10-01 13:37:00', b'1'),
(1039, 160, '2022-10-22', 3, '90.00', '2022-10-01 13:37:00', b'1'),
(1040, 160, '2022-10-29', 4, '90.00', '2022-10-01 13:37:00', b'1'),
(1041, 161, '2022-10-15', 1, '2436.70', '2022-10-05 21:12:32', b'1'),
(1042, 162, '2022-10-21', 1, '363.80', '2022-10-06 20:16:27', b'1'),
(1043, 162, '2022-11-05', 2, '363.80', '2022-10-06 20:16:27', b'1'),
(1044, 162, '2022-11-22', 3, '363.80', '2022-10-06 20:16:27', b'1'),
(1045, 162, '2022-12-05', 4, '363.80', '2022-10-06 20:16:27', b'1'),
(1046, 163, '2022-09-05', 1, '533.30', '2022-10-07 13:34:39', b'1'),
(1047, 163, '2022-10-05', 2, '533.30', '2022-10-07 13:34:39', b'1'),
(1048, 163, '2022-11-05', 3, '533.30', '2022-10-07 13:34:39', b'1'),
(1049, 163, '2022-12-05', 4, '533.30', '2022-10-07 13:34:39', b'1'),
(1050, 163, '2023-01-05', 5, '533.30', '2022-10-07 13:34:39', b'1'),
(1051, 163, '2023-02-07', 6, '533.30', '2022-10-07 13:34:39', b'1'),
(1052, 164, '2022-10-14', 1, '150.00', '2022-10-07 15:09:11', b'1'),
(1053, 164, '2022-10-21', 2, '150.00', '2022-10-07 15:09:11', b'1'),
(1054, 164, '2022-10-28', 3, '150.00', '2022-10-07 15:09:11', b'1'),
(1055, 164, '2022-11-04', 4, '150.00', '2022-10-07 15:09:11', b'1'),
(1056, 165, '2022-10-26', 1, '855.00', '2022-10-11 14:13:57', b'1'),
(1057, 165, '2022-11-10', 2, '855.00', '2022-10-11 14:13:57', b'1');

-- --------------------------------------------------------

--
-- Estructura de tabla para la tabla `payments`
--

CREATE TABLE `payments` (
  `id` bigint(20) NOT NULL,
  `loan_item_id` bigint(20) NOT NULL,
  `mount` decimal(20,2) NOT NULL,
  `surcharge` decimal(20,2) DEFAULT 0.00,
  `document_payment_id` bigint(20) DEFAULT NULL
) ENGINE=InnoDB DEFAULT CHARSET=utf32 COLLATE=utf32_spanish_ci;

--
-- Volcado de datos para la tabla `payments`
--

INSERT INTO `payments` (`id`, `loan_item_id`, `mount`, `surcharge`, `document_payment_id`) VALUES
(34, 946, '641.70', '0.00', 27),
(35, 947, '150.00', '0.00', 27),
(36, 153, '385.00', '0.00', 28),
(37, 154, '385.00', '0.00', 28),
(38, 155, '385.00', '0.00', 28),
(39, 480, '332.50', '0.00', 29),
(40, 481, '332.50', '0.00', 29),
(41, 482, '332.50', '0.00', 29),
(42, 12, '256.70', '0.00', 30),
(43, 13, '256.70', '0.00', 30),
(44, 14, '256.70', '0.00', 30),
(45, 15, '256.70', '0.00', 30),
(46, 16, '256.70', '0.00', 30),
(47, 17, '256.70', '0.00', 30),
(48, 5, '150.00', '0.00', 31),
(49, 18, '50.00', '0.00', 32),
(50, 18, '100.70', '0.00', 33),
(51, 18, '10.00', '0.00', 34),
(52, 5, '190.00', '10.00', 35),
(53, 6, '340.00', '11.00', 35),
(54, 18, '50.00', '10.00', 36),
(55, 18, '46.00', '0.00', 37),
(56, 19, '100.00', '5.00', 38),
(57, 19, '100.70', '5.00', 39),
(58, 19, '56.00', '5.00', 40),
(59, 20, '100.00', '5.00', 41),
(60, 20, '156.70', '0.00', 42),
(61, 870, '138.00', '12.00', 43),
(62, 871, '138.00', '0.00', 43),
(63, 715, '498.10', '0.00', 44),
(64, 716, '498.10', '0.00', 44),
(65, 717, '498.10', '0.00', 44),
(66, 718, '498.10', '5.00', 45),
(67, 872, '100.00', '50.00', 46);

-- --------------------------------------------------------

--
-- Estructura de tabla para la tabla `permissions`
--

CREATE TABLE `permissions` (
  `id` int(11) NOT NULL,
  `name` varchar(50) NOT NULL DEFAULT ''
) ENGINE=InnoDB DEFAULT CHARSET=utf8;

--
-- Volcado de datos para la tabla `permissions`
--

INSERT INTO `permissions` (`id`, `name`) VALUES
(1, 'PERMISSION_CREATE'),
(2, 'PERMISSION_READ'),
(3, 'PERMISSION_UPDATE'),
(4, 'PERMISSION_DELETE'),
(5, 'ROLE_PERMISION_CREATE'),
(6, 'ROLE_PERMISION_READ'),
(7, 'ROLE_PERMISION_UPDATE'),
(8, 'ROLE_PERMISION_DELETE'),
(9, 'ROLE_CREATE'),
(10, 'ROLE_READ'),
(11, 'ROLE_UPDATE'),
(12, 'ROLE_DELETE'),
(13, 'USER_ROLE_CREATE'),
(14, 'USER_ROLE_READ'),
(15, 'USER_ROLE_UPDATE'),
(16, 'USER_ROLE_DELETE'),
(17, 'USER_CREATE'),
(18, 'USER_READ'),
(19, 'USER_UPDATE'),
(20, 'USER_DELETE'),
(21, 'CUSTOMER_CREATE'),
(22, 'CUSTOMER_READ'),
(23, 'CUSTOMER_UPDATE'),
(24, 'CUSTOMER_DELETE'),
(25, 'LOAN_CREATE'),
(26, 'LOAN_READ'),
(27, 'LOAN_UPDATE'),
(28, 'LOAN_DELETE'),
(29, 'LOAN_ITEM_CREATE'),
(30, 'LOAN_ITEM_READ'),
(31, 'LOAN_ITEM_UPDATE'),
(32, 'LOAN_ITEM_DELETE'),
(33, 'GUARANTOR_CREATE'),
(34, 'GUARANTOR_READ'),
(35, 'GUARANTOR_UPDATE'),
(36, 'GUARANTOR_DELETE'),
(37, 'MICROPAIMENT_CREATE'),
(38, 'MICROPAIMENT_READ'),
(39, 'MICROPAIMENT_UPDATE'),
(40, 'MICROPAIMENT_DELETE'),
(41, 'COIN_CREATE'),
(42, 'COIN_READ'),
(43, 'COIN_UPDATE'),
(44, 'COIN_DELETE'),
(45, 'AUTHOR_CUSTOMER_CREATE'),
(46, 'AUTHOR_CUSTOMER_READ'),
(47, 'AUTHOR_CUSTOMER_UPDATE'),
(48, 'AUTHOR_CUSTOMER_DELETE'),
(49, 'AUTHOR_LOAN_CREATE'),
(50, 'AUTHOR_LOAN_READ'),
(51, 'AUTHOR_LOAN_UPDATE'),
(52, 'AUTHOR_LOAN_DELETE'),
(53, 'AUTHOR_LOAN_ITEM_CREATE'),
(54, 'AUTHOR_LOAN_ITEM_READ'),
(55, 'AUTHOR_LOAN_ITEM_UPDATE'),
(56, 'AUTHOR_LOAN_ITEM_DELETE'),
(57, 'AUTHOR_GUARANTOR_CREATE'),
(58, 'AUTHOR_GUARANTOR_READ'),
(59, 'AUTHOR_GUARANTOR_UPDATE'),
(60, 'AUTHOR_GUARANTOR_DELETE'),
(61, 'AUTHOR_MICROPAIMENT_CREATE'),
(62, 'AUTHOR_MICROPAIMENT_READ'),
(63, 'AUTHOR_MICROPAIMENT_UPDATE'),
(64, 'AUTHOR_MICROPAIMENT_DELETE'),
(65, 'AUTHOR_COIN_CREATE'),
(66, 'AUTHOR_COIN_READ'),
(67, 'AUTHOR_COIN_UPDATE'),
(68, 'AUTHOR_COIN_DELETE'),
(69, 'PAYMENT_CREATE'),
(70, 'PAYMENT_READ'),
(71, 'PAYMENT_UPDATE'),
(72, 'PAYMENT_DELETE'),
(73, 'AUTHOR_PAYMENT_CREATE'),
(74, 'AUTHOR_PAYMENT_READ'),
(75, 'AUTHOR_PAYMENT_UPDATE'),
(76, 'AUTHOR_PAYMENT_DELETE'),
(77, 'DOCUMENT_PAYMENT_CREATE'),
(78, 'DOCUMENT_PAYMENT_READ'),
(79, 'DOCUMENT_PAYMENT_UPDATE'),
(80, 'DOCUMENT_PAYMENT_DELETE'),
(81, 'AUTHOR_DOCUMENT_PAYMENT_CREATE'),
(82, 'AUTHOR_DOCUMENT_PAYMENT_READ'),
(83, 'AUTHOR_DOCUMENT_PAYMENT_UPDATE'),
(84, 'AUTHOR_DOCUMENT_PAYMENT_DELETE');

-- --------------------------------------------------------

--
-- Estructura de tabla para la tabla `roles`
--

CREATE TABLE `roles` (
  `id` int(11) NOT NULL,
  `name` varchar(15) DEFAULT NULL
) ENGINE=InnoDB DEFAULT CHARSET=utf8;

--
-- Volcado de datos para la tabla `roles`
--

INSERT INTO `roles` (`id`, `name`) VALUES
(1, 'ADMIN'),
(2, 'ADMIN_ADVISER'),
(3, 'AUX'),
(4, 'AUTHOR');

-- --------------------------------------------------------

--
-- Estructura de tabla para la tabla `roles_permissions`
--

CREATE TABLE `roles_permissions` (
  `id` int(11) NOT NULL,
  `role_id` int(11) DEFAULT NULL,
  `permission_id` int(11) DEFAULT NULL
) ENGINE=InnoDB DEFAULT CHARSET=utf8;

--
-- Volcado de datos para la tabla `roles_permissions`
--

INSERT INTO `roles_permissions` (`id`, `role_id`, `permission_id`) VALUES
(1, 1, 21),
(2, 1, 22),
(3, 1, 23),
(4, 1, 24),
(5, 1, 25),
(6, 1, 26),
(7, 1, 27),
(8, 1, 28),
(9, 1, 29),
(10, 1, 30),
(11, 1, 31),
(12, 1, 32),
(13, 1, 33),
(14, 1, 34),
(15, 1, 35),
(16, 1, 36),
(17, 1, 37),
(18, 1, 38),
(19, 1, 39),
(20, 1, 40),
(21, 1, 41),
(22, 1, 42),
(23, 1, 43),
(24, 1, 44),
(25, 3, 21),
(26, 3, 22),
(27, 3, 23),
(29, 3, 25),
(30, 3, 26),
(31, 3, 51),
(32, 3, 28),
(33, 3, 29),
(34, 3, 30),
(35, 3, 55),
(36, 3, 32),
(37, 3, 33),
(38, 3, 34),
(39, 3, 35),
(40, 3, 36),
(41, 3, 37),
(42, 3, 38),
(43, 3, 39),
(44, 3, 40),
(45, 3, 41),
(46, 3, 42),
(47, 3, 43),
(48, 3, 44),
(49, 2, 21),
(50, 2, 22),
(51, 2, 23),
(52, 2, 25),
(53, 2, 26),
(54, 2, 27),
(55, 2, 28),
(56, 2, 29),
(57, 2, 30),
(58, 2, 31),
(59, 2, 32),
(60, 2, 33),
(61, 2, 34),
(62, 2, 35),
(63, 2, 36),
(64, 2, 37),
(65, 2, 38),
(66, 2, 39),
(67, 2, 40),
(68, 2, 41),
(69, 2, 42),
(70, 2, 43),
(71, 2, 44),
(72, 1, 78),
(73, 2, 78),
(74, 3, 78),
(75, 4, 45),
(76, 4, 46),
(77, 4, 47),
(78, 4, 48),
(79, 4, 49),
(80, 4, 50),
(81, 4, 51),
(82, 4, 52),
(83, 4, 53),
(84, 4, 54),
(85, 4, 55),
(86, 4, 56),
(87, 4, 57),
(88, 4, 58),
(89, 4, 59),
(90, 4, 60),
(91, 4, 61),
(92, 4, 62),
(93, 4, 63),
(94, 4, 64),
(95, 4, 65),
(96, 4, 66),
(97, 4, 67),
(98, 4, 68),
(99, 4, 73),
(100, 4, 74),
(101, 4, 75),
(102, 4, 76),
(103, 4, 81),
(104, 4, 82),
(105, 4, 83),
(106, 4, 84);

-- --------------------------------------------------------

--
-- Estructura de tabla para la tabla `users`
--

CREATE TABLE `users` (
  `id` int(11) NOT NULL,
  `academic_degree` varchar(10) COLLATE utf8_spanish2_ci NOT NULL,
  `first_name` varchar(150) COLLATE utf8_spanish2_ci NOT NULL,
  `last_name` varchar(200) COLLATE utf8_spanish2_ci NOT NULL,
  `email` varchar(150) COLLATE utf8_spanish2_ci NOT NULL,
  `password` varchar(250) COLLATE utf8_spanish2_ci NOT NULL,
  `avatar` varchar(2000) COLLATE utf8_spanish2_ci NOT NULL
) ENGINE=InnoDB DEFAULT CHARSET=utf8 COLLATE=utf8_spanish2_ci;

--
-- Volcado de datos para la tabla `users`
--

INSERT INTO `users` (`id`, `academic_degree`, `first_name`, `last_name`, `email`, `password`, `avatar`) VALUES
(1, 'DR.', 'ORLANDO', 'BEJARANO FERNANDEZ', 'gerenciacredichuracasa@gmail.com', 'ad57cb3de9c53c1fc7de94665f6f1db2dfbcaaf73063769fed0b3011466eba602c2f423c4725c6dfacdc2973a518a18e0784e848ca3aabd7cadfd140df1df447', 'employee_man.png'),
(2, 'DR.', 'JERZON PABLO', 'SIHUAIROS', 'legalcredichuracasa@gmail.com', 'ad57cb3de9c53c1fc7de94665f6f1db2dfbcaaf73063769fed0b3011466eba602c2f423c4725c6dfacdc2973a518a18e0784e848ca3aabd7cadfd140df1df447', 'employee_man.png'),
(3, 'LIC.', 'GISELA', 'CARVAJAL NINAJA', 'credichuracasaadm@gmail.com', 'ad57cb3de9c53c1fc7de94665f6f1db2dfbcaaf73063769fed0b3011466eba602c2f423c4725c6dfacdc2973a518a18e0784e848ca3aabd7cadfd140df1df447', 'employee_woman.png'),
(4, 'ING.', 'RUSSETT', 'RODRIGUEZ VELIZ', 'cobrostarijacredichura@gmail.com', 'ad57cb3de9c53c1fc7de94665f6f1db2dfbcaaf73063769fed0b3011466eba602c2f423c4725c6dfacdc2973a518a18e0784e848ca3aabd7cadfd140df1df447', 'employee_man.png'),
(5, 'LIC.', 'CRISTIAN OLIVER', 'RAMOS VELIZ', 'auxiliartjacredichuracasa@gmail.com', 'ad57cb3de9c53c1fc7de94665f6f1db2dfbcaaf73063769fed0b3011466eba602c2f423c4725c6dfacdc2973a518a18e0784e848ca3aabd7cadfd140df1df447', 'employee_man.png'),
(6, 'DRA.', 'FABIOLA', 'ARDAYA ALCAZAR', 'agenciayacuibacredichuracasa@gmail.com', 'ad57cb3de9c53c1fc7de94665f6f1db2dfbcaaf73063769fed0b3011466eba602c2f423c4725c6dfacdc2973a518a18e0784e848ca3aabd7cadfd140df1df447', 'employee_woman.png'),
(7, 'DRA.', 'M ALEJANDRA', 'ZENTENO VELASCO', 'cobranzascredichuracasa@gmail.com', 'ad57cb3de9c53c1fc7de94665f6f1db2dfbcaaf73063769fed0b3011466eba602c2f423c4725c6dfacdc2973a518a18e0784e848ca3aabd7cadfd140df1df447', 'employee_woman.png'),
(8, '', 'PRUEBA', 'PRUEBA', 'prueba@gmail.com', 'ad57cb3de9c53c1fc7de94665f6f1db2dfbcaaf73063769fed0b3011466eba602c2f423c4725c6dfacdc2973a518a18e0784e848ca3aabd7cadfd140df1df447', '');

-- --------------------------------------------------------

--
-- Estructura de tabla para la tabla `users_roles`
--

CREATE TABLE `users_roles` (
  `id` int(11) NOT NULL,
  `user_id` int(11) DEFAULT NULL,
  `role_id` int(11) DEFAULT NULL
) ENGINE=InnoDB DEFAULT CHARSET=utf8;

--
-- Volcado de datos para la tabla `users_roles`
--

INSERT INTO `users_roles` (`id`, `user_id`, `role_id`) VALUES
(1, 1, 1),
(2, 2, 2),
(3, 3, 1),
(4, 4, 2),
(5, 5, 1),
(6, 6, 2),
(7, 7, 2),
(8, 8, 4);

--
-- Índices para tablas volcadas
--

--
-- Indices de la tabla `coins`
--
ALTER TABLE `coins`
  ADD PRIMARY KEY (`id`);

--
-- Indices de la tabla `customers`
--
ALTER TABLE `customers`
  ADD PRIMARY KEY (`id`),
  ADD UNIQUE KEY `dni` (`dni`),
  ADD KEY `FK_customers_users` (`user_id`);

--
-- Indices de la tabla `document_payments`
--
ALTER TABLE `document_payments`
  ADD PRIMARY KEY (`id`),
  ADD KEY `Índice 2` (`user_id`);

--
-- Indices de la tabla `guarantors`
--
ALTER TABLE `guarantors`
  ADD PRIMARY KEY (`id`) USING BTREE,
  ADD KEY `FK_guarantors_customers` (`customer_id`),
  ADD KEY `FK_guarantors_loans` (`loan_id`);

--
-- Indices de la tabla `loans`
--
ALTER TABLE `loans`
  ADD PRIMARY KEY (`id`),
  ADD KEY `customer_id` (`customer_id`),
  ADD KEY `coin_id` (`coin_id`);

--
-- Indices de la tabla `loan_items`
--
ALTER TABLE `loan_items`
  ADD PRIMARY KEY (`id`),
  ADD KEY `loan_id` (`loan_id`);

--
-- Indices de la tabla `payments`
--
ALTER TABLE `payments`
  ADD PRIMARY KEY (`id`) USING BTREE,
  ADD KEY `Índice 2` (`loan_item_id`) USING BTREE,
  ADD KEY `Índice 3` (`document_payment_id`) USING BTREE;

--
-- Indices de la tabla `permissions`
--
ALTER TABLE `permissions`
  ADD PRIMARY KEY (`id`) USING BTREE;

--
-- Indices de la tabla `roles`
--
ALTER TABLE `roles`
  ADD PRIMARY KEY (`id`) USING BTREE;

--
-- Indices de la tabla `roles_permissions`
--
ALTER TABLE `roles_permissions`
  ADD PRIMARY KEY (`id`) USING BTREE,
  ADD KEY `FK__roles` (`role_id`) USING BTREE,
  ADD KEY `FK__permissions` (`permission_id`) USING BTREE;

--
-- Indices de la tabla `users`
--
ALTER TABLE `users`
  ADD PRIMARY KEY (`id`);

--
-- Indices de la tabla `users_roles`
--
ALTER TABLE `users_roles`
  ADD PRIMARY KEY (`id`) USING BTREE,
  ADD KEY `FK__users` (`user_id`) USING BTREE,
  ADD KEY `FK__roles` (`role_id`) USING BTREE;

--
-- AUTO_INCREMENT de las tablas volcadas
--

--
-- AUTO_INCREMENT de la tabla `coins`
--
ALTER TABLE `coins`
  MODIFY `id` int(11) NOT NULL AUTO_INCREMENT, AUTO_INCREMENT=2;

--
-- AUTO_INCREMENT de la tabla `customers`
--
ALTER TABLE `customers`
  MODIFY `id` int(11) NOT NULL AUTO_INCREMENT, AUTO_INCREMENT=310;

--
-- AUTO_INCREMENT de la tabla `document_payments`
--
ALTER TABLE `document_payments`
  MODIFY `id` bigint(20) NOT NULL AUTO_INCREMENT, AUTO_INCREMENT=47;

--
-- AUTO_INCREMENT de la tabla `guarantors`
--
ALTER TABLE `guarantors`
  MODIFY `id` bigint(20) NOT NULL AUTO_INCREMENT, AUTO_INCREMENT=135;

--
-- AUTO_INCREMENT de la tabla `loans`
--
ALTER TABLE `loans`
  MODIFY `id` int(11) NOT NULL AUTO_INCREMENT, AUTO_INCREMENT=166;

--
-- AUTO_INCREMENT de la tabla `loan_items`
--
ALTER TABLE `loan_items`
  MODIFY `id` bigint(20) NOT NULL AUTO_INCREMENT, AUTO_INCREMENT=1058;

--
-- AUTO_INCREMENT de la tabla `payments`
--
ALTER TABLE `payments`
  MODIFY `id` bigint(20) NOT NULL AUTO_INCREMENT, AUTO_INCREMENT=68;

--
-- AUTO_INCREMENT de la tabla `permissions`
--
ALTER TABLE `permissions`
  MODIFY `id` int(11) NOT NULL AUTO_INCREMENT, AUTO_INCREMENT=85;

--
-- AUTO_INCREMENT de la tabla `roles`
--
ALTER TABLE `roles`
  MODIFY `id` int(11) NOT NULL AUTO_INCREMENT, AUTO_INCREMENT=5;

--
-- AUTO_INCREMENT de la tabla `roles_permissions`
--
ALTER TABLE `roles_permissions`
  MODIFY `id` int(11) NOT NULL AUTO_INCREMENT, AUTO_INCREMENT=107;

--
-- AUTO_INCREMENT de la tabla `users`
--
ALTER TABLE `users`
  MODIFY `id` int(11) NOT NULL AUTO_INCREMENT, AUTO_INCREMENT=9;

--
-- AUTO_INCREMENT de la tabla `users_roles`
--
ALTER TABLE `users_roles`
  MODIFY `id` int(11) NOT NULL AUTO_INCREMENT, AUTO_INCREMENT=9;

--
-- Restricciones para tablas volcadas
--

--
-- Filtros para la tabla `customers`
--
ALTER TABLE `customers`
  ADD CONSTRAINT `FK_customers_users` FOREIGN KEY (`user_id`) REFERENCES `users` (`id`) ON DELETE CASCADE ON UPDATE CASCADE;

--
-- Filtros para la tabla `document_payments`
--
ALTER TABLE `document_payments`
  ADD CONSTRAINT `FK__users` FOREIGN KEY (`user_id`) REFERENCES `users` (`id`) ON DELETE SET NULL ON UPDATE CASCADE;

--
-- Filtros para la tabla `guarantors`
--
ALTER TABLE `guarantors`
  ADD CONSTRAINT `FK_guarantors_customers` FOREIGN KEY (`customer_id`) REFERENCES `customers` (`id`) ON DELETE CASCADE ON UPDATE CASCADE,
  ADD CONSTRAINT `FK_guarantors_loans` FOREIGN KEY (`loan_id`) REFERENCES `loans` (`id`) ON DELETE CASCADE ON UPDATE CASCADE;

--
-- Filtros para la tabla `loans`
--
ALTER TABLE `loans`
  ADD CONSTRAINT `loans_ibfk_1` FOREIGN KEY (`customer_id`) REFERENCES `customers` (`id`) ON DELETE CASCADE ON UPDATE CASCADE,
  ADD CONSTRAINT `loans_ibfk_2` FOREIGN KEY (`coin_id`) REFERENCES `coins` (`id`) ON DELETE CASCADE ON UPDATE CASCADE;

--
-- Filtros para la tabla `loan_items`
--
ALTER TABLE `loan_items`
  ADD CONSTRAINT `loan_items_ibfk_1` FOREIGN KEY (`loan_id`) REFERENCES `loans` (`id`) ON DELETE CASCADE ON UPDATE CASCADE;

--
-- Filtros para la tabla `payments`
--
ALTER TABLE `payments`
  ADD CONSTRAINT `FK_payments_document_payments` FOREIGN KEY (`document_payment_id`) REFERENCES `document_payments` (`id`) ON DELETE SET NULL ON UPDATE CASCADE,
  ADD CONSTRAINT `FK_payments_loan_items` FOREIGN KEY (`loan_item_id`) REFERENCES `loan_items` (`id`) ON DELETE CASCADE ON UPDATE CASCADE;

--
-- Filtros para la tabla `roles_permissions`
--
ALTER TABLE `roles_permissions`
  ADD CONSTRAINT `FK__permissions` FOREIGN KEY (`permission_id`) REFERENCES `permissions` (`id`) ON DELETE CASCADE ON UPDATE CASCADE,
  ADD CONSTRAINT `FK__roles` FOREIGN KEY (`role_id`) REFERENCES `roles` (`id`) ON DELETE CASCADE ON UPDATE CASCADE;

--
-- Filtros para la tabla `users_roles`
--
ALTER TABLE `users_roles`
  ADD CONSTRAINT `FK___roles` FOREIGN KEY (`role_id`) REFERENCES `roles` (`id`) ON DELETE CASCADE ON UPDATE CASCADE,
  ADD CONSTRAINT `FK___users` FOREIGN KEY (`user_id`) REFERENCES `users` (`id`) ON DELETE CASCADE ON UPDATE CASCADE;
COMMIT;

/*!40101 SET CHARACTER_SET_CLIENT=@OLD_CHARACTER_SET_CLIENT */;
/*!40101 SET CHARACTER_SET_RESULTS=@OLD_CHARACTER_SET_RESULTS */;
/*!40101 SET COLLATION_CONNECTION=@OLD_COLLATION_CONNECTION */;
