-- phpMyAdmin SQL Dump
-- version 5.0.2
-- https://www.phpmyadmin.net/
--
-- Servidor: 127.0.0.1
-- Tiempo de generación: 27-08-2022 a las 21:26:08
-- Versión del servidor: 10.4.11-MariaDB
-- Versión de PHP: 7.4.5

SET SQL_MODE = "NO_AUTO_VALUE_ON_ZERO";
START TRANSACTION;
SET time_zone = "+00:00";


/*!40101 SET @OLD_CHARACTER_SET_CLIENT=@@CHARACTER_SET_CLIENT */;
/*!40101 SET @OLD_CHARACTER_SET_RESULTS=@@CHARACTER_SET_RESULTS */;
/*!40101 SET @OLD_COLLATION_CONNECTION=@@COLLATION_CONNECTION */;
/*!40101 SET NAMES utf8mb4 */;

--
-- Base de datos: `db_ci-cobranza2`
--

-- --------------------------------------------------------

--
-- Estructura de tabla para la tabla `coins`
--

CREATE TABLE `coins` (
  `id` int(11) NOT NULL,
  `name` varchar(20) COLLATE utf8_spanish_ci NOT NULL,
  `short_name` varchar(50) COLLATE utf8_spanish_ci NOT NULL,
  `symbol` varchar(11) COLLATE utf8_spanish_ci NOT NULL,
  `description` varchar(70) COLLATE utf8_spanish_ci DEFAULT NULL
) ENGINE=InnoDB DEFAULT CHARSET=utf8 COLLATE=utf8_spanish_ci;

--
-- Volcado de datos para la tabla `coins`
--

INSERT INTO `coins` (`id`, `name`, `short_name`, `symbol`, `description`) VALUES
(1, 'bolivianos', 'Bs', 'b', 'Moneda nacional'),
(2, 'dolar', 'usd', '$', 'dolar estadounidense'),
(3, 'euros', 'eu', 'e', 'moneda europea');

-- --------------------------------------------------------

--
-- Estructura de tabla para la tabla `customers`
--

CREATE TABLE `customers` (
  `id` int(11) NOT NULL,
  `dni` varchar(20) COLLATE utf8_spanish_ci NOT NULL COMMENT 'ci',
  `first_name` varchar(150) COLLATE utf8_spanish_ci NOT NULL,
  `last_name` varchar(150) COLLATE utf8_spanish_ci NOT NULL,
  `gender` enum('masculino','femenino','','') COLLATE utf8_spanish_ci DEFAULT NULL,
  `address` varchar(160) COLLATE utf8_spanish_ci DEFAULT NULL,
  `mobile` varchar(32) COLLATE utf8_spanish_ci DEFAULT NULL,
  `phone` varchar(20) COLLATE utf8_spanish_ci DEFAULT NULL,
  `business_name` varchar(100) COLLATE utf8_spanish_ci DEFAULT NULL,
  `ruc` varchar(20) COLLATE utf8_spanish_ci DEFAULT NULL COMMENT 'nit',
  `company` varchar(150) COLLATE utf8_spanish_ci DEFAULT NULL,
  `loan_status` int(11) NOT NULL DEFAULT 0,
  `user_id` int(11) DEFAULT NULL COMMENT 'adviser_id'
) ENGINE=InnoDB DEFAULT CHARSET=utf8 COLLATE=utf8_spanish_ci;

--
-- Volcado de datos para la tabla `customers`
--

INSERT INTO `customers` (`id`, `dni`, `first_name`, `last_name`, `gender`, `address`, `mobile`, `phone`, `business_name`, `ruc`, `company`, `loan_status`, `user_id`) VALUES
(8, '12345678', 'María', 'chavez', 'masculino', '', '', '', '', '', '', 1, 1),
(9, '344555', 'mario', 'flores', 'femenino', '', '', '', '', '', '', 1, 1),
(10, '12344', 'RUBEN', 'CHAVEZ', 'masculino', 'av el incas98', '', '', '', '', '', 1, 2),
(11, '123451', 'diego', 'arnica', 'masculino', 'mariano cron 45', '', '', '', '', '', 0, 1),
(12, '7654321', 'matilde', 'frisanc', 'femenino', 'choqwur n455', '', '', '', '', '', 0, 1),
(13, '1223', 'PABLO', 'MORALESSS', 'masculino', '', '', '', '', '', '', 1, 2),
(14, '6565565', 'Pedro', 'Fernandez', 'masculino', 'Calle las calles', '7935689', '4856985', '', '', 'Xempresas', 0, 1),
(16, '12131415', 'Ramiro', 'Fuentes', 'masculino', 'Calle X', '7564854', '', '', '', '', 0, 1),
(17, '454125', 'CLARIZA', 'PRADO', 'femenino', 'Calle y dirección', '7935689', '4856958', '', '', '', 1, 1),
(18, '548967', 'DANIEL', 'FERNANDEZ', 'masculino', 'calle x', '7935689', '', '', '', '', 0, 2),
(19, '5569949', 'JHESICA', 'PRADO CáRDENAS', 'femenino', 'Calle X Y', '7935689', '', '', '', '', 0, 2),
(21, '1213212', 'JAIME', 'OMONTE', 'masculino', '', '', '', '', '', '', 0, 2);

-- --------------------------------------------------------

--
-- Estructura de tabla para la tabla `guarantors`
--

CREATE TABLE `guarantors` (
  `id` bigint(20) NOT NULL,
  `loan_id` int(11) NOT NULL,
  `customer_id` int(11) NOT NULL
) ENGINE=InnoDB DEFAULT CHARSET=utf8mb4;

--
-- Volcado de datos para la tabla `guarantors`
--

INSERT INTO `guarantors` (`id`, `loan_id`, `customer_id`) VALUES
(8, 38, 11),
(9, 38, 12),
(10, 38, 14),
(11, 38, 16),
(12, 39, 18),
(13, 39, 19);

-- --------------------------------------------------------

--
-- Estructura de tabla para la tabla `loans`
--

CREATE TABLE `loans` (
  `id` int(11) NOT NULL,
  `customer_id` int(11) NOT NULL,
  `credit_amount` decimal(15,2) NOT NULL,
  `interest_amount` decimal(15,2) NOT NULL,
  `num_fee` int(3) NOT NULL,
  `fee_amount` decimal(10,2) NOT NULL,
  `payment_m` varchar(15) COLLATE utf8_spanish_ci NOT NULL,
  `coin_id` int(11) NOT NULL,
  `date` date NOT NULL,
  `status` bit(1) NOT NULL DEFAULT b'1'
) ENGINE=InnoDB DEFAULT CHARSET=utf8 COLLATE=utf8_spanish_ci;

--
-- Volcado de datos para la tabla `loans`
--

INSERT INTO `loans` (`id`, `customer_id`, `credit_amount`, `interest_amount`, `num_fee`, `fee_amount`, `payment_m`, `coin_id`, `date`, `status`) VALUES
(10, 11, '3000.00', '3.00', 4, '772.50', 'mensual', 3, '2021-07-04', b'0'),
(11, 10, '3000.00', '4.00', 3, '1040.00', 'mensual', 1, '2021-07-18', b'1'),
(12, 9, '2000.00', '2.00', 3, '680.00', 'mensual', 1, '2021-07-18', b'0'),
(13, 12, '1000.00', '2.00', 4, '255.00', 'mensual', 2, '2021-07-18', b'0'),
(14, 13, '4000.00', '3.00', 4, '1030.00', 'mensual', 3, '2021-07-18', b'1'),
(16, 10, '10000.00', '1.00', 25, '404.00', 'mensual', 1, '2022-08-13', b'1'),
(20, 14, '1500.00', '18.00', 3, '770.00', 'diario', 1, '2022-08-24', b'0'),
(22, 16, '4000.00', '17.00', 8, '1180.00', 'quincenal', 1, '2022-08-25', b'0'),
(23, 12, '1000.00', '17.00', 4, '335.00', 'quincenal', 1, '2022-08-25', b'0'),
(24, 17, '2000.00', '18.00', 10, '380.00', 'quincenal', 1, '2022-08-26', b'0'),
(25, 9, '500.00', '15.00', 16, '50.00', 'semanal', 1, '2022-08-27', b'0'),
(26, 8, '5000.00', '17.00', 10, '925.00', 'quincenal', 1, '2022-08-27', b'0'),
(27, 11, '5000.00', '14.00', 10, '850.00', 'quincenal', 1, '2022-08-27', b'0'),
(28, 11, '5000.00', '14.00', 10, '850.00', 'quincenal', 1, '2022-08-27', b'0'),
(29, 17, '10000.00', '14.00', 24, '1116.70', 'quincenal', 1, '2022-08-27', b'0'),
(30, 17, '10000.00', '14.00', 24, '1116.70', 'quincenal', 1, '2022-08-27', b'1'),
(31, 8, '50000.00', '14.00', 48, '4541.70', 'quincenal', 1, '2022-08-27', b'0'),
(32, 9, '100.00', '14.00', 4, '32.00', 'quincenal', 1, '2022-08-27', b'0'),
(33, 11, '5000.00', '14.00', 4, '1950.00', 'mensual', 1, '2022-08-27', b'1'),
(34, 12, '5000.00', '14.00', 14, '707.10', 'quincenal', 1, '2022-08-27', b'1'),
(35, 12, '5000.00', '14.00', 14, '707.10', 'quincenal', 1, '2022-08-27', b'1'),
(36, 8, '500.00', '14.00', 2, '285.00', 'quincenal', 1, '2022-08-27', b'1'),
(37, 17, '10000.00', '14.00', 2, '5700.00', 'quincenal', 1, '2022-08-27', b'1'),
(38, 9, '4000.00', '14.00', 2, '2280.00', 'quincenal', 1, '2022-08-27', b'1'),
(39, 13, '5000.00', '14.00', 4, '1600.00', 'quincenal', 1, '2022-08-27', b'1');

-- --------------------------------------------------------

--
-- Estructura de tabla para la tabla `loan_items`
--

CREATE TABLE `loan_items` (
  `id` int(11) NOT NULL,
  `loan_id` int(11) NOT NULL,
  `date` date NOT NULL,
  `num_quota` int(11) NOT NULL,
  `fee_amount` decimal(25,2) NOT NULL,
  `pay_date` timestamp NOT NULL DEFAULT current_timestamp() ON UPDATE current_timestamp(),
  `status` bit(1) NOT NULL DEFAULT b'1'
) ENGINE=InnoDB DEFAULT CHARSET=utf8 COLLATE=utf8_spanish_ci;

--
-- Volcado de datos para la tabla `loan_items`
--

INSERT INTO `loan_items` (`id`, `loan_id`, `date`, `num_quota`, `fee_amount`, `pay_date`, `status`) VALUES
(41, 10, '2021-08-04', 1, '772.50', '2022-08-23 19:44:00', b'0'),
(42, 10, '2021-09-04', 2, '772.50', '2021-07-08 22:40:50', b'0'),
(43, 10, '2021-10-04', 3, '772.50', '2022-08-12 23:06:25', b'0'),
(44, 10, '2021-11-04', 4, '772.50', '2022-08-12 23:06:30', b'0'),
(45, 11, '2021-08-18', 1, '1040.00', '2022-08-22 13:50:24', b'0'),
(46, 11, '2021-09-18', 2, '1040.00', '2022-08-12 23:14:41', b'1'),
(47, 11, '2021-10-18', 3, '1040.00', '2022-08-12 23:14:44', b'1'),
(48, 12, '2021-08-18', 1, '680.00', '2022-08-22 21:56:36', b'0'),
(49, 12, '2021-09-18', 2, '680.00', '2022-08-23 00:08:48', b'0'),
(50, 12, '2021-10-18', 3, '680.00', '2022-08-23 19:54:47', b'0'),
(51, 13, '2021-08-18', 1, '255.00', '2022-08-27 02:50:38', b'0'),
(52, 13, '2021-09-18', 2, '255.00', '2022-08-27 02:55:18', b'0'),
(53, 13, '2021-10-18', 3, '255.00', '2022-08-27 02:58:31', b'0'),
(54, 13, '2021-11-18', 4, '255.00', '2022-08-27 02:58:31', b'0'),
(55, 14, '2021-08-18', 1, '1030.00', '2021-07-19 02:26:15', b'0'),
(56, 14, '2021-09-18', 2, '1030.00', '2021-07-19 02:26:16', b'0'),
(57, 14, '2021-10-18', 3, '1030.00', '2022-08-13 23:41:07', b'0'),
(58, 14, '2021-11-18', 4, '1030.00', '2021-07-19 02:23:32', b'1'),
(64, 16, '2022-09-13', 1, '404.00', '2022-08-23 19:33:16', b'0'),
(65, 16, '2022-10-13', 2, '404.00', '2022-08-12 23:32:09', b'1'),
(66, 16, '2022-11-14', 3, '404.00', '2022-08-12 23:32:09', b'1'),
(67, 16, '2022-12-14', 4, '404.00', '2022-08-12 23:32:09', b'1'),
(68, 16, '2023-01-14', 5, '404.00', '2022-08-12 23:32:09', b'1'),
(69, 16, '2023-02-14', 6, '404.00', '2022-08-12 23:32:09', b'1'),
(70, 16, '2023-03-14', 7, '404.00', '2022-08-12 23:32:09', b'1'),
(71, 16, '2023-04-14', 8, '404.00', '2022-08-12 23:32:09', b'1'),
(72, 16, '2023-05-14', 9, '404.00', '2022-08-12 23:32:10', b'1'),
(73, 16, '2023-06-14', 10, '404.00', '2022-08-12 23:32:10', b'1'),
(74, 16, '2023-07-14', 11, '404.00', '2022-08-12 23:32:10', b'1'),
(75, 16, '2023-08-14', 12, '404.00', '2022-08-12 23:32:10', b'1'),
(76, 16, '2023-09-14', 13, '404.00', '2022-08-12 23:32:10', b'1'),
(77, 16, '2023-10-14', 14, '404.00', '2022-08-12 23:32:10', b'1'),
(78, 16, '2023-11-14', 15, '404.00', '2022-08-12 23:32:10', b'1'),
(79, 16, '2023-12-14', 16, '404.00', '2022-08-12 23:32:10', b'1'),
(80, 16, '2024-01-14', 17, '404.00', '2022-08-12 23:32:10', b'1'),
(81, 16, '2024-02-14', 18, '404.00', '2022-08-12 23:32:10', b'1'),
(82, 16, '2024-03-14', 19, '404.00', '2022-08-12 23:32:10', b'1'),
(83, 16, '2024-04-14', 20, '404.00', '2022-08-12 23:32:10', b'1'),
(84, 16, '2024-05-14', 21, '404.00', '2022-08-12 23:32:10', b'1'),
(85, 16, '2024-06-14', 22, '404.00', '2022-08-12 23:32:10', b'1'),
(86, 16, '2024-07-14', 23, '404.00', '2022-08-12 23:32:10', b'1'),
(87, 16, '2024-08-14', 24, '404.00', '2022-08-12 23:32:10', b'1'),
(88, 16, '2024-09-14', 25, '404.00', '2022-08-12 23:32:10', b'1'),
(102, 20, '2022-08-25', 1, '770.00', '2022-08-24 18:04:00', b'0'),
(103, 20, '2022-08-26', 2, '770.00', '2022-08-24 18:18:43', b'0'),
(104, 20, '2022-08-27', 3, '770.00', '2022-08-24 18:18:43', b'0'),
(113, 22, '2022-09-09', 1, '1180.00', '2022-08-27 01:32:08', b'0'),
(114, 22, '2022-09-24', 2, '1180.00', '2022-08-27 01:47:25', b'0'),
(115, 22, '2022-10-11', 3, '1180.00', '2022-08-27 02:51:13', b'0'),
(116, 22, '2022-10-24', 4, '1180.00', '2022-08-27 16:12:00', b'0'),
(117, 22, '2022-11-08', 5, '1180.00', '2022-08-27 16:12:00', b'0'),
(118, 22, '2022-11-23', 6, '1180.00', '2022-08-27 16:12:00', b'0'),
(119, 22, '2022-12-08', 7, '1180.00', '2022-08-27 16:12:00', b'0'),
(120, 22, '2022-12-23', 8, '1180.00', '2022-08-27 16:12:00', b'0'),
(121, 23, '2022-09-09', 1, '335.00', '2022-08-27 18:08:04', b'0'),
(122, 23, '2022-09-24', 2, '335.00', '2022-08-27 18:08:05', b'0'),
(123, 23, '2022-10-11', 3, '335.00', '2022-08-27 18:08:05', b'0'),
(124, 23, '2022-10-24', 4, '335.00', '2022-08-27 18:08:05', b'0'),
(125, 24, '2022-09-10', 1, '380.00', '2022-08-27 01:45:22', b'0'),
(126, 24, '2022-09-27', 2, '380.00', '2022-08-27 01:45:22', b'0'),
(127, 24, '2022-10-10', 3, '380.00', '2022-08-27 02:00:39', b'0'),
(128, 24, '2022-10-25', 4, '380.00', '2022-08-27 02:51:45', b'0'),
(129, 24, '2022-11-09', 5, '380.00', '2022-08-27 02:51:45', b'0'),
(130, 24, '2022-11-24', 6, '380.00', '2022-08-27 16:14:12', b'0'),
(131, 24, '2022-12-09', 7, '380.00', '2022-08-27 16:14:12', b'0'),
(132, 24, '2022-12-24', 8, '380.00', '2022-08-27 16:14:12', b'0'),
(133, 24, '2023-01-10', 9, '380.00', '2022-08-27 16:14:12', b'0'),
(134, 24, '2023-01-23', 10, '380.00', '2022-08-27 16:14:12', b'0'),
(135, 25, '2022-09-03', 1, '50.00', '2022-08-27 14:11:35', b'0'),
(136, 25, '2022-09-10', 2, '50.00', '2022-08-27 14:11:35', b'0'),
(137, 25, '2022-09-17', 3, '50.00', '2022-08-27 14:16:21', b'0'),
(138, 25, '2022-09-24', 4, '50.00', '2022-08-27 16:12:25', b'0'),
(139, 25, '2022-10-01', 5, '50.00', '2022-08-27 16:12:26', b'0'),
(140, 25, '2022-10-08', 6, '50.00', '2022-08-27 16:12:26', b'0'),
(141, 25, '2022-10-15', 7, '50.00', '2022-08-27 16:12:26', b'0'),
(142, 25, '2022-10-22', 8, '50.00', '2022-08-27 16:13:09', b'0'),
(143, 25, '2022-10-29', 9, '50.00', '2022-08-27 16:13:09', b'0'),
(144, 25, '2022-11-05', 10, '50.00', '2022-08-27 16:13:09', b'0'),
(145, 25, '2022-11-12', 11, '50.00', '2022-08-27 16:13:09', b'0'),
(146, 25, '2022-11-19', 12, '50.00', '2022-08-27 16:13:09', b'0'),
(147, 25, '2022-11-26', 13, '50.00', '2022-08-27 16:13:09', b'0'),
(148, 25, '2022-12-03', 14, '50.00', '2022-08-27 16:13:09', b'0'),
(149, 25, '2022-12-10', 15, '50.00', '2022-08-27 16:13:09', b'0'),
(150, 25, '2022-12-17', 16, '50.00', '2022-08-27 16:13:09', b'0'),
(151, 26, '2022-09-13', 1, '925.00', '2022-08-27 16:11:32', b'0'),
(152, 26, '2022-09-26', 2, '925.00', '2022-08-27 16:11:32', b'0'),
(153, 26, '2022-10-11', 3, '925.00', '2022-08-27 16:11:32', b'0'),
(154, 26, '2022-10-26', 4, '925.00', '2022-08-27 16:11:32', b'0'),
(155, 26, '2022-11-10', 5, '925.00', '2022-08-27 16:11:32', b'0'),
(156, 26, '2022-11-25', 6, '925.00', '2022-08-27 16:11:32', b'0'),
(157, 26, '2022-12-10', 7, '925.00', '2022-08-27 16:11:32', b'0'),
(158, 26, '2022-12-27', 8, '925.00', '2022-08-27 16:11:32', b'0'),
(159, 26, '2023-01-09', 9, '925.00', '2022-08-27 16:11:32', b'0'),
(160, 26, '2023-01-24', 10, '925.00', '2022-08-27 16:11:32', b'0'),
(161, 27, '2022-09-13', 1, '850.00', '2022-08-27 16:13:38', b'0'),
(162, 27, '2022-09-26', 2, '850.00', '2022-08-27 16:13:38', b'0'),
(163, 27, '2022-10-11', 3, '850.00', '2022-08-27 16:13:38', b'0'),
(164, 27, '2022-10-26', 4, '850.00', '2022-08-27 16:13:39', b'0'),
(165, 27, '2022-11-10', 5, '850.00', '2022-08-27 16:13:39', b'0'),
(166, 27, '2022-11-25', 6, '850.00', '2022-08-27 16:13:39', b'0'),
(167, 27, '2022-12-10', 7, '850.00', '2022-08-27 16:13:39', b'0'),
(168, 27, '2022-12-27', 8, '850.00', '2022-08-27 16:13:39', b'0'),
(169, 27, '2023-01-09', 9, '850.00', '2022-08-27 16:13:39', b'0'),
(170, 27, '2023-01-24', 10, '850.00', '2022-08-27 16:13:39', b'0'),
(171, 28, '2022-09-13', 1, '850.00', '2022-08-27 18:07:44', b'0'),
(172, 28, '2022-09-26', 2, '850.00', '2022-08-27 18:07:44', b'0'),
(173, 28, '2022-10-11', 3, '850.00', '2022-08-27 18:07:44', b'0'),
(174, 28, '2022-10-26', 4, '850.00', '2022-08-27 18:07:44', b'0'),
(175, 28, '2022-11-10', 5, '850.00', '2022-08-27 18:07:44', b'0'),
(176, 28, '2022-11-25', 6, '850.00', '2022-08-27 18:07:44', b'0'),
(177, 28, '2022-12-10', 7, '850.00', '2022-08-27 18:07:44', b'0'),
(178, 28, '2022-12-27', 8, '850.00', '2022-08-27 18:07:44', b'0'),
(179, 28, '2023-01-09', 9, '850.00', '2022-08-27 18:07:44', b'0'),
(180, 28, '2023-01-24', 10, '850.00', '2022-08-27 18:07:44', b'0'),
(181, 29, '2022-09-13', 1, '1116.70', '2022-08-27 18:08:26', b'0'),
(182, 29, '2022-09-26', 2, '1116.70', '2022-08-27 18:08:26', b'0'),
(183, 29, '2022-10-11', 3, '1116.70', '2022-08-27 18:08:26', b'0'),
(184, 29, '2022-10-26', 4, '1116.70', '2022-08-27 18:08:26', b'0'),
(185, 29, '2022-11-10', 5, '1116.70', '2022-08-27 18:08:26', b'0'),
(186, 29, '2022-11-25', 6, '1116.70', '2022-08-27 18:08:27', b'0'),
(187, 29, '2022-12-10', 7, '1116.70', '2022-08-27 18:08:27', b'0'),
(188, 29, '2022-12-27', 8, '1116.70', '2022-08-27 18:09:02', b'0'),
(189, 29, '2023-01-09', 9, '1116.70', '2022-08-27 18:09:02', b'0'),
(190, 29, '2023-01-24', 10, '1116.70', '2022-08-27 18:09:02', b'0'),
(191, 29, '2023-02-08', 11, '1116.70', '2022-08-27 18:09:02', b'0'),
(192, 29, '2023-02-23', 12, '1116.70', '2022-08-27 18:09:02', b'0'),
(193, 29, '2023-03-10', 13, '1116.70', '2022-08-27 18:09:02', b'0'),
(194, 29, '2023-03-25', 14, '1116.70', '2022-08-27 18:09:02', b'0'),
(195, 29, '2023-04-11', 15, '1116.70', '2022-08-27 18:09:02', b'0'),
(196, 29, '2023-04-24', 16, '1116.70', '2022-08-27 18:09:02', b'0'),
(197, 29, '2023-05-09', 17, '1116.70', '2022-08-27 18:09:02', b'0'),
(198, 29, '2023-05-24', 18, '1116.70', '2022-08-27 18:09:02', b'0'),
(199, 29, '2023-06-08', 19, '1116.70', '2022-08-27 18:09:02', b'0'),
(200, 29, '2023-06-23', 20, '1116.70', '2022-08-27 18:09:02', b'0'),
(201, 29, '2023-07-08', 21, '1116.70', '2022-08-27 18:09:02', b'0'),
(202, 29, '2023-07-25', 22, '1116.70', '2022-08-27 18:09:02', b'0'),
(203, 29, '2023-08-07', 23, '1116.70', '2022-08-27 18:09:03', b'0'),
(204, 29, '2023-08-22', 24, '1116.70', '2022-08-27 18:09:03', b'0'),
(205, 30, '2022-09-13', 1, '1116.70', '2022-08-27 16:17:33', b'1'),
(206, 30, '2022-09-26', 2, '1116.70', '2022-08-27 16:17:33', b'1'),
(207, 30, '2022-10-11', 3, '1116.70', '2022-08-27 16:17:33', b'1'),
(208, 30, '2022-10-26', 4, '1116.70', '2022-08-27 16:17:33', b'1'),
(209, 30, '2022-11-10', 5, '1116.70', '2022-08-27 16:17:33', b'1'),
(210, 30, '2022-11-25', 6, '1116.70', '2022-08-27 16:17:33', b'1'),
(211, 30, '2022-12-10', 7, '1116.70', '2022-08-27 16:17:33', b'1'),
(212, 30, '2022-12-27', 8, '1116.70', '2022-08-27 16:17:33', b'1'),
(213, 30, '2023-01-09', 9, '1116.70', '2022-08-27 16:17:33', b'1'),
(214, 30, '2023-01-24', 10, '1116.70', '2022-08-27 16:17:33', b'1'),
(215, 30, '2023-02-08', 11, '1116.70', '2022-08-27 16:17:33', b'1'),
(216, 30, '2023-02-23', 12, '1116.70', '2022-08-27 16:17:33', b'1'),
(217, 30, '2023-03-10', 13, '1116.70', '2022-08-27 16:17:33', b'1'),
(218, 30, '2023-03-25', 14, '1116.70', '2022-08-27 16:17:33', b'1'),
(219, 30, '2023-04-11', 15, '1116.70', '2022-08-27 16:17:33', b'1'),
(220, 30, '2023-04-24', 16, '1116.70', '2022-08-27 16:17:33', b'1'),
(221, 30, '2023-05-09', 17, '1116.70', '2022-08-27 16:17:33', b'1'),
(222, 30, '2023-05-24', 18, '1116.70', '2022-08-27 16:17:33', b'1'),
(223, 30, '2023-06-08', 19, '1116.70', '2022-08-27 16:17:33', b'1'),
(224, 30, '2023-06-23', 20, '1116.70', '2022-08-27 16:17:33', b'1'),
(225, 30, '2023-07-08', 21, '1116.70', '2022-08-27 16:17:34', b'1'),
(226, 30, '2023-07-25', 22, '1116.70', '2022-08-27 16:17:34', b'1'),
(227, 30, '2023-08-07', 23, '1116.70', '2022-08-27 16:17:34', b'1'),
(228, 30, '2023-08-22', 24, '1116.70', '2022-08-27 16:17:34', b'1'),
(229, 31, '2022-09-13', 1, '4541.70', '2022-08-27 18:06:38', b'0'),
(230, 31, '2022-09-26', 2, '4541.70', '2022-08-27 18:06:38', b'0'),
(231, 31, '2022-10-11', 3, '4541.70', '2022-08-27 18:06:38', b'0'),
(232, 31, '2022-10-26', 4, '4541.70', '2022-08-27 18:06:38', b'0'),
(233, 31, '2022-11-10', 5, '4541.70', '2022-08-27 18:06:38', b'0'),
(234, 31, '2022-11-25', 6, '4541.70', '2022-08-27 18:06:38', b'0'),
(235, 31, '2022-12-10', 7, '4541.70', '2022-08-27 18:06:38', b'0'),
(236, 31, '2022-12-27', 8, '4541.70', '2022-08-27 18:06:38', b'0'),
(237, 31, '2023-01-09', 9, '4541.70', '2022-08-27 18:06:38', b'0'),
(238, 31, '2023-01-24', 10, '4541.70', '2022-08-27 18:06:39', b'0'),
(239, 31, '2023-02-08', 11, '4541.70', '2022-08-27 18:06:39', b'0'),
(240, 31, '2023-02-23', 12, '4541.70', '2022-08-27 18:06:39', b'0'),
(241, 31, '2023-03-10', 13, '4541.70', '2022-08-27 18:06:39', b'0'),
(242, 31, '2023-03-25', 14, '4541.70', '2022-08-27 18:06:39', b'0'),
(243, 31, '2023-04-11', 15, '4541.70', '2022-08-27 18:06:39', b'0'),
(244, 31, '2023-04-24', 16, '4541.70', '2022-08-27 18:06:39', b'0'),
(245, 31, '2023-05-09', 17, '4541.70', '2022-08-27 18:06:39', b'0'),
(246, 31, '2023-05-24', 18, '4541.70', '2022-08-27 18:06:39', b'0'),
(247, 31, '2023-06-08', 19, '4541.70', '2022-08-27 18:06:39', b'0'),
(248, 31, '2023-06-23', 20, '4541.70', '2022-08-27 18:06:39', b'0'),
(249, 31, '2023-07-08', 21, '4541.70', '2022-08-27 18:06:39', b'0'),
(250, 31, '2023-07-25', 22, '4541.70', '2022-08-27 18:06:39', b'0'),
(251, 31, '2023-08-07', 23, '4541.70', '2022-08-27 18:06:39', b'0'),
(252, 31, '2023-08-22', 24, '4541.70', '2022-08-27 18:06:39', b'0'),
(253, 31, '2023-09-06', 25, '4541.70', '2022-08-27 18:06:39', b'0'),
(254, 31, '2023-09-21', 26, '4541.70', '2022-08-27 18:06:40', b'0'),
(255, 31, '2023-10-06', 27, '4541.70', '2022-08-27 18:06:40', b'0'),
(256, 31, '2023-10-21', 28, '4541.70', '2022-08-27 18:06:40', b'0'),
(257, 31, '2023-11-07', 29, '4541.70', '2022-08-27 18:06:40', b'0'),
(258, 31, '2023-11-20', 30, '4541.70', '2022-08-27 18:06:40', b'0'),
(259, 31, '2023-12-05', 31, '4541.70', '2022-08-27 18:06:40', b'0'),
(260, 31, '2023-12-20', 32, '4541.70', '2022-08-27 18:06:40', b'0'),
(261, 31, '2024-01-04', 33, '4541.70', '2022-08-27 18:06:40', b'0'),
(262, 31, '2024-01-19', 34, '4541.70', '2022-08-27 18:06:40', b'0'),
(263, 31, '2024-02-03', 35, '4541.70', '2022-08-27 18:06:40', b'0'),
(264, 31, '2024-02-20', 36, '4541.70', '2022-08-27 18:06:40', b'0'),
(265, 31, '2024-03-04', 37, '4541.70', '2022-08-27 18:06:40', b'0'),
(266, 31, '2024-03-19', 38, '4541.70', '2022-08-27 18:06:40', b'0'),
(267, 31, '2024-04-03', 39, '4541.70', '2022-08-27 18:06:40', b'0'),
(268, 31, '2024-04-18', 40, '4541.70', '2022-08-27 18:06:40', b'0'),
(269, 31, '2024-05-03', 41, '4541.70', '2022-08-27 18:06:40', b'0'),
(270, 31, '2024-05-18', 42, '4541.70', '2022-08-27 18:06:41', b'0'),
(271, 31, '2024-06-04', 43, '4541.70', '2022-08-27 18:06:41', b'0'),
(272, 31, '2024-06-17', 44, '4541.70', '2022-08-27 18:06:41', b'0'),
(273, 31, '2024-07-02', 45, '4541.70', '2022-08-27 18:06:41', b'0'),
(274, 31, '2024-07-17', 46, '4541.70', '2022-08-27 18:06:41', b'0'),
(275, 31, '2024-08-01', 47, '4541.70', '2022-08-27 18:06:41', b'0'),
(276, 31, '2024-08-16', 48, '4541.70', '2022-08-27 18:06:41', b'0'),
(277, 32, '2022-09-13', 1, '32.00', '2022-08-27 18:07:17', b'0'),
(278, 32, '2022-09-26', 2, '32.00', '2022-08-27 18:07:17', b'0'),
(279, 32, '2022-10-11', 3, '32.00', '2022-08-27 18:07:17', b'0'),
(280, 32, '2022-10-26', 4, '32.00', '2022-08-27 18:07:18', b'0'),
(281, 33, '2022-09-27', 1, '1950.00', '2022-08-27 17:07:56', b'1'),
(282, 33, '2022-10-27', 2, '1950.00', '2022-08-27 17:07:56', b'1'),
(283, 33, '2022-11-29', 3, '1950.00', '2022-08-27 17:07:56', b'1'),
(284, 33, '2022-12-27', 4, '1950.00', '2022-08-27 17:07:56', b'1'),
(285, 34, '2022-09-13', 1, '707.10', '2022-08-27 18:03:26', b'1'),
(286, 34, '2022-09-26', 2, '707.10', '2022-08-27 18:03:26', b'1'),
(287, 34, '2022-10-11', 3, '707.10', '2022-08-27 18:03:26', b'1'),
(288, 34, '2022-10-26', 4, '707.10', '2022-08-27 18:03:26', b'1'),
(289, 34, '2022-11-10', 5, '707.10', '2022-08-27 18:03:27', b'1'),
(290, 34, '2022-11-25', 6, '707.10', '2022-08-27 18:03:27', b'1'),
(291, 34, '2022-12-10', 7, '707.10', '2022-08-27 18:03:27', b'1'),
(292, 34, '2022-12-27', 8, '707.10', '2022-08-27 18:03:27', b'1'),
(293, 34, '2023-01-09', 9, '707.10', '2022-08-27 18:03:27', b'1'),
(294, 34, '2023-01-24', 10, '707.10', '2022-08-27 18:03:27', b'1'),
(295, 34, '2023-02-08', 11, '707.10', '2022-08-27 18:03:27', b'1'),
(296, 34, '2023-02-23', 12, '707.10', '2022-08-27 18:03:27', b'1'),
(297, 34, '2023-03-10', 13, '707.10', '2022-08-27 18:03:27', b'1'),
(298, 34, '2023-03-25', 14, '707.10', '2022-08-27 18:03:27', b'1'),
(299, 35, '2022-09-13', 1, '707.10', '2022-08-27 18:05:27', b'1'),
(300, 35, '2022-09-26', 2, '707.10', '2022-08-27 18:05:27', b'1'),
(301, 35, '2022-10-11', 3, '707.10', '2022-08-27 18:05:27', b'1'),
(302, 35, '2022-10-26', 4, '707.10', '2022-08-27 18:05:27', b'1'),
(303, 35, '2022-11-10', 5, '707.10', '2022-08-27 18:05:27', b'1'),
(304, 35, '2022-11-25', 6, '707.10', '2022-08-27 18:05:27', b'1'),
(305, 35, '2022-12-10', 7, '707.10', '2022-08-27 18:05:27', b'1'),
(306, 35, '2022-12-27', 8, '707.10', '2022-08-27 18:05:27', b'1'),
(307, 35, '2023-01-09', 9, '707.10', '2022-08-27 18:05:27', b'1'),
(308, 35, '2023-01-24', 10, '707.10', '2022-08-27 18:05:28', b'1'),
(309, 35, '2023-02-08', 11, '707.10', '2022-08-27 18:05:28', b'1'),
(310, 35, '2023-02-23', 12, '707.10', '2022-08-27 18:05:28', b'1'),
(311, 35, '2023-03-10', 13, '707.10', '2022-08-27 18:05:28', b'1'),
(312, 35, '2023-03-25', 14, '707.10', '2022-08-27 18:05:28', b'1'),
(313, 36, '2022-09-13', 1, '285.00', '2022-08-27 18:10:57', b'1'),
(314, 36, '2022-09-26', 2, '285.00', '2022-08-27 18:10:57', b'1'),
(315, 37, '2022-09-13', 1, '5700.00', '2022-08-27 18:19:11', b'1'),
(316, 37, '2022-09-26', 2, '5700.00', '2022-08-27 18:19:11', b'1'),
(317, 38, '2022-09-13', 1, '2280.00', '2022-08-27 18:30:54', b'1'),
(318, 38, '2022-09-26', 2, '2280.00', '2022-08-27 18:30:55', b'1'),
(319, 39, '2022-09-13', 1, '1600.00', '2022-08-27 19:25:22', b'1'),
(320, 39, '2022-09-26', 2, '1600.00', '2022-08-27 19:25:22', b'1'),
(321, 39, '2022-10-11', 3, '1600.00', '2022-08-27 19:25:22', b'1'),
(322, 39, '2022-10-26', 4, '1600.00', '2022-08-27 19:25:22', b'1');

-- --------------------------------------------------------

--
-- Estructura de tabla para la tabla `micropayments`
--

CREATE TABLE `micropayments` (
  `id` bigint(20) NOT NULL,
  `loan_item_id` int(11) DEFAULT NULL,
  `mount` decimal(25,2) DEFAULT NULL,
  `pay_date` timestamp NULL DEFAULT NULL
) ENGINE=InnoDB DEFAULT CHARSET=utf8mb4;

-- --------------------------------------------------------

--
-- Estructura de tabla para la tabla `users`
--

CREATE TABLE `users` (
  `id` int(11) NOT NULL,
  `first_name` varchar(150) COLLATE utf8_spanish_ci NOT NULL,
  `last_name` varchar(200) COLLATE utf8_spanish_ci NOT NULL,
  `email` varchar(150) COLLATE utf8_spanish_ci NOT NULL,
  `password` varchar(250) COLLATE utf8_spanish_ci NOT NULL
) ENGINE=InnoDB DEFAULT CHARSET=utf8 COLLATE=utf8_spanish_ci;

--
-- Volcado de datos para la tabla `users`
--

INSERT INTO `users` (`id`, `first_name`, `last_name`, `email`, `password`) VALUES
(1, 'Fulano', 'Fulanes Dábalos', 'admin@gmail.com', 'ad57cb3de9c53c1fc7de94665f6f1db2dfbcaaf73063769fed0b3011466eba602c2f423c4725c6dfacdc2973a518a18e0784e848ca3aabd7cadfd140df1df447'),
(2, 'GERARDO', 'GOMEZ', 'adminuser@gmail.com', 'ad57cb3de9c53c1fc7de94665f6f1db2dfbcaaf73063769fed0b3011466eba602c2f423c4725c6dfacdc2973a518a18e0784e848ca3aabd7cadfd140df1df447'),
(3, 'FERNANDO', 'QUEQUES', 'user@gmail.com', 'ad57cb3de9c53c1fc7de94665f6f1db2dfbcaaf73063769fed0b3011466eba602c2f423c4725c6dfacdc2973a518a18e0784e848ca3aabd7cadfd140df1df447');

--
-- Índices para tablas volcadas
--

--
-- Indices de la tabla `coins`
--
ALTER TABLE `coins`
  ADD PRIMARY KEY (`id`);

--
-- Indices de la tabla `customers`
--
ALTER TABLE `customers`
  ADD PRIMARY KEY (`id`),
  ADD UNIQUE KEY `dni` (`dni`),
  ADD KEY `FK_customers_users` (`user_id`);

--
-- Indices de la tabla `guarantors`
--
ALTER TABLE `guarantors`
  ADD PRIMARY KEY (`id`) USING BTREE,
  ADD KEY `FK_guarantors_customers` (`customer_id`),
  ADD KEY `FK_guarantors_loans` (`loan_id`);

--
-- Indices de la tabla `loans`
--
ALTER TABLE `loans`
  ADD PRIMARY KEY (`id`),
  ADD KEY `customer_id` (`customer_id`),
  ADD KEY `coin_id` (`coin_id`);

--
-- Indices de la tabla `loan_items`
--
ALTER TABLE `loan_items`
  ADD PRIMARY KEY (`id`),
  ADD KEY `loan_id` (`loan_id`);

--
-- Indices de la tabla `micropayments`
--
ALTER TABLE `micropayments`
  ADD KEY `id` (`id`),
  ADD KEY `FK__loan_items` (`loan_item_id`);

--
-- Indices de la tabla `users`
--
ALTER TABLE `users`
  ADD PRIMARY KEY (`id`);

--
-- AUTO_INCREMENT de las tablas volcadas
--

--
-- AUTO_INCREMENT de la tabla `coins`
--
ALTER TABLE `coins`
  MODIFY `id` int(11) NOT NULL AUTO_INCREMENT, AUTO_INCREMENT=4;

--
-- AUTO_INCREMENT de la tabla `customers`
--
ALTER TABLE `customers`
  MODIFY `id` int(11) NOT NULL AUTO_INCREMENT, AUTO_INCREMENT=22;

--
-- AUTO_INCREMENT de la tabla `guarantors`
--
ALTER TABLE `guarantors`
  MODIFY `id` bigint(20) NOT NULL AUTO_INCREMENT, AUTO_INCREMENT=14;

--
-- AUTO_INCREMENT de la tabla `loans`
--
ALTER TABLE `loans`
  MODIFY `id` int(11) NOT NULL AUTO_INCREMENT, AUTO_INCREMENT=40;

--
-- AUTO_INCREMENT de la tabla `loan_items`
--
ALTER TABLE `loan_items`
  MODIFY `id` int(11) NOT NULL AUTO_INCREMENT, AUTO_INCREMENT=323;

--
-- AUTO_INCREMENT de la tabla `micropayments`
--
ALTER TABLE `micropayments`
  MODIFY `id` bigint(20) NOT NULL AUTO_INCREMENT;

--
-- AUTO_INCREMENT de la tabla `users`
--
ALTER TABLE `users`
  MODIFY `id` int(11) NOT NULL AUTO_INCREMENT, AUTO_INCREMENT=4;

--
-- Restricciones para tablas volcadas
--

--
-- Filtros para la tabla `customers`
--
ALTER TABLE `customers`
  ADD CONSTRAINT `FK_customers_users` FOREIGN KEY (`user_id`) REFERENCES `users` (`id`) ON DELETE CASCADE ON UPDATE CASCADE;

--
-- Filtros para la tabla `guarantors`
--
ALTER TABLE `guarantors`
  ADD CONSTRAINT `FK_guarantors_customers` FOREIGN KEY (`customer_id`) REFERENCES `customers` (`id`) ON DELETE CASCADE ON UPDATE CASCADE,
  ADD CONSTRAINT `FK_guarantors_loans` FOREIGN KEY (`loan_id`) REFERENCES `loans` (`id`) ON DELETE CASCADE ON UPDATE CASCADE;

--
-- Filtros para la tabla `loans`
--
ALTER TABLE `loans`
  ADD CONSTRAINT `loans_ibfk_1` FOREIGN KEY (`customer_id`) REFERENCES `customers` (`id`) ON DELETE CASCADE ON UPDATE CASCADE,
  ADD CONSTRAINT `loans_ibfk_2` FOREIGN KEY (`coin_id`) REFERENCES `coins` (`id`) ON DELETE CASCADE ON UPDATE CASCADE;

--
-- Filtros para la tabla `loan_items`
--
ALTER TABLE `loan_items`
  ADD CONSTRAINT `loan_items_ibfk_1` FOREIGN KEY (`loan_id`) REFERENCES `loans` (`id`) ON DELETE CASCADE ON UPDATE CASCADE;

--
-- Filtros para la tabla `micropayments`
--
ALTER TABLE `micropayments`
  ADD CONSTRAINT `FK__loan_items` FOREIGN KEY (`loan_item_id`) REFERENCES `loan_items` (`id`) ON DELETE CASCADE ON UPDATE CASCADE;
COMMIT;

/*!40101 SET CHARACTER_SET_CLIENT=@OLD_CHARACTER_SET_CLIENT */;
/*!40101 SET CHARACTER_SET_RESULTS=@OLD_CHARACTER_SET_RESULTS */;
/*!40101 SET COLLATION_CONNECTION=@OLD_COLLATION_CONNECTION */;
